method,episode,task,aligned_targets,mse,mae,arm_mse,gripper_mse,gripper_sign_accuracy
frozen_act,64,3,7950,0.20433564112008262,0.22363032250822126,0.07508089332710943,0.9798641278779218,0.6711949685534592
frozen_act,71,9,11350,0.1495412519136158,0.17071447470988943,0.043233371116931,0.7873885366937246,0.760352422907489
frozen_act,73,0,7850,0.2087990629279974,0.21796350332500083,0.05055101596136478,1.1582873447277928,0.6351592356687898
frozen_act,77,7,12750,0.18235184638082358,0.21577770428075285,0.0615736195921687,0.9070212071127528,0.7170196078431372
frozen_act,80,4,9350,0.21736505727196986,0.23373251063773562,0.06269890115817488,1.1453619939547397,0.6216042780748663
frozen_act,97,8,9050,0.13980267747368316,0.17865859470768092,0.04230795762841998,0.7247709965452623,0.7607734806629834
frozen_act,99,6,8350,0.13657386230485508,0.1833435649675597,0.048102175923504,0.6674039805929617,0.7645508982035928
frozen_act,105,5,8850,0.14465282562659504,0.1949700988480012,0.047253715249240776,0.7290474878907208,0.7493785310734463
frozen_act,108,1,11050,0.18990636423458981,0.20641742451356723,0.051078012356933586,1.0228764755005268,0.6782805429864254
frozen_act,112,2,11350,0.22516454320092033,0.2369401210974263,0.06933020079346827,1.160170597645633,0.6588546255506608
frozen_act,154,7,9950,0.13786741298441843,0.1725263388968161,0.04366862166366091,0.7030601609089633,0.7683417085427136
frozen_act,165,9,10050,0.16395082179896292,0.1877642182846949,0.04912332843004067,0.8529157820124962,0.7400995024875622
frozen_act,166,3,7950,0.2139321315865954,0.22548602280473384,0.06496829365129132,1.1077151591984196,0.6415094339622641
frozen_act,180,6,8950,0.15272872580608643,0.19140012063028244,0.04769806290082528,0.7829127032376533,0.7540782122905028
frozen_act,186,5,9150,0.1451459600855359,0.18461795209323828,0.044688552875015254,0.7478904033486596,0.747103825136612
frozen_act,188,1,10750,0.16777649603926145,0.1902553408383384,0.04302168312348675,0.9163053735339097,0.6914418604651162
frozen_act,204,4,12650,0.18019512114177777,0.2096616205760063,0.05841376970404057,0.9108832297682011,0.7079841897233201
frozen_act,208,2,8350,0.17080954106611201,0.20198874533718564,0.05492665730333153,0.8661068436427952,0.7408383233532934
frozen_act,239,0,7650,0.17040743240147796,0.21283060536733228,0.06570648063471998,0.7986131430020257,0.7482352941176471
frozen_act,261,9,11850,0.16319519800824636,0.17996745584783835,0.04701165037938221,0.8602964837814312,0.7347679324894515
frozen_act,263,8,8350,0.17416387121437168,0.21603492787835796,0.056856785306977096,0.8780063866587391,0.717125748502994
frozen_act,264,6,16650,0.2577810638548236,0.2541821045542937,0.0716006237368328,1.3748637045627679,0.5917717717717718
frozen_act,272,2,7050,0.1720705281105684,0.19085837305715947,0.04103436980028579,0.958287477972264,0.7058156028368794
frozen_act,275,1,10050,0.19388032133259003,0.211272940998633,0.05858672141855794,1.0056419208167828,0.6764179104477612
frozen_act,278,5,8150,0.12215969100291488,0.1670522720650939,0.03876311858186521,0.6225391255292129,0.7737423312883436
frozen_act,281,7,10350,0.10605220984556672,0.15454180752622876,0.04628766775375212,0.4646394623964545,0.847536231884058
frozen_act,282,3,8650,0.16748454907795837,0.19203639955367238,0.04363985045152589,0.9105527408365531,0.7098265895953757
frozen_act,315,0,7050,0.13578805396861648,0.1805539173551098,0.05151534718182259,0.6414242946893799,0.780709219858156
frozen_act,336,4,13950,0.23102466088222517,0.23841069432471604,0.06499030245706434,1.22723081143319,0.62
frozen_act,349,1,9250,0.1899273373850351,0.20614403616453783,0.06159985821519041,0.9598922124041032,0.684972972972973
frozen_act,361,9,9950,0.17869250979032394,0.19832433977711136,0.05026396541773902,0.9492637760258336,0.7184924623115578
frozen_act,363,6,7350,0.14518698992409154,0.18853837321289074,0.04569847941536412,0.7421180529764558,0.7466666666666667
frozen_act,370,0,15150,0.2775916065190902,0.2595876082295493,0.07309191185154348,1.50458977452437,0.5664686468646865
frozen_act,372,5,11150,0.20062820893306826,0.2255861286891157,0.056332033148874916,1.0664052636382284,0.6560538116591929
frozen_act,373,8,12550,0.21554231524388637,0.23186593557933177,0.0596284433674243,1.1510255465026586,0.6313147410358566
frozen_act,378,7,11250,0.11675640952206272,0.15717274438279297,0.035549189161140846,0.6039997316875939,0.8120888888888889
frozen_act,395,2,8950,0.16541040640394103,0.19235731430505498,0.046297756664454036,0.8800863048408631,0.724804469273743
frozen_act,418,4,10150,0.20513173225015505,0.2229149697281297,0.06032916401554165,1.0739471416578354,0.6617733990147783
frozen_act,419,3,12750,0.17904639523684768,0.2039400195111299,0.05436966863103908,0.927106754871699,0.715843137254902
frozen_act,446,8,7050,0.18550181295477203,0.23063083012734106,0.06243317353943505,0.9239136494467937,0.6862411347517731
frozen_act,452,9,10350,0.1510540069776066,0.1815387390174585,0.04456494407797488,0.7899883843753971,0.7523671497584541
clip,64,3,7950,0.20381326565283975,0.22301498460214897,0.07508089332710943,0.9762074996072212,0.6711949685534592
clip,71,9,11350,0.1482177680055472,0.1693050458400142,0.043233371116931,0.7781241493372445,0.760352422907489
clip,73,0,7850,0.2080487432115673,0.21694748129840777,0.05055101596136478,1.1530351067127826,0.6351592356687898
clip,77,7,12750,0.181003482777729,0.2143047964170077,0.0615736195921687,0.8975826618910907,0.7170196078431372
clip,80,4,9350,0.21663018853659147,0.23321877700959157,0.06269890115817488,1.140217912807091,0.6216042780748663
clip,97,8,9050,0.13930704765188814,0.1774205451124736,0.04230795762841998,0.7213015877926974,0.7607734806629834
clip,99,6,8350,0.13636508793288005,0.18228597366795285,0.048102175923504,0.6659425599891361,0.7645508982035928
clip,105,5,8850,0.1445388864969266,0.1947261667728702,0.047253715249240776,0.7282499139830413,0.7493785310734463
clip,108,1,11050,0.1892290833046951,0.2055021638657337,0.051078012356933586,1.018135508991264,0.6782805429864254
clip,112,2,11350,0.22288106937947938,0.23565189367012795,0.06933020079346827,1.1441862808955463,0.6588546255506608
clip,154,7,9950,0.13737929852039926,0.17106201538539806,0.04366836724002113,0.6996448862026683,0.7683417085427136
clip,165,9,10050,0.163118168119673,0.18676446011738737,0.04912320886160858,0.8470879236680596,0.7400995024875622
clip,166,3,7950,0.21364640418564634,0.22490363645200284,0.06496829365129132,1.1057150673917764,0.6415094339622641
clip,180,6,8950,0.1523069339881301,0.19061819323800328,0.04769806290082528,0.7799601605119592,0.7540782122905028
clip,186,5,9150,0.1450390166757408,0.18404837878463753,0.044688552875015254,0.747141799480094,0.747103825136612
clip,188,1,10750,0.16742109895807952,0.18964570923024351,0.04302168312348675,0.9138175939656361,0.6914418604651162
clip,204,4,12650,0.1795104503366329,0.20893574836093132,0.05841376970404057,0.906090534132187,0.7079841897233201
clip,208,2,8350,0.17025874494066884,0.20133168766477805,0.05492665730333153,0.8622512707646925,0.7408383233532934
clip,239,0,7650,0.16992754916776587,0.2120004819828726,0.06570648063471998,0.7952539603660413,0.7482352941176471
clip,261,9,11850,0.16202046170270368,0.17836231233814542,0.04701165037938221,0.8520733296426325,0.7347679324894515
clip,263,8,8350,0.17321827161704595,0.21506812799304295,0.056856785306977096,0.871387189477459,0.717125748502994
clip,264,6,16650,0.25452677934003526,0.25234252979220545,0.0716006237368328,1.3520837129592496,0.5917717717717718
clip,272,2,7050,0.17186846020285323,0.1904230345730418,0.04103436980028579,0.9568730026182578,0.7058156028368794
clip,275,1,10050,0.19302685472724734,0.21026256325773915,0.05858672141855794,0.999667654579384,0.6764179104477612
clip,278,5,8150,0.12210205005113928,0.1665637513099446,0.03876311858186521,0.6221356388667837,0.7737423312883436
clip,281,7,10350,0.10580788119304352,0.15292089415000307,0.046287580343687774,0.4629296862891779,0.847536231884058
clip,282,3,8650,0.16714778501032454,0.1915065692258627,0.04363985045152589,0.9081953923631164,0.7098265895953757
clip,315,0,7050,0.13562152978468137,0.17954828283274424,0.05151534718182259,0.6402586254018342,0.780709219858156
clip,336,4,13950,0.22941055464636848,0.2375112689111478,0.06499030245706434,1.2159320677821932,0.62
clip,349,1,9250,0.18958451630966094,0.20526287524987005,0.06159985821519041,0.9574924648764843,0.684972972972973
clip,361,9,9950,0.17764521581464723,0.19707645562304835,0.05026396541773902,0.9419327181960965,0.7184924623115578
clip,363,6,7350,0.14497790425774956,0.1875463243997502,0.04569847941536412,0.7406544533120623,0.7466666666666667
clip,370,0,15150,0.27516394179305753,0.2582855171580099,0.07309191185154348,1.4875961214421416,0.5664686468646865
clip,372,5,11150,0.20014425494889862,0.22525134455525836,0.056332033148874916,1.0630175857490407,0.6560538116591929
clip,373,8,12550,0.21434372917247746,0.23086666760687302,0.0596284433674243,1.1426354440027962,0.6313147410358566
clip,378,7,11250,0.11624247001857221,0.15590471674264705,0.035549189161140846,0.6004021551631603,0.8120888888888889
clip,395,2,8950,0.16508511560405065,0.19190489149476916,0.046297756664454036,0.8778092692416302,0.724804469273743
clip,418,4,10150,0.20414025788479392,0.22223754066045223,0.06032916401554165,1.0670068211003076,0.6617733990147783
clip,419,3,12750,0.1782292416680007,0.20287159860810833,0.05436966863103908,0.9213866798897704,0.715843137254902
clip,446,8,7050,0.18516096672046517,0.23006464218131523,0.06243317353943505,0.9215277258066457,0.6862411347517731
clip,452,9,10350,0.15048883194558915,0.18080904482212512,0.04456494407797488,0.7860321591512748,0.7523671497584541
support_quantile_clip,64,3,7950,0.20381326565283975,0.22301498460214897,0.07508089332710943,0.9762074996072212,0.6711949685534592
support_quantile_clip,71,9,11350,0.14821772758721405,0.16930329992056514,0.04323332396220895,0.7781241493372445,0.760352422907489
support_quantile_clip,73,0,7850,0.2080487432115673,0.21694748129840777,0.05055101596136478,1.1530351067127826,0.6351592356687898
support_quantile_clip,77,7,12750,0.181003482777729,0.2143047964170077,0.0615736195921687,0.8975826618910907,0.7170196078431372
support_quantile_clip,80,4,9350,0.21663018853659147,0.23321877700959157,0.06269890115817488,1.140217912807091,0.6216042780748663
support_quantile_clip,97,8,9050,0.13930702681587714,0.1774205171975532,0.04230793331974048,0.7213015877926974,0.7607734806629834
support_quantile_clip,99,6,8350,0.13636508793288005,0.18228597366795285,0.048102175923504,0.6659425599891361,0.7645508982035928
support_quantile_clip,105,5,8850,0.1445388864969266,0.1947261667728702,0.047253715249240776,0.7282499139830413,0.7493785310734463
support_quantile_clip,108,1,11050,0.1892290833046951,0.2055021638657337,0.051078012356933586,1.018135508991264,0.6782805429864254
support_quantile_clip,112,2,11350,0.22288106937947938,0.23565189367012795,0.06933020079346827,1.1441862808955463,0.6588546255506608
support_quantile_clip,154,7,9950,0.13737796973757488,0.17103847913115605,0.04366681699339266,0.6996448862026683,0.7683417085427136
support_quantile_clip,165,9,10050,0.16311619220765627,0.18674428739686255,0.04912090363092239,0.8470879236680596,0.7400995024875622
support_quantile_clip,166,3,7950,0.21364640418564634,0.22490363645200284,0.06496829365129132,1.1057150673917764,0.6415094339622641
support_quantile_clip,180,6,8950,0.1523069339881301,0.19061819323800328,0.04769806290082528,0.7799601605119592,0.7540782122905028
support_quantile_clip,186,5,9150,0.1450389087632077,0.18404818291288683,0.04468842697706001,0.747141799480094,0.747103825136612
support_quantile_clip,188,1,10750,0.16742109895807952,0.18964570923024351,0.04302168312348675,0.9138175939656361,0.6914418604651162
support_quantile_clip,204,4,12650,0.1795104503366329,0.20893574836093132,0.05841376970404057,0.906090534132187,0.7079841897233201
support_quantile_clip,208,2,8350,0.1702587449371163,0.20133167986875564,0.05492665729918698,0.8622512707646925,0.7408383233532934
support_quantile_clip,239,0,7650,0.16992735289841493,0.2120002330068695,0.06570625165381057,0.7952539603660413,0.7482352941176471
support_quantile_clip,261,9,11850,0.16201887812292684,0.17835942470544086,0.04700980286964256,0.8520733296426325,0.7347679324894515
support_quantile_clip,263,8,8350,0.17321799212455555,0.2150677880885058,0.05685645923240493,0.871387189477459,0.717125748502994
support_quantile_clip,264,6,16650,0.25452677934003526,0.25234252979220545,0.0716006237368328,1.3520837129592496,0.5917717717717718
support_quantile_clip,272,2,7050,0.17186846020285323,0.1904230345730418,0.04103436980028579,0.9568730026182578,0.7058156028368794
support_quantile_clip,275,1,10050,0.19302685472724734,0.21026256325773915,0.05858672141855794,0.999667654579384,0.6764179104477612
support_quantile_clip,278,5,8150,0.12210205005113928,0.1665637513099446,0.03876311858186521,0.6221356388667837,0.7737423312883436
support_quantile_clip,281,7,10350,0.10580535100855883,0.15289451748795607,0.046284628461788956,0.4629296862891779,0.847536231884058
support_quantile_clip,282,3,8650,0.16714778501032454,0.1915065692258627,0.04363985045152589,0.9081953923631164,0.7098265895953757
support_quantile_clip,315,0,7050,0.13562152978468137,0.17954828283274424,0.05151534718182259,0.6402586254018342,0.780709219858156
support_quantile_clip,336,4,13950,0.22941038993478924,0.23750985613457287,0.06499011029355523,1.2159320677821932,0.62
support_quantile_clip,349,1,9250,0.18958451630966094,0.20526287524987005,0.06159985821519041,0.9574924648764843,0.684972972972973
support_quantile_clip,361,9,9950,0.17764521579929438,0.1970764407762288,0.0502639653998274,0.9419327181960965,0.7184924623115578
support_quantile_clip,363,6,7350,0.14497790425774956,0.1875463243997502,0.04569847941536412,0.7406544533120623,0.7466666666666667
support_quantile_clip,370,0,15150,0.2751634550704531,0.2582849064102072,0.07309134400850499,1.4875961214421416,0.5664686468646865
support_quantile_clip,372,5,11150,0.20014425494889862,0.22525134455525836,0.056332033148874916,1.0630175857490407,0.6560538116591929
support_quantile_clip,373,8,12550,0.21434011733849814,0.230862443766635,0.05962422956111516,1.1426354440027962,0.6313147410358566
support_quantile_clip,378,7,11250,0.11624247001857221,0.15590471674264705,0.035549189161140846,0.6004021551631603,0.8120888888888889
support_quantile_clip,395,2,8950,0.16508511560405065,0.19190489149476916,0.046297756664454036,0.8778092692416302,0.724804469273743
support_quantile_clip,418,4,10150,0.20414025788479392,0.22223754066045223,0.06032916401554165,1.0670068211003076,0.6617733990147783
support_quantile_clip,419,3,12750,0.1782292416680007,0.20287159860810833,0.05436966863103908,0.9213866798897704,0.715843137254902
support_quantile_clip,446,8,7050,0.18515251930975535,0.23005398619577963,0.06242331822694022,0.9215277258066457,0.6862411347517731
support_quantile_clip,452,9,10350,0.15048866876848865,0.1808034048743234,0.04456475370469094,0.7860321591512748,0.7523671497584541
previous_blend_0.25,64,3,7950,0.20462401799023025,0.22358772378727637,0.0743327416631411,0.9863716759527651,0.669308176100629
previous_blend_0.25,71,9,11350,0.14554563590695524,0.1687867769380129,0.04210984757423914,0.7661603659032518,0.7645814977973568
previous_blend_0.25,73,0,7850,0.20899275560949784,0.21784015067390736,0.050101632326860435,1.162339495305322,0.6337579617834395
previous_blend_0.25,77,7,12750,0.17921925895189939,0.21427198660151178,0.0608390481424148,0.8895005238088068,0.7189019607843137
previous_blend_0.25,80,4,9350,0.2165995002958021,0.23340363578677928,0.06286697260697278,1.1389946664287778,0.6227807486631016
previous_blend_0.25,97,8,9050,0.13765198551258379,0.17776235574745497,0.04177853548556985,0.7128926856746673,0.7628729281767955
previous_blend_0.25,99,6,8350,0.1357658862111256,0.18310157516468276,0.04841381127461928,0.6598783358301635,0.7655089820359281
previous_blend_0.25,105,5,8850,0.1432172433804212,0.19375169439780568,0.04640261135280943,0.7241050355460915,0.7499435028248588
previous_blend_0.25,108,1,11050,0.18956321358838563,0.20665701529792832,0.05119381285535063,1.0197796179865954,0.6768325791855203
previous_blend_0.25,112,2,11350,0.22425743909149282,0.23640463835734737,0.06874621366627624,1.1573247916427924,0.658237885462555
previous_blend_0.25,154,7,9950,0.13602931105212593,0.1718882926389326,0.04299129996026283,0.6942573776033045,0.771859296482412
previous_blend_0.25,165,9,10050,0.16179809198860975,0.18667881123057797,0.0485032521642766,0.8415671309346083,0.7443781094527363
previous_blend_0.25,166,3,7950,0.2148319793773122,0.22568119615318796,0.06436451452570721,1.1176367684869422,0.6384905660377358
previous_blend_0.25,180,6,8950,0.15077674948529307,0.189844498709482,0.046615203831431765,0.7757460234084608,0.7535195530726257
previous_blend_0.25,186,5,9150,0.14341709536484268,0.18341766180459318,0.043831889749427234,0.7409283290573352,0.7492896174863388
previous_blend_0.25,188,1,10750,0.16733448341329552,0.19009076644091494,0.042678548697413964,0.9152700917085845,0.689953488372093
previous_blend_0.25,204,4,12650,0.1802195561333917,0.21010486148048538,0.05881423981483476,0.9086514540447334,0.7065612648221344
previous_blend_0.25,208,2,8350,0.17070283803427397,0.20237323813923408,0.05413000553964735,0.8701398330020337,0.7388023952095808
previous_blend_0.25,239,0,7650,0.17013406034407855,0.21297291795964124,0.06598077217422736,0.7950537893631856,0.7503267973856209
previous_blend_0.25,261,9,11850,0.15799273426114593,0.1770656799396706,0.045461200336456085,0.8331819378092848,0.7416033755274262
previous_blend_0.25,263,8,8350,0.16976798819148028,0.21445396654289967,0.057088993655331426,0.8458419554083731,0.7246706586826347
previous_blend_0.25,264,6,16650,0.25301043700487497,0.2517784671870357,0.07126819340890174,1.3434638985807144,0.5978378378378378
previous_blend_0.25,272,2,7050,0.1711070338536621,0.1905056932892263,0.04009650987471163,0.9571701777273649,0.7065248226950355
previous_blend_0.25,275,1,10050,0.19262991083145573,0.21094474524132478,0.0582726035897435,0.9987737542817289,0.6762189054726369
previous_blend_0.25,278,5,8150,0.12246984176169323,0.1681673711897292,0.039414405624992786,0.6208024585818959,0.7733742331288344
previous_blend_0.25,281,7,10350,0.10444744572593298,0.15424269852929223,0.04551126028060027,0.4580645583979292,0.8484057971014493
previous_blend_0.25,282,3,8650,0.16749638684437806,0.19197674352740324,0.04318798946924466,0.9133467710951785,0.7057803468208093
previous_blend_0.25,315,0,7050,0.13731587300979936,0.1814349542059403,0.052340569225941526,0.6471676957129463,0.7798581560283688
previous_blend_0.25,336,4,13950,0.22655077413106578,0.23595481369200247,0.06418469493834515,1.2007472492873894,0.6264516129032258
previous_blend_0.25,349,1,9250,0.1879192426776636,0.20513879653853953,0.06099132505945114,0.9494867483869383,0.6856216216216217
previous_blend_0.25,361,9,9950,0.1793305264840922,0.1989150298282281,0.04988452301728995,0.9560065472849054,0.7168844221105528
previous_blend_0.25,363,6,7350,0.1476896836681782,0.19000659251758076,0.04612910987065257,0.7570531264533318,0.7427210884353741
previous_blend_0.25,370,0,15150,0.2764610432695315,0.258947108312604,0.07282336572531484,1.498287108534831,0.5679207920792079
previous_blend_0.25,372,5,11150,0.20001108427586237,0.22524384734630046,0.05545643182339164,1.0673389989906867,0.6533632286995515
previous_blend_0.25,373,8,12550,0.21211083788501775,0.22986408689306906,0.058518589158651504,1.1336643302432152,0.6319521912350597
previous_blend_0.25,378,7,11250,0.11351731850116785,0.155642880867592,0.03479359402944429,0.5858596653315092,0.8156444444444444
previous_blend_0.25,395,2,8950,0.16397039250998618,0.19154429442457355,0.04512552033455712,0.8770396255625607,0.7260335195530726
previous_blend_0.25,418,4,10150,0.20421053637791056,0.22268567995793806,0.06001133647170447,1.0694057358151468,0.6624630541871921
previous_blend_0.25,419,3,12750,0.17638299965252616,0.20186427573407498,0.05341015420970144,0.9142200723094743,0.7184313725490196
previous_blend_0.25,446,8,7050,0.1823772245672547,0.2288922556643175,0.061150575507479044,0.9097371189259084,0.6875177304964539
previous_blend_0.25,452,9,10350,0.1498038245828586,0.18100560247892156,0.0436453041044372,0.7867549474533868,0.751207729468599
previous_blend_0.5,64,3,7950,0.20394237009207597,0.22348419309828293,0.07448718980240093,0.9806734518301258,0.6698113207547169
previous_blend_0.5,71,9,11350,0.146536844715338,0.16934020025154323,0.042425573670106104,0.7712044709867296,0.7641409691629956
previous_blend_0.5,73,0,7850,0.2085482634418887,0.2177785344503815,0.05016957529621643,1.1588203923159222,0.6364331210191083
previous_blend_0.5,77,7,12750,0.17985027978669507,0.21470268081893448,0.06101848235018174,0.892841064405775,0.7173333333333334
previous_blend_0.5,80,4,9350,0.21647965099268876,0.23345231579581938,0.06274108953490692,1.13891101973938,0.6227807486631016
previous_blend_0.5,97,8,9050,0.13800359543452298,0.17797007891541805,0.04189359093749813,0.714663622416672,0.7649723756906077
previous_blend_0.5,99,6,8350,0.13555976341695652,0.18307956983621623,0.0482334872704538,0.6595174202959729,0.7675449101796408
previous_blend_0.5,105,5,8850,0.14334762479387758,0.19410887002849767,0.0466322593723345,0.7236398173231361,0.7506214689265537
previous_blend_0.5,108,1,11050,0.18925831620449463,0.20646843532467288,0.05107686129641465,1.0183470456529746,0.6784615384615384
previous_blend_0.5,112,2,11350,0.22428879656219491,0.23651480809826747,0.06886506199994172,1.1568312039357138,0.6577092511013216
previous_blend_0.5,154,7,9950,0.1363098977616948,0.17200347118593587,0.04315269959968458,0.6952530867337562,0.770251256281407
previous_blend_0.5,165,9,10050,0.1621019341087423,0.1869598363105552,0.0486374241344548,0.8428889939544671,0.7432835820895523
previous_blend_0.5,166,3,7950,0.214063295231885,0.2255146741727503,0.0644848677749792,1.1115338599733198,0.6382389937106918
previous_blend_0.5,180,6,8950,0.15100936353213032,0.19027273096703978,0.04689725878317379,0.7756819920258695,0.7522905027932961
previous_blend_0.5,186,5,9150,0.14360248648453092,0.1837239542947295,0.04404987506946103,0.7409181549749502,0.7506010928961748
previous_blend_0.5,188,1,10750,0.16707869127113537,0.19005375171789554,0.042723805919205576,0.9132080033827141,0.6893023255813954
previous_blend_0.5,204,4,12650,0.17973992992938376,0.2098778827893868,0.05860725949224543,0.906535952552214,0.7066403162055336
previous_blend_0.5,208,2,8350,0.17038958696770676,0.20216167079784159,0.05431751110030783,0.8668220421721003,0.7392814371257485
previous_blend_0.5,239,0,7650,0.16993877761469306,0.21283791012276768,0.06580780296678451,0.7947246255021446,0.7496732026143791
previous_blend_0.5,261,9,11850,0.15935185089079304,0.17792921735429837,0.04591759880363332,0.8399573634137513,0.7376371308016878
previous_blend_0.5,263,8,8350,0.17090832649680696,0.2149015070085268,0.0569510736275299,0.8546518437124692,0.7215568862275449
previous_blend_0.5,264,6,16650,0.254275151794172,0.25251892549783633,0.07132031004882336,1.3520042022662635,0.5953153153153153
previous_blend_0.5,272,2,7050,0.17108001483456312,0.1905283582384344,0.04032694483133211,0.9555984348539491,0.7062411347517731
previous_blend_0.5,275,1,10050,0.19257228704372645,0.21094899533584902,0.05829878149893978,0.9982133203124463,0.6753233830845771
previous_blend_0.5,278,5,8150,0.12206868798498853,0.16771904475853044,0.039139146528711935,0.619645936722648,0.7731288343558282
previous_blend_0.5,281,7,10350,0.10465814591005558,0.15425627250699775,0.04570208070927618,0.458394537114732,0.8485990338164251
previous_blend_0.5,282,3,8650,0.16716140644476385,0.19191220820070268,0.04326717735343335,0.9105267809927466,0.7077456647398844
previous_blend_0.5,315,0,7050,0.13648788768244627,0.1810499536375976,0.051990319146410585,0.6434732988986606,0.7801418439716312
previous_blend_0.5,336,4,13950,0.22768722203872716,0.23671480242464055,0.06439128293985688,1.207462856631949,0.6236559139784946
previous_blend_0.5,349,1,9250,0.18823599157982954,0.20538903802430344,0.06112459524841136,0.950904369568339,0.6842162162162162
previous_blend_0.5,361,9,9950,0.17867050773385304,0.19862355515958788,0.04993905948863653,0.9510591972051524,0.7181909547738693
previous_blend_0.5,363,6,7350,0.14645448651629872,0.18941334714328684,0.045910342880056375,0.7497193483337529,0.7448979591836735
previous_blend_0.5,370,0,15150,0.27635883811800693,0.2590839478741298,0.07283368807281952,1.4975097383891314,0.5681848184818482
previous_blend_0.5,372,5,11150,0.19977499426423975,0.22529306771666524,0.05568229671492614,1.0643311795601211,0.6539013452914798
previous_blend_0.5,373,8,12550,0.21283121985366188,0.23046249769312693,0.05882256659622196,1.1368831393983014,0.6329083665338645
previous_blend_0.5,378,7,11250,0.11426925428969564,0.15606875958397232,0.034991391379029284,0.5899364317536938,0.8153777777777778
previous_blend_0.5,395,2,8950,0.16404208337445433,0.19171024469133144,0.045434078565624474,0.8756901122274335,0.7254748603351955
previous_blend_0.5,418,4,10150,0.20410557664890971,0.22268434018156846,0.060040028760715486,1.068498863978075,0.6633497536945813
previous_blend_0.5,419,3,12750,0.17690247152924868,0.20246063885743096,0.05364972855785047,0.916418929357638,0.7174901960784313
previous_blend_0.5,446,8,7050,0.18299723822855732,0.22940013877039594,0.061512823335187435,0.9119037275887766,0.6886524822695036
previous_blend_0.5,452,9,10350,0.1497386490937646,0.1810871244851645,0.04387932850290286,0.784894572638935,0.7521739130434782
previous_blend_0.75,64,3,7950,0.2038462444686934,0.2234969356587185,0.07473657369039038,0.9785042691385114,0.6724528301886793
previous_blend_0.75,71,9,11350,0.14786871671755822,0.16997884244110684,0.04280008151767005,0.7782805279168873,0.762114537444934
previous_blend_0.75,73,0,7850,0.20848369921472187,0.2178211996691197,0.050319369841051204,1.157469675456746,0.6350318471337579
previous_blend_0.75,77,7,12750,0.18089447559633648,0.2152046532415984,0.06126333950009971,0.8986812921737571,0.7169411764705882
previous_blend_0.75,80,4,9350,0.21673483665141133,0.23356319445407056,0.06268506571864096,1.1410334622480336,0.6210695187165776
previous_blend_0.75,97,8,9050,0.13872049275488946,0.1782696282321918,0.04207006498511484,0.718623059373537,0.7624309392265194
previous_blend_0.75,99,6,8350,0.13582908878153302,0.18316199877777178,0.04812960882008204,0.662025968550239,0.7667065868263473
previous_blend_0.75,105,5,8850,0.1438261522092689,0.19451347747654052,0.046915960671144945,0.7252873014380125,0.751412429378531
previous_blend_0.75,108,1,11050,0.1893726997532294,0.20638465941900874,0.05103826113027562,1.0193793314909518,0.6781900452488688
previous_blend_0.75,112,2,11350,0.22459116459867073,0.23668833843277526,0.06905972437567241,1.1577798059366606,0.6577092511013216
previous_blend_0.75,154,7,9950,0.13692259840579232,0.1722142422604737,0.043378473500817284,0.6981873478356425,0.7704522613065327
previous_blend_0.75,165,9,10050,0.16281951071219333,0.18732200145513364,0.04884411622304282,0.8466718776470963,0.7414925373134328
previous_blend_0.75,166,3,7950,0.21376334596831278,0.22544494056358336,0.06468612748350724,1.1082266568771457,0.640251572327044
previous_blend_0.75,180,6,8950,0.15166002230572811,0.19078558810776278,0.047258211806304955,0.7780708853022669,0.7527374301675978
previous_blend_0.75,186,5,9150,0.14417877472476204,0.18411991062086072,0.04433542944465706,0.7432388464053917,0.7485245901639345
previous_blend_0.75,188,1,10750,0.16722602881312407,0.19010108917338217,0.042838184061229835,0.9135530973244892,0.689953488372093
previous_blend_0.75,204,4,12650,0.17973178493217914,0.20972701074442107,0.05847376945531403,0.9072798777933697,0.7077470355731226
previous_blend_0.75,208,2,8350,0.17042515464498612,0.20202959071099394,0.054583061688202546,0.8654777123856874,0.74
previous_blend_0.75,239,0,7650,0.17002990163382628,0.2127869279614211,0.06571637245361538,0.7959110767150912,0.7481045751633987
previous_blend_0.75,261,9,11850,0.1610860054731598,0.1788913727933922,0.04643441548460869,0.8489955454044665,0.7367932489451476
previous_blend_0.75,263,8,8350,0.17237362083777075,0.21542655692172696,0.056873670844745136,0.8653733207959244,0.72
previous_blend_0.75,264,6,16650,0.2558653607441548,0.25332054828630945,0.07143112015813372,1.362470804260281,0.5938738738738739
previous_blend_0.75,272,2,7050,0.17140117958686524,0.19064012183825157,0.04063956480652348,0.9559708682689156,0.7053900709219858
previous_blend_0.75,275,1,10050,0.19298909054410457,0.21105024882290466,0.05840348744187794,1.000502709157464,0.6758208955223881
previous_blend_0.75,278,5,8150,0.12196530439872906,0.16734501875850183,0.03892205084766941,0.6202248257050871,0.7739877300613497
previous_blend_0.75,281,7,10350,0.10519306728326681,0.154348775748394,0.04596088320032679,0.46058617178090694,0.84743961352657
previous_blend_0.75,282,3,8650,0.16715746052262395,0.19193361875322668,0.04341779768086041,0.9095954375732049,0.708092485549133
previous_blend_0.75,315,0,7050,0.1359786146687187,0.1807564056152298,0.05171524513170428,0.641558831890805,0.7802836879432624
previous_blend_0.75,336,4,13950,0.22917851762244693,0.23753213197211354,0.06465981877942992,1.216290710680549,0.6220071684587813
previous_blend_0.75,349,1,9250,0.18890535648228676,0.2057257240197815,0.061327439633657777,0.9543728575740604,0.6854054054054054
previous_blend_0.75,361,9,9950,0.178457835502597,0.1984211883796572,0.050065540288786216,0.9488116067854617,0.7185929648241206
previous_blend_0.75,363,6,7350,0.14562025526826985,0.18892715020515582,0.04576679939496023,0.7447409905081276,0.7468027210884354
previous_blend_0.75,370,0,15150,0.27673569253452646,0.2592969829053766,0.07292320344822908,1.499610627052311,0.5668646864686469
previous_blend_0.75,372,5,11150,0.1999807024833084,0.22540558348802145,0.055974163823420575,1.0640199344426353,0.6548878923766817
previous_blend_0.75,373,8,12550,0.2139750456399514,0.23112980899251184,0.05919251799914622,1.1426702114847822,0.6317131474103586
previous_blend_0.75,378,7,11250,0.1153489512966606,0.1565750803609763,0.03524325642292814,0.5959831205390553,0.8146666666666667
previous_blend_0.75,395,2,8950,0.16452208800577262,0.19198249287043667,0.045824824008923445,0.8767056719868677,0.7265921787709497
previous_blend_0.75,418,4,10150,0.20441264193965789,0.22275939066978406,0.06014597127532788,1.070012665925638,0.6625615763546798
previous_blend_0.75,419,3,12750,0.17779027005735584,0.2031537661470009,0.05396956669829635,0.9207144902117126,0.7162352941176471
previous_blend_0.75,446,8,7050,0.18403876769106312,0.22997938202547213,0.06194035601250611,0.9166292377624051,0.6872340425531915
previous_blend_0.75,452,9,10350,0.1501553765586806,0.1812537088815669,0.04418587516074875,0.7859723849462718,0.7521739130434782
ema_0.25,64,3,7950,0.1980526187141509,0.2226565576593617,0.07070405526490811,0.9621439994096075,0.6626415094339623
ema_0.25,71,9,11350,0.13134625591799248,0.16443603111481422,0.03922305240904385,0.6840854769716842,0.7800881057268723
ema_0.25,73,0,7850,0.20431095316244618,0.21724356042890153,0.04919096057357196,1.1350309086956916,0.6365605095541401
ema_0.25,77,7,12750,0.16616644013584841,0.2114463078703352,0.059184195993936525,0.8080599049873196,0.7275294117647059
ema_0.25,80,4,9350,0.20918467346396363,0.23325108699368263,0.06355876085323246,1.0829401491283508,0.6265240641711229
ema_0.25,97,8,9050,0.12984320568496976,0.17634384677189494,0.04031103767600478,0.6670362137387595,0.7707182320441989
ema_0.25,99,6,8350,0.13103964192826836,0.18416091080305116,0.04959230897517448,0.6197236396468317,0.7676646706586826
ema_0.25,105,5,8850,0.1370945835949693,0.19112643840959323,0.044475459141731226,0.6928093303143978,0.7515254237288136
ema_0.25,108,1,11050,0.1799175092728974,0.20603044788334582,0.04987971053501867,0.9601443017001697,0.6790950226244344
ema_0.25,112,2,11350,0.2180521411070262,0.23399119635939397,0.06628979117320231,1.1286262407099692,0.6583259911894274
ema_0.25,154,7,9950,0.12947794507450716,0.17299670940011466,0.04213231032445888,0.6535517535747966,0.7693467336683417
ema_0.25,165,9,10050,0.15183642148813264,0.18510701279158434,0.04734531307375455,0.7787830719744012,0.7524378109452736
ema_0.25,166,3,7950,0.21160760723777677,0.2264501000112539,0.06260495350857262,1.105623529613002,0.6314465408805031
ema_0.25,180,6,8950,0.14066042284106306,0.1857254317001791,0.0437452324065415,0.7221515654481925,0.7559776536312849
ema_0.25,186,5,9150,0.13592651152932303,0.18179489854981418,0.04194547819047092,0.6998127115624359,0.7548633879781421
ema_0.25,188,1,10750,0.15823479312953775,0.18819510714230778,0.040785496946001136,0.8629305702307575,0.6932093023255814
ema_0.25,204,4,12650,0.17793815651397213,0.21383574270380262,0.060014528270569495,0.8854799259743877,0.7002371541501976
ema_0.25,208,2,8350,0.16538325258024114,0.20245338276995678,0.05130618353817671,0.8498456668326277,0.7388023952095808
ema_0.25,239,0,7650,0.16744501054834185,0.2141229104594114,0.06661932968139811,0.7723990957500043,0.7522875816993464
ema_0.25,261,9,11850,0.1393354610517201,0.17008999020392182,0.04146790070055691,0.726540823158699,0.7605907172995781
ema_0.25,263,8,8350,0.1567203924099494,0.21175668119184554,0.058082217768599814,0.7485494402580468,0.7465868263473054
ema_0.25,264,6,16650,0.23834763767386713,0.24636287778814042,0.07070002965513918,1.2442332857862346,0.613993993993994
ema_0.25,272,2,7050,0.16644309213416938,0.1913378124674825,0.03857415040780115,0.933656742492379,0.7099290780141844
ema_0.25,275,1,10050,0.1824175110445052,0.209209215433054,0.05646234885007985,0.9381484842110572,0.6803980099502488
ema_0.25,278,5,8150,0.12211464484121723,0.1729519165412547,0.04254593164562179,0.5995269240147901,0.7780368098159509
ema_0.25,281,7,10350,0.09885059936867303,0.15649910800843897,0.04441926001620463,0.4254386354834834,0.8498550724637681
ema_0.25,282,3,8650,0.16374539115110487,0.19174492025293766,0.04143326307600808,0.8976181596016859,0.6973410404624277
ema_0.25,315,0,7050,0.13746892304600117,0.18398536898429227,0.05443320694338886,0.6356832196616752,0.7760283687943262
ema_0.25,336,4,13950,0.2109816485601215,0.2304705899310643,0.06254896980495661,1.1015777210911106,0.6429390681003584
ema_0.25,349,1,9250,0.17626758902405665,0.20196974878035479,0.059164665535251244,0.8788851299568888,0.6903783783783783
ema_0.25,361,9,9950,0.17625813467118392,0.20150805311056444,0.04935816948795215,0.9376579257705745,0.7115577889447237
ema_0.25,363,6,7350,0.1516601943829666,0.19507723419804893,0.048007925378227685,0.7735738084114002,0.7300680272108844
ema_0.25,370,0,15150,0.2679284896837706,0.2560285070991541,0.07082372165475868,1.4505570978578424,0.5689108910891089
ema_0.25,372,5,11150,0.19140006349359895,0.22312281982470095,0.05231475622477787,1.0259119071065252,0.6530941704035874
ema_0.25,373,8,12550,0.19845089331274565,0.2242359964313069,0.05521862812268746,1.0578444844530945,0.6407171314741036
ema_0.25,378,7,11250,0.1040146831888221,0.15427313718629673,0.033508694354220686,0.5270506161964303,0.8271111111111111
ema_0.25,395,2,8950,0.1562198524857326,0.1898594767465607,0.04164423496593975,0.8436735576044897,0.7291620111731844
ema_0.25,418,4,10150,0.19521517269946784,0.22175010403169668,0.05880789991891379,1.013658809382792,0.6643349753694582
ema_0.25,419,3,12750,0.17032494691988204,0.1991387300906382,0.051565412644784085,0.8828821525704701,0.7221960784313726
ema_0.25,446,8,7050,0.16990950823137557,0.22451640026723507,0.0581765040161654,0.8403075335226367,0.7022695035460993
ema_0.25,452,9,10350,0.14305109557571954,0.18126024136955396,0.0422111376610177,0.7480908430639307,0.7488888888888889
ema_0.5,64,3,7950,0.2023726477439274,0.22309256863858548,0.07361482168124846,0.9749196041200013,0.669559748427673
ema_0.5,71,9,11350,0.14292117398240844,0.16799903560511534,0.04158338449575042,0.7509479109023566,0.7675770925110132
ema_0.5,73,0,7850,0.2073675739238774,0.21746585642733893,0.04977147820513355,1.1529441482363405,0.6336305732484077
ema_0.5,77,7,12750,0.17656375731666854,0.21374983788689736,0.060458896011289585,0.8731929251489423,0.7209411764705882
ema_0.5,80,4,9350,0.214709249357542,0.23323378131028843,0.06277992082304801,1.1262852205645062,0.6224598930481283
ema_0.5,97,8,9050,0.13586673567533375,0.17736402442450414,0.041429267440616334,0.702491545083638,0.7659668508287293
ema_0.5,99,6,8350,0.13415184990431372,0.18300015481890972,0.04837602562914255,0.6488067955553406,0.7681437125748503
ema_0.5,105,5,8850,0.1417797742455503,0.19332821585222845,0.04603327930370001,0.7162587438966519,0.7511864406779661
ema_0.5,108,1,11050,0.18707068883807254,0.20624049115462992,0.05078983488798164,1.004755812538618,0.676923076923077
ema_0.5,112,2,11350,0.22295455317676285,0.23598351426523484,0.06827444963147143,1.1510351744485114,0.6570925110132159
ema_0.5,154,7,9950,0.13432041847188622,0.1717781320747257,0.04270623618579598,0.6840055121884274,0.7707537688442211
ema_0.5,165,9,10050,0.1594800339199302,0.1862599922859211,0.04816445816864647,0.8273734884276324,0.7458706467661692
ema_0.5,166,3,7950,0.21335058817898087,0.22547456702261795,0.06394844530248393,1.1097634454379626,0.6377358490566037
ema_0.5,180,6,8950,0.14844239778365995,0.18909262434335858,0.046055757970912756,0.7627622366601433,0.7532960893854749
ema_0.5,186,5,9150,0.1416596315285156,0.1830540361247956,0.04342721312012776,0.7310541419788427,0.7493989071038252
ema_0.5,188,1,10750,0.16506218287757993,0.18955832218892038,0.04223731709275191,0.9020113775865478,0.6910697674418604
ema_0.5,204,4,12650,0.17881735916111402,0.21043679836349555,0.058801744224965216,0.8989110487780071,0.7060079051383399
ema_0.5,208,2,8350,0.1690428444278869,0.20208983266098318,0.05354535689046346,0.8620277696524273,0.7391616766467066
ema_0.5,239,0,7650,0.16908167497949347,0.2129118086901864,0.06584167713382094,0.7885216620535287,0.7503267973856209
ema_0.5,261,9,11850,0.15473907781779586,0.17596951407924302,0.044805529964087154,0.8143403649400481,0.7424472573839662
ema_0.5,263,8,8350,0.16745671237577683,0.21395948143796129,0.05705296495483207,0.8298791969014455,0.7267065868263473
ema_0.5,264,6,16650,0.2507020965866021,0.2510534002873628,0.07109235470644769,1.3283605478675287,0.5987387387387387
ema_0.5,272,2,7050,0.16957849943985004,0.19030013544836902,0.03968908884339377,0.948914963018588,0.707517730496454
ema_0.5,275,1,10050,0.19012247262982393,0.21040931254095818,0.0578199935296822,0.9839373472306743,0.6766169154228856
ema_0.5,278,5,8150,0.12173496033167101,0.16861683202934216,0.03966861996181899,0.6141330025507833,0.7742331288343558
ema_0.5,281,7,10350,0.10274130091338929,0.15422774090961516,0.0451685950814437,0.4481775359050627,0.8490821256038648
ema_0.5,282,3,8650,0.16618680206102596,0.1917388310097328,0.0427688615392083,0.9066944451919319,0.7057803468208093
ema_0.5,315,0,7050,0.13650345438930667,0.18152650161954673,0.052421320137459135,0.640996259900392,0.7808510638297872
ema_0.5,336,4,13950,0.2237308984428623,0.23512750240797664,0.06382835144814485,1.1831461804111674,0.6274551971326164
ema_0.5,349,1,9250,0.18550718926544704,0.20449336551786795,0.060555925854773096,0.9352147697294908,0.6850810810810811
ema_0.5,361,9,9950,0.17771794152102677,0.19892520424306165,0.0496289089353583,0.946252137035038,0.7174874371859297
ema_0.5,363,6,7350,0.14717025775917464,0.1903557847861651,0.046185297578077995,0.7530800188457547,0.7416326530612245
ema_0.5,370,0,15150,0.27449098788896403,0.25843881364253757,0.07240714556667692,1.486994041822687,0.5677227722772277
ema_0.5,372,5,11150,0.19794346601370558,0.22481633090061234,0.05491414161541177,1.0561194124034685,0.6534529147982063
ema_0.5,373,8,12550,0.20955771286284433,0.229021231209794,0.057953250807436865,1.1191844851952888,0.6344223107569721
ema_0.5,378,7,11250,0.11158533003057854,0.15530556303569654,0.034500616221731915,0.5740936128836582,0.8176888888888889
ema_0.5,395,2,8950,0.1619774533879116,0.1910070961303235,0.04447534932697011,0.8669900777535609,0.7262569832402235
ema_0.5,418,4,10150,0.20196380154006965,0.22234685493062717,0.0596518024941334,1.0558357958156874,0.6639408866995073
ema_0.5,419,3,12750,0.17483751238762593,0.2012775547717231,0.052992979297791086,0.9059047109266349,0.7187450980392157
ema_0.5,446,8,7050,0.17985181316078727,0.22816206786762538,0.06059087249856614,0.8954174571341144,0.6917730496453901
ema_0.5,452,9,10350,0.14786378212030343,0.18078608462370924,0.04328869774944194,0.7753142883454726,0.7518840579710145
ema_0.75,64,3,7950,0.2035939507018491,0.223423163310441,0.07458995857777136,0.9776179034463156,0.6710691823899371
ema_0.75,71,9,11350,0.1472508722921978,0.16973753744911474,0.04265042323299515,0.7748535666474134,0.7626431718061674
ema_0.75,73,0,7850,0.20827930794071023,0.21775449682011377,0.050240190522037216,1.1565140124527482,0.6349044585987261
ema_0.75,77,7,12750,0.18033262445298265,0.2150264879397223,0.061160262795489875,0.8953667943979389,0.7168627450980393
ema_0.75,80,4,9350,0.21643271822912072,0.2335123498011426,0.06268212126568952,1.138936300009708,0.6217112299465241
ema_0.75,97,8,9050,0.1383525877841681,0.1781497208413032,0.041986025986296825,0.7165519585713958,0.7626519337016575
ema_0.75,99,6,8350,0.13557278113170285,0.1831248928679451,0.04814327530852243,0.6601498160707852,0.765748502994012
ema_0.75,105,5,8850,0.14356013347091207,0.19437537707627275,0.046808100897216674,0.7240723289130844,0.7509604519774011
ema_0.75,108,1,11050,0.18901365256421143,0.20634092637741225,0.05099180661120888,1.0171447282822268,0.6776470588235294
ema_0.75,112,2,11350,0.22436891175187704,0.23659811381765652,0.06895696509785257,1.156840591676024,0.6580616740088105
ema_0.75,154,7,9950,0.13656303415019927,0.17214648829263313,0.04328803528017733,0.696213027370331,0.7701507537688442
ema_0.75,165,9,10050,0.16236897145204396,0.18718341442228947,0.0487531567137848,0.8440638598815989,0.7426865671641791
ema_0.75,166,3,7950,0.2136557805953739,0.22542184442560814,0.0645889890666844,1.1080565297675111,0.64
ema_0.75,180,6,8950,0.15122725687957195,0.19058070186469359,0.0471077030502115,0.7759445798557346,0.7528491620111731
ema_0.75,186,5,9150,0.1438426853474527,0.18398797986269866,0.044221025389389344,0.7415726450958326,0.7480874316939891
ema_0.75,188,1,10750,0.16690188246331195,0.19001448827970685,0.04275515403079775,0.9117822530583971,0.689953488372093
ema_0.75,204,4,12650,0.1795517676643754,0.2097952354119489,0.058498224914553545,0.9058730241633065,0.7081422924901186
ema_0.75,208,2,8350,0.17019711836859414,0.20201446425025338,0.05444800782419161,0.8646917816350094,0.7396407185628743
ema_0.75,239,0,7650,0.16986640619223653,0.21278246310428822,0.06571315617146622,0.7947859063168585,0.7487581699346405
ema_0.75,261,9,11850,0.16030552100851714,0.17854486322821664,0.046239050700537174,0.8447043428563967,0.7379746835443038
ema_0.75,263,8,8350,0.1717699506797783,0.21524850240149593,0.056882211528171106,0.8610963855894215,0.7210778443113772
ema_0.75,264,6,16650,0.2552511414119446,0.2530555793053942,0.07138414410325618,1.3584531252640748,0.5944744744744744
ema_0.75,272,2,7050,0.17112217280743414,0.1905766540091162,0.040514340603462894,0.9547691660312619,0.7053900709219858
ema_0.75,275,1,10050,0.1925816441262991,0.21095396826642196,0.05831985967417041,0.9981523508390716,0.6769154228855722
ema_0.75,278,5,8150,0.12189295633101777,0.16747489613226343,0.03899571342392587,0.619276413773569,0.7734969325153375
ema_0.75,281,7,10350,0.10483332867240047,0.15430918349552375,0.045853384550720036,0.45871299340248317,0.8483091787439614
ema_0.75,282,3,8650,0.16699516394802852,0.19189750459890637,0.04333083257149359,0.9089811522072381,0.7091329479768786
ema_0.75,315,0,7050,0.13597399863636078,0.18082217041588855,0.051780158913759304,0.6411370369719699,0.7811347517730497
ema_0.75,336,4,13950,0.22850107064139027,0.23724763526398585,0.06455318917389835,1.212188359446342,0.6232974910394266
ema_0.75,349,1,9250,0.18845341889114528,0.20556818521431874,0.06122467802967855,0.9518258640599455,0.6858378378378378
ema_0.75,361,9,9950,0.1782865076174865,0.19844964592176342,0.05000269534793528,0.9479893812347936,0.7177889447236181
ema_0.75,363,6,7350,0.14572495608891356,0.18906313468626088,0.045799372378093235,0.7452784583538355,0.7454421768707483
ema_0.75,370,0,15150,0.2764218922747676,0.2591850388924303,0.07285271002367699,1.4978369857813116,0.5664026402640264
ema_0.75,372,5,11150,0.19969498496716423,0.2253263110247477,0.05584580077016163,1.0627900901491798,0.6541704035874439
ema_0.75,373,8,12550,0.21342901405771955,0.23088371072405336,0.05904181689477864,1.1397521970353646,0.6315537848605578
ema_0.75,378,7,11250,0.114871799284711,0.15641614383199592,0.035149196077978805,0.5932074185251042,0.8146666666666667
ema_0.75,395,2,8950,0.16416728210390155,0.19185003572888074,0.04565636782278995,0.8752327677905712,0.7265921787709497
ema_0.75,418,4,10150,0.204053206314798,0.22269338084026913,0.06007405934180095,1.0679280881527802,0.6626600985221675
ema_0.75,419,3,12750,0.17740679834355957,0.20291704907312402,0.0538446589789381,0.9187796345312883,0.716156862745098
ema_0.75,446,8,7050,0.18350320562266473,0.22976348314818,0.061774121470895775,0.9138777105332784,0.6880851063829787
ema_0.75,452,9,10350,0.14983055556927286,0.1811821458009072,0.044071401146547805,0.7843854821056232,0.7527536231884058
mean_residual,64,3,7950,0.2042518107468631,0.2235114823559545,0.07453955201793756,0.9825253631204165,0.6716981132075471
mean_residual,71,9,11350,0.14846693919552514,0.17155635291053056,0.04365682731924772,0.7773276104531897,0.7618502202643171
mean_residual,73,0,7850,0.20993970644705676,0.21723775510781332,0.04981526106415711,1.1706863787444541,0.6356687898089172
mean_residual,77,7,12750,0.17990784259594458,0.21234856807658595,0.06043363686621545,0.8967530769743194,0.7176470588235294
mean_residual,80,4,9350,0.21696121213764172,0.23319899023752785,0.06261411322990214,1.1430438055840793,0.6225668449197861
mean_residual,97,8,9050,0.14017206794155096,0.17884422823416912,0.042487101399535356,0.7262818671936445,0.7604419889502763
mean_residual,99,6,8350,0.13611884622668488,0.18310125954813247,0.04802907525823442,0.6646574720373875,0.7652694610778443
mean_residual,105,5,8850,0.14443214129394644,0.193344592286072,0.04718331741851908,0.7279250845465105,0.7509604519774011
mean_residual,108,1,11050,0.18907016778028735,0.20608074793816128,0.05068239280736963,1.0193968176177934,0.6783710407239819
mean_residual,112,2,11350,0.22686471713087947,0.23853511918609585,0.06935256082326427,1.1719376549765708,0.6573568281938326
mean_residual,154,7,9950,0.1374518538028287,0.17237002595253104,0.043187326265456676,0.7030390190270608,0.7680402010050251
mean_residual,165,9,10050,0.1627704856295263,0.18667638945978554,0.048448316178130967,0.8487035023378986,0.7407960199004975
mean_residual,166,3,7950,0.21477160752283847,0.22503740471504907,0.06427600754031193,1.1177452074179974,0.63937106918239
mean_residual,180,6,8950,0.15299246422642562,0.1909479632021637,0.04742282200524057,0.7864103175535357,0.7526256983240224
mean_residual,186,5,9150,0.1435020569815597,0.18379013263798058,0.04395269077408747,0.7407982542263932,0.7487431693989071
mean_residual,188,1,10750,0.16740454377138442,0.19222599608217825,0.04328569509288513,0.9121176358423803,0.6911627906976744
mean_residual,204,4,12650,0.18147213977905066,0.2107626433755622,0.05900446072246333,0.916278214118575,0.7053754940711462
mean_residual,208,2,8350,0.1710960957869887,0.20235462861596887,0.0545200883068776,0.8705521406676551,0.7392814371257485
mean_residual,239,0,7650,0.1715302089652654,0.21376800677016475,0.06559356552306576,0.8071500696184635,0.7460130718954249
mean_residual,261,9,11850,0.16186865350101837,0.17856724410407385,0.046967894617478856,0.8512732068022556,0.7356962025316456
mean_residual,263,8,8350,0.17307762410168204,0.21531514378401911,0.05751045345231655,0.866480647997875,0.72
mean_residual,264,6,16650,0.2563618708473057,0.2539568503427475,0.072071970826217,1.3621012709738387,0.5924324324324325
mean_residual,272,2,7050,0.17320192004774512,0.19119824331083088,0.04063585838080261,0.9685982900494001,0.7059574468085107
mean_residual,275,1,10050,0.19252512381928127,0.21028223770726126,0.057928217188078536,1.0001065636064976,0.6778109452736318
mean_residual,278,5,8150,0.121345571802831,0.16529954672557534,0.03842234096750118,0.6188849568148098,0.7722699386503068
mean_residual,281,7,10350,0.10540693231602574,0.15393170928317232,0.04592561666579801,0.46229482621739193,0.8465700483091787
mean_residual,282,3,8650,0.16860011293887972,0.19160557673937822,0.0433459791635398,0.920124915590919,0.7079768786127167
mean_residual,315,0,7050,0.13574886926862115,0.18038267472775915,0.05142306383302151,0.641703701882219,0.7798581560283688
mean_residual,336,4,13950,0.2313904530892219,0.239051176213172,0.06507959743641051,1.2292555870060904,0.6197132616487455
mean_residual,349,1,9250,0.18894737198319436,0.20717760039431413,0.0619570489504148,0.9508893101798719,0.6848648648648649
mean_residual,361,9,9950,0.1774445959520904,0.19739990861124515,0.04906916110690506,0.9476972050232021,0.7184924623115578
mean_residual,363,6,7350,0.14624104428290752,0.18777377910208984,0.04545944555830748,0.7509306366305077,0.745578231292517
mean_residual,370,0,15150,0.28004013421983237,0.2598936546827899,0.07306029960854,1.5219191418875866,0.5666006600660066
mean_residual,372,5,11150,0.1996849045584608,0.2231219849881876,0.0551845154974439,1.0666872389245619,0.6549775784753363
mean_residual,373,8,12550,0.2163477553841797,0.23072399263435298,0.05967424630833896,1.156388809839224,0.630996015936255
mean_residual,378,7,11250,0.11482758422380512,0.1547213751046648,0.03463727079357666,0.5959694648051758,0.8123555555555556
mean_residual,395,2,8950,0.16589854497059542,0.1916514227834459,0.045748761649136556,0.886797244899349,0.7261452513966481
mean_residual,418,4,10150,0.2049814184940669,0.22364942447240743,0.060082989620537146,1.0743719917352452,0.6623645320197045
mean_residual,419,3,12750,0.18107529209771323,0.20487591169509214,0.05430424174447435,0.9417015942171463,0.7123921568627452
mean_residual,446,8,7050,0.18579340252643364,0.22971814972834723,0.06316919745197652,0.9215386329731764,0.6882269503546099
mean_residual,452,9,10350,0.1503183023927972,0.1808833409499463,0.04392096497839146,0.7887023268792315,0.7513043478260869
task_position_residual,64,3,7950,0.19208989837969417,0.22800637316332106,0.07025425441732677,0.9231037621538987,0.690188679245283
task_position_residual,71,9,11350,0.1387900241957033,0.1791100873145474,0.04254574167328405,0.7162557193302187,0.7745374449339207
task_position_residual,73,0,7850,0.20612977548178338,0.2186828463297121,0.04419268626112938,1.1777523108057073,0.6439490445859872
task_position_residual,77,7,12750,0.15442102529873042,0.2131000770478086,0.058518455676771185,0.7298364430304857,0.7481568627450981
task_position_residual,80,4,9350,0.20755130338634958,0.23519168793066314,0.060500468209210706,1.089856314449183,0.6385026737967915
task_position_residual,97,8,9050,0.1426867839615817,0.19655558671875664,0.04169165981098229,0.7486575288651782,0.7648618784530387
task_position_residual,99,6,8350,0.12496097555583596,0.19207171759968675,0.04591428810477902,0.5992411002621778,0.7863473053892216
task_position_residual,105,5,8850,0.13996720383477748,0.19941980997044848,0.048266542824921654,0.6901711698939125,0.7705084745762711
task_position_residual,108,1,11050,0.1658494397293804,0.20524007988256934,0.0485151397893057,0.8698552393698286,0.709683257918552
task_position_residual,112,2,11350,0.1974583125798621,0.23776890687485963,0.06451854892321422,0.9950968945197491,0.6792070484581498
task_position_residual,154,7,9950,0.1277652409276803,0.18405851554234762,0.042348839605919,0.6402636488582482,0.7943718592964825
task_position_residual,165,9,10050,0.1527610414245587,0.19347585545448986,0.04743765075170616,0.784701385461674,0.7498507462686567
task_position_residual,166,3,7950,0.193310491249317,0.2268997401652192,0.06055754934093157,0.9898281426996298,0.6684276729559748
task_position_residual,180,6,8950,0.13329327442310926,0.19295931942238925,0.045014323051016186,0.6629669826556676,0.7812290502793297
task_position_residual,186,5,9150,0.12958507609925515,0.18478963712506824,0.04071066320125535,0.6628315534872541,0.7793442622950819
task_position_residual,188,1,10750,0.1475928800300729,0.19145770618866256,0.039873472054437226,0.7939093278838869,0.7244651162790697
task_position_residual,204,4,12650,0.1899319207649394,0.22467951729991079,0.059828827102947894,0.9705504827368885,0.6974703557312253
task_position_residual,208,2,8350,0.18211018932121742,0.2151259151235438,0.05362838411709939,0.953001020545926,0.7216766467065868
task_position_residual,239,0,7650,0.16964032919280503,0.2173319828957382,0.059881565647270464,0.8281929104660123,0.7517647058823529
task_position_residual,261,9,11850,0.15147435389663053,0.1839980242653521,0.0458853664537226,0.7850082785540781,0.7459071729957806
task_position_residual,263,8,8350,0.1821496065239359,0.2323675245714353,0.05599484783039026,0.9390781586852098,0.7055089820359282
task_position_residual,264,6,16650,0.24037165787039952,0.26017094417851133,0.07189423129893079,1.2512362172992118,0.612012012012012
task_position_residual,272,2,7050,0.18195042810011802,0.20778371061882345,0.04114156250806912,1.0268036216524115,0.6893617021276596
task_position_residual,275,1,10050,0.16415124199161102,0.20687309656637934,0.053006747951127406,0.8310182062345126,0.7117412935323383
task_position_residual,278,5,8150,0.11361189441792167,0.1705006321003637,0.038070233121795104,0.566861862194681,0.8068711656441718
task_position_residual,281,7,10350,0.09821126348293029,0.16629618648804573,0.04536713885001472,0.4152760112804237,0.8681159420289855
task_position_residual,282,3,8650,0.15727161702769207,0.19568888698251982,0.04221644054571398,0.8476026759195606,0.7195375722543352
task_position_residual,315,0,7050,0.1277384083654617,0.185591449650171,0.04637861738508681,0.6158971542477111,0.7895035460992907
task_position_residual,336,4,13950,0.2369247895604318,0.24797567389376757,0.06627074089592443,1.260849081547476,0.6218637992831542
task_position_residual,349,1,9250,0.16289234695148766,0.20216277663322618,0.057430389274821914,0.7956640930114822,0.724
task_position_residual,361,9,9950,0.15878338766201927,0.20193933002394515,0.047726433802636796,0.8251251108183143,0.7305527638190955
task_position_residual,363,6,7350,0.13846753215624957,0.19559643280558883,0.04250103221232508,0.7142665318197965,0.7725170068027211
task_position_residual,370,0,15150,0.2882579715808238,0.26592911603948566,0.07345386437119927,1.5770826148385704,0.5705610561056106
task_position_residual,372,5,11150,0.18427313726178557,0.22835503995728618,0.054298607195305625,0.9641203176606653,0.6799103139013453
task_position_residual,373,8,12550,0.19773430982596021,0.23640629575079847,0.05738658466478746,1.039820660792997,0.6528286852589641
task_position_residual,378,7,11250,0.10090117635862031,0.16025442111728846,0.032957947956751284,0.5085605467698343,0.8336
task_position_residual,395,2,8950,0.16016280224330387,0.20079048623999232,0.045293237000963465,0.8493801936973464,0.7191061452513966
task_position_residual,418,4,10150,0.19486928812706777,0.2266225198938784,0.05757028748203405,1.01866329199727,0.6729064039408867
task_position_residual,419,3,12750,0.1704886557763406,0.21372255028892914,0.05356051078216747,0.8720575257413792,0.7210980392156863
task_position_residual,446,8,7050,0.20164281861679723,0.25067090875427483,0.06273881613341972,1.0350668335170625,0.6582978723404256
task_position_residual,452,9,10350,0.13753444098583856,0.18309154071075204,0.04250579122899872,0.7077063395268774,0.7715942028985507
affine_residual,64,3,7950,0.16531745669226391,0.22268112468311846,0.06018071192385486,0.7961379253027183,0.720754716981132
affine_residual,71,9,11350,0.1101059792021822,0.18340132033980042,0.041298464449724674,0.5229510677169273,0.8024669603524229
affine_residual,73,0,7850,0.16492781328847164,0.20468223452048992,0.04096100388637799,0.9087286697010337,0.7285350318471338
affine_residual,77,7,12750,0.11789293966365905,0.20792548882948583,0.05578516687564812,0.4905395763917246,0.8486274509803922
affine_residual,80,4,9350,0.1579675622784185,0.22119960868789248,0.05856586264106336,0.754377760102549,0.7514438502673797
affine_residual,97,8,9050,0.12148796750589434,0.19685666832242316,0.0398007579751799,0.6116112246901807,0.8050828729281768
affine_residual,99,6,8350,0.1226662269088819,0.20212790912349032,0.049267371050976456,0.5630593620563146,0.7949700598802395
affine_residual,105,5,8850,0.09958676910722192,0.1804612455882858,0.041322681513502484,0.4491712946695385,0.8449717514124294
affine_residual,108,1,11050,0.11987299358276071,0.19220216598770268,0.041464410033283765,0.5903244948796226,0.7601809954751131
affine_residual,112,2,11350,0.18602212974753685,0.24667299424451833,0.06773167332252339,0.8957648682976177,0.6895154185022027
affine_residual,154,7,9950,0.0987018570300847,0.1773505389422988,0.03824156540302779,0.4614636067924262,0.8496482412060301
affine_residual,165,9,10050,0.11933761145572633,0.185121965934227,0.040660086813693735,0.5914027593079219,0.7662686567164179
affine_residual,166,3,7950,0.15939035167886537,0.22038477551256155,0.053742379204851635,0.7932781865229479,0.7285534591194969
affine_residual,180,6,8950,0.11344179166566251,0.19028752385349731,0.04281443492840724,0.5372059320891941,0.7851396648044693
affine_residual,186,5,9150,0.09378357834323141,0.16962735111585842,0.035736738720924636,0.4420646160770719,0.8653551912568306
affine_residual,188,1,10750,0.10595161834003838,0.1733580745274753,0.03306304410792027,0.5432830637327472,0.7977674418604651
affine_residual,204,4,12650,0.16105395875590817,0.22183943170291442,0.05932832675655651,0.7714077507520181,0.6962055335968379
affine_residual,208,2,8350,0.14506975738881633,0.20577018399005295,0.04556728949459739,0.74208456475413,0.7470658682634731
affine_residual,239,0,7650,0.14097553012075276,0.2111185265883694,0.055516449475558144,0.6537300139919205,0.8011764705882353
affine_residual,261,9,11850,0.11138462918733211,0.17925233181424635,0.041402033239070574,0.5312802048769012,0.7994936708860759
affine_residual,263,8,8350,0.13310030293758313,0.21845808688814575,0.054221269798078495,0.6063745017746107,0.7567664670658683
affine_residual,264,6,16650,0.18701942047312228,0.24729600127866003,0.07015164441854019,0.8882260768006148,0.6623423423423423
affine_residual,272,2,7050,0.1472376884093958,0.19969570312361426,0.0381721892427344,0.8016306834093642,0.7215602836879432
affine_residual,275,1,10050,0.13509701082255807,0.1932496010002655,0.04471872804580068,0.6773667074831023,0.7669651741293533
affine_residual,278,5,8150,0.09127968578815172,0.16530583929939247,0.04011258152821963,0.39828231134774433,0.872760736196319
affine_residual,281,7,10350,0.09236358183032203,0.17533304009771156,0.0436882820755261,0.38441538035909756,0.898743961352657
affine_residual,282,3,8650,0.12108085849306348,0.1851123809563598,0.03533738985499475,0.6355416703214758,0.7720231213872832
affine_residual,315,0,7050,0.11228389939379596,0.18231245098067783,0.0459386758335993,0.510355240754976,0.8378723404255319
affine_residual,336,4,13950,0.18649566193548853,0.237702507417757,0.06534998633454142,0.9133697155411711,0.6840860215053763
affine_residual,349,1,9250,0.1167939901122463,0.18270269596901179,0.05007027879512007,0.5171362580150036,0.831027027027027
affine_residual,361,9,9950,0.12210606514456131,0.1971691866235022,0.04445490951500799,0.5880129989218811,0.7489447236180905
affine_residual,363,6,7350,0.12886901416580535,0.1983286883887708,0.04393928183414348,0.6384474081557764,0.7768707482993197
affine_residual,370,0,15150,0.23669638852700112,0.2544779266717011,0.06900263832166798,1.2428588897589996,0.5815181518151815
affine_residual,372,5,11150,0.14136043638484772,0.2110239662028929,0.04785048756988334,0.7024201292746338,0.7696860986547085
affine_residual,373,8,12550,0.16592336260669893,0.22999815750370364,0.055787168678709316,0.8267405261746368,0.6629482071713148
affine_residual,378,7,11250,0.09276556597850732,0.17067394976021089,0.03222673898465438,0.45599852794162493,0.8459555555555556
affine_residual,395,2,8950,0.14327300087926326,0.20076751607904414,0.03986570300692157,0.7637167881133136,0.7439106145251396
affine_residual,418,4,10150,0.14991888800071937,0.21613979308008227,0.05185110416372167,0.7383255910227056,0.7530049261083744
affine_residual,419,3,12750,0.14980655219896485,0.21569825211311314,0.051647518170360014,0.7387607563705939,0.7193725490196078
affine_residual,446,8,7050,0.13220136881881772,0.22662937248625775,0.05740626193376536,0.5809720101291318,0.809645390070922
affine_residual,452,9,10350,0.10599445252913266,0.17980172380430773,0.03944208029833061,0.5053086859139451,0.8164251207729468
