cell_id,policy,suite,task_id,state_id,eligible_targets,metric,value,units
act-libero_object-task03-state10,ACT,libero_object,3,10,127,translation,0.031910660263779006,controller_native_action
act-libero_object-task03-state10,ACT,libero_object,3,10,127,rotation,0.004716662970690608,controller_native_action
act-libero_object-task03-state10,ACT,libero_object,3,10,127,gripper,0.03687971884357493,controller_native_action
act-libero_object-task03-state10,ACT,libero_object,3,10,127,arm_original,0.02294249024540122,controller_native_action
act-libero_object-task03-state11,ACT,libero_object,3,11,113,translation,0.02952074966530287,controller_native_action
act-libero_object-task03-state11,ACT,libero_object,3,11,113,rotation,0.004095078219794225,controller_native_action
act-libero_object-task03-state11,ACT,libero_object,3,11,113,gripper,0.05985191852476082,controller_native_action
act-libero_object-task03-state11,ACT,libero_object,3,11,113,arm_original,0.021128247576439028,controller_native_action
act-libero_object-task03-state12,ACT,libero_object,3,12,149,translation,0.03616646226161456,controller_native_action
act-libero_object-task03-state12,ACT,libero_object,3,12,149,rotation,0.007092207621994024,controller_native_action
act-libero_object-task03-state12,ACT,libero_object,3,12,149,gripper,0.07776437308903822,controller_native_action
act-libero_object-task03-state12,ACT,libero_object,3,12,149,arm_original,0.026121393203361223,controller_native_action
act-libero_object-task03-state13,ACT,libero_object,3,13,265,translation,0.120724258003455,controller_native_action
act-libero_object-task03-state13,ACT,libero_object,3,13,265,rotation,0.014481763130880333,controller_native_action
act-libero_object-task03-state13,ACT,libero_object,3,13,265,gripper,0.3884437064036577,controller_native_action
act-libero_object-task03-state13,ACT,libero_object,3,13,265,arm_original,0.0860561042595745,controller_native_action
act-libero_object-task03-state14,ACT,libero_object,3,14,149,translation,0.03902422769276679,controller_native_action
act-libero_object-task03-state14,ACT,libero_object,3,14,149,rotation,0.005009867803029887,controller_native_action
act-libero_object-task03-state14,ACT,libero_object,3,14,149,gripper,0.09604655443804463,controller_native_action
act-libero_object-task03-state14,ACT,libero_object,3,14,149,arm_original,0.02786929568154064,controller_native_action
act-libero_object-task03-state15,ACT,libero_object,3,15,122,translation,0.044757330796953446,controller_native_action
act-libero_object-task03-state15,ACT,libero_object,3,15,122,rotation,0.007441337052638445,controller_native_action
act-libero_object-task03-state15,ACT,libero_object,3,15,122,gripper,0.12495544117947481,controller_native_action
act-libero_object-task03-state15,ACT,libero_object,3,15,122,arm_original,0.03216445375872394,controller_native_action
act-libero_object-task03-state16,ACT,libero_object,3,16,105,translation,0.02975040059387191,controller_native_action
act-libero_object-task03-state16,ACT,libero_object,3,16,105,rotation,0.004447846253339131,controller_native_action
act-libero_object-task03-state16,ACT,libero_object,3,16,105,gripper,0.07781158803721464,controller_native_action
act-libero_object-task03-state16,ACT,libero_object,3,16,105,arm_original,0.02131243824837339,controller_native_action
act-libero_object-task03-state17,ACT,libero_object,3,17,265,translation,0.1335478029994554,controller_native_action
act-libero_object-task03-state17,ACT,libero_object,3,17,265,rotation,0.02080271709375612,controller_native_action
act-libero_object-task03-state17,ACT,libero_object,3,17,265,gripper,0.44158187772028956,controller_native_action
act-libero_object-task03-state17,ACT,libero_object,3,17,265,arm_original,0.09561023677755029,controller_native_action
act-libero_object-task03-state18,ACT,libero_object,3,18,104,translation,0.01972274142908865,controller_native_action
act-libero_object-task03-state18,ACT,libero_object,3,18,104,rotation,0.0028430385567554373,controller_native_action
act-libero_object-task03-state18,ACT,libero_object,3,18,104,gripper,0.03344714110047898,controller_native_action
act-libero_object-task03-state18,ACT,libero_object,3,18,104,arm_original,0.014118071922443345,controller_native_action
act-libero_object-task03-state19,ACT,libero_object,3,19,109,translation,0.026231363685245618,controller_native_action
act-libero_object-task03-state19,ACT,libero_object,3,19,109,rotation,0.0034787818299292094,controller_native_action
act-libero_object-task03-state19,ACT,libero_object,3,19,109,gripper,0.02526888267361812,controller_native_action
act-libero_object-task03-state19,ACT,libero_object,3,19,109,arm_original,0.018737704230869078,controller_native_action
act-libero_spatial-task00-state10,ACT,libero_spatial,0,10,60,translation,0.032239419124360146,controller_native_action
act-libero_spatial-task00-state10,ACT,libero_spatial,0,10,60,rotation,0.005443019697400089,controller_native_action
act-libero_spatial-task00-state10,ACT,libero_spatial,0,10,60,gripper,0.028194829823752147,controller_native_action
act-libero_spatial-task00-state10,ACT,libero_spatial,0,10,60,arm_original,0.023154132081369145,controller_native_action
act-libero_spatial-task00-state11,ACT,libero_spatial,0,11,265,translation,0.10160608565218582,controller_native_action
act-libero_spatial-task00-state11,ACT,libero_spatial,0,11,265,rotation,0.027858940725662723,controller_native_action
act-libero_spatial-task00-state11,ACT,libero_spatial,0,11,265,gripper,0.1750231476723624,controller_native_action
act-libero_spatial-task00-state11,ACT,libero_spatial,0,11,265,arm_original,0.07494983102766872,controller_native_action
act-libero_spatial-task00-state12,ACT,libero_spatial,0,12,57,translation,0.030146774313552942,controller_native_action
act-libero_spatial-task00-state12,ACT,libero_spatial,0,12,57,rotation,0.004613675834227337,controller_native_action
act-libero_spatial-task00-state12,ACT,libero_spatial,0,12,57,gripper,0.023750424946226853,controller_native_action
act-libero_spatial-task00-state12,ACT,libero_spatial,0,12,57,arm_original,0.021616898700049653,controller_native_action
act-libero_spatial-task00-state13,ACT,libero_spatial,0,13,63,translation,0.03361075747384891,controller_native_action
act-libero_spatial-task00-state13,ACT,libero_spatial,0,13,63,rotation,0.005131099283365298,controller_native_action
act-libero_spatial-task00-state13,ACT,libero_spatial,0,13,63,gripper,0.0325812364088011,controller_native_action
act-libero_spatial-task00-state13,ACT,libero_spatial,0,13,63,arm_original,0.024096738794332762,controller_native_action
act-libero_spatial-task00-state14,ACT,libero_spatial,0,14,67,translation,0.0644921435629494,controller_native_action
act-libero_spatial-task00-state14,ACT,libero_spatial,0,14,67,rotation,0.009560205288322316,controller_native_action
act-libero_spatial-task00-state14,ACT,libero_spatial,0,14,67,gripper,0.026377851451197424,controller_native_action
act-libero_spatial-task00-state14,ACT,libero_spatial,0,14,67,arm_original,0.04618695289302033,controller_native_action
act-libero_spatial-task00-state15,ACT,libero_spatial,0,15,62,translation,0.06608644766039852,controller_native_action
act-libero_spatial-task00-state15,ACT,libero_spatial,0,15,62,rotation,0.008901370388378092,controller_native_action
act-libero_spatial-task00-state15,ACT,libero_spatial,0,15,62,gripper,0.025545091708046978,controller_native_action
act-libero_spatial-task00-state15,ACT,libero_spatial,0,15,62,arm_original,0.047203425153501594,controller_native_action
act-libero_spatial-task00-state16,ACT,libero_spatial,0,16,265,translation,0.24308141942068287,controller_native_action
act-libero_spatial-task00-state16,ACT,libero_spatial,0,16,265,rotation,0.029421672130840626,controller_native_action
act-libero_spatial-task00-state16,ACT,libero_spatial,0,16,265,gripper,0.2460423399102646,controller_native_action
act-libero_spatial-task00-state16,ACT,libero_spatial,0,16,265,arm_original,0.17323187106523166,controller_native_action
act-libero_spatial-task00-state17,ACT,libero_spatial,0,17,60,translation,0.038178613529528935,controller_native_action
act-libero_spatial-task00-state17,ACT,libero_spatial,0,17,60,rotation,0.0062258512463304145,controller_native_action
act-libero_spatial-task00-state17,ACT,libero_spatial,0,17,60,gripper,0.01892700924130055,controller_native_action
act-libero_spatial-task00-state17,ACT,libero_spatial,0,17,60,arm_original,0.02739334419129413,controller_native_action
act-libero_spatial-task00-state18,ACT,libero_spatial,0,18,265,translation,0.2070995670642567,controller_native_action
act-libero_spatial-task00-state18,ACT,libero_spatial,0,18,265,rotation,0.04327565984055178,controller_native_action
act-libero_spatial-task00-state18,ACT,libero_spatial,0,18,265,gripper,0.2971035390210366,controller_native_action
act-libero_spatial-task00-state18,ACT,libero_spatial,0,18,265,arm_original,0.1499160931880502,controller_native_action
act-libero_spatial-task00-state19,ACT,libero_spatial,0,19,62,translation,0.04795194384588461,controller_native_action
act-libero_spatial-task00-state19,ACT,libero_spatial,0,19,62,rotation,0.00648414414997956,controller_native_action
act-libero_spatial-task00-state19,ACT,libero_spatial,0,19,62,gripper,0.020376928601659985,controller_native_action
act-libero_spatial-task00-state19,ACT,libero_spatial,0,19,62,arm_original,0.034270025387057666,controller_native_action
act-libero_goal-task02-state10,ACT,libero_goal,2,10,68,translation,0.0304778426122834,controller_native_action
act-libero_goal-task02-state10,ACT,libero_goal,2,10,68,rotation,0.0043969921315767675,controller_native_action
act-libero_goal-task02-state10,ACT,libero_goal,2,10,68,gripper,0.02247451684546463,controller_native_action
act-libero_goal-task02-state10,ACT,libero_goal,2,10,68,arm_original,0.02185536499080747,controller_native_action
act-libero_goal-task02-state11,ACT,libero_goal,2,11,65,translation,0.03188209581417985,controller_native_action
act-libero_goal-task02-state11,ACT,libero_goal,2,11,65,rotation,0.005571223875046519,controller_native_action
act-libero_goal-task02-state11,ACT,libero_goal,2,11,65,gripper,0.019470880551661605,controller_native_action
act-libero_goal-task02-state11,ACT,libero_goal,2,11,65,arm_original,0.02299111542142795,controller_native_action
act-libero_goal-task02-state12,ACT,libero_goal,2,12,75,translation,0.03067869094857251,controller_native_action
act-libero_goal-task02-state12,ACT,libero_goal,2,12,75,rotation,0.005865290318461792,controller_native_action
act-libero_goal-task02-state12,ACT,libero_goal,2,12,75,gripper,0.047855946478071884,controller_native_action
act-libero_goal-task02-state12,ACT,libero_goal,2,12,75,arm_original,0.022193314128433377,controller_native_action
act-libero_goal-task02-state13,ACT,libero_goal,2,13,75,translation,0.027437459273859655,controller_native_action
act-libero_goal-task02-state13,ACT,libero_goal,2,13,75,rotation,0.004650755395785362,controller_native_action
act-libero_goal-task02-state13,ACT,libero_goal,2,13,75,gripper,0.01839370233659271,controller_native_action
act-libero_goal-task02-state13,ACT,libero_goal,2,13,75,arm_original,0.01976083095942996,controller_native_action
act-libero_goal-task02-state14,ACT,libero_goal,2,14,69,translation,0.036281254327958,controller_native_action
act-libero_goal-task02-state14,ACT,libero_goal,2,14,69,rotation,0.005301214088343785,controller_native_action
act-libero_goal-task02-state14,ACT,libero_goal,2,14,69,gripper,0.03092009899682966,controller_native_action
act-libero_goal-task02-state14,ACT,libero_goal,2,14,69,arm_original,0.026007641387893847,controller_native_action
act-libero_goal-task02-state15,ACT,libero_goal,2,15,70,translation,0.03473397905121278,controller_native_action
act-libero_goal-task02-state15,ACT,libero_goal,2,15,70,rotation,0.005209138006124413,controller_native_action
act-libero_goal-task02-state15,ACT,libero_goal,2,15,70,gripper,0.018996892503594553,controller_native_action
act-libero_goal-task02-state15,ACT,libero_goal,2,15,70,arm_original,0.024932530898245642,controller_native_action
act-libero_goal-task02-state16,ACT,libero_goal,2,16,79,translation,0.0294246625596893,controller_native_action
act-libero_goal-task02-state16,ACT,libero_goal,2,16,79,rotation,0.005212125289768819,controller_native_action
act-libero_goal-task02-state16,ACT,libero_goal,2,16,79,gripper,0.027207388282429575,controller_native_action
act-libero_goal-task02-state16,ACT,libero_goal,2,16,79,arm_original,0.021241671626378446,controller_native_action
act-libero_goal-task02-state17,ACT,libero_goal,2,17,65,translation,0.04068658684490726,controller_native_action
act-libero_goal-task02-state17,ACT,libero_goal,2,17,65,rotation,0.006091044674894861,controller_native_action
act-libero_goal-task02-state17,ACT,libero_goal,2,17,65,gripper,0.046675380083083265,controller_native_action
act-libero_goal-task02-state17,ACT,libero_goal,2,17,65,arm_original,0.029192843141625267,controller_native_action
act-libero_goal-task02-state18,ACT,libero_goal,2,18,74,translation,0.026317219412394056,controller_native_action
act-libero_goal-task02-state18,ACT,libero_goal,2,18,74,rotation,0.004521319269045882,controller_native_action
act-libero_goal-task02-state18,ACT,libero_goal,2,18,74,gripper,0.026496917898756234,controller_native_action
act-libero_goal-task02-state18,ACT,libero_goal,2,18,74,arm_original,0.018962195717061738,controller_native_action
act-libero_goal-task02-state19,ACT,libero_goal,2,19,67,translation,0.024001874457646476,controller_native_action
act-libero_goal-task02-state19,ACT,libero_goal,2,19,67,rotation,0.003724103749389877,controller_native_action
act-libero_goal-task02-state19,ACT,libero_goal,2,19,67,gripper,0.01878185681628505,controller_native_action
act-libero_goal-task02-state19,ACT,libero_goal,2,19,67,arm_original,0.01723211164740179,controller_native_action
act-libero_10-task03-state10,ACT,libero_10,3,10,234,translation,0.04056191373548419,controller_native_action
act-libero_10-task03-state10,ACT,libero_10,3,10,234,rotation,0.007276001858545674,controller_native_action
act-libero_10-task03-state10,ACT,libero_10,3,10,234,gripper,0.030609689712720503,controller_native_action
act-libero_10-task03-state10,ACT,libero_10,3,10,234,arm_original,0.0293648920725096,controller_native_action
act-libero_10-task03-state11,ACT,libero_10,3,11,505,translation,0.11061020289823222,controller_native_action
act-libero_10-task03-state11,ACT,libero_10,3,11,505,rotation,0.013750751553144265,controller_native_action
act-libero_10-task03-state11,ACT,libero_10,3,11,505,gripper,0.0753930645306083,controller_native_action
act-libero_10-task03-state11,ACT,libero_10,3,11,505,arm_original,0.0789107887393596,controller_native_action
act-libero_10-task03-state12,ACT,libero_10,3,12,215,translation,0.035972550181159295,controller_native_action
act-libero_10-task03-state12,ACT,libero_10,3,12,215,rotation,0.006358639191366229,controller_native_action
act-libero_10-task03-state12,ACT,libero_10,3,12,215,gripper,0.03910350738359076,controller_native_action
act-libero_10-task03-state12,ACT,libero_10,3,12,215,arm_original,0.02602543256615073,controller_native_action
act-libero_10-task03-state13,ACT,libero_10,3,13,229,translation,0.0403596301197265,controller_native_action
act-libero_10-task03-state13,ACT,libero_10,3,13,229,rotation,0.007180018150195215,controller_native_action
act-libero_10-task03-state13,ACT,libero_10,3,13,229,gripper,0.03829134955980889,controller_native_action
act-libero_10-task03-state13,ACT,libero_10,3,13,229,arm_original,0.029201881223327387,controller_native_action
act-libero_10-task03-state14,ACT,libero_10,3,14,209,translation,0.0238335245577303,controller_native_action
act-libero_10-task03-state14,ACT,libero_10,3,14,209,rotation,0.004642121272982462,controller_native_action
act-libero_10-task03-state14,ACT,libero_10,3,14,209,gripper,0.03526835432526937,controller_native_action
act-libero_10-task03-state14,ACT,libero_10,3,14,209,arm_original,0.01724352175463873,controller_native_action
act-libero_10-task03-state15,ACT,libero_10,3,15,505,translation,0.09159620725964812,controller_native_action
act-libero_10-task03-state15,ACT,libero_10,3,15,505,rotation,0.013321479073740275,controller_native_action
act-libero_10-task03-state15,ACT,libero_10,3,15,505,gripper,0.03560330636263486,controller_native_action
act-libero_10-task03-state15,ACT,libero_10,3,15,505,arm_original,0.06556905353584341,controller_native_action
act-libero_10-task03-state16,ACT,libero_10,3,16,505,translation,0.04766959067589744,controller_native_action
act-libero_10-task03-state16,ACT,libero_10,3,16,505,rotation,0.008382389848279596,controller_native_action
act-libero_10-task03-state16,ACT,libero_10,3,16,505,gripper,0.2691390515313157,controller_native_action
act-libero_10-task03-state16,ACT,libero_10,3,16,505,arm_original,0.0344092965328014,controller_native_action
act-libero_10-task03-state17,ACT,libero_10,3,17,196,translation,0.02373128950110404,controller_native_action
act-libero_10-task03-state17,ACT,libero_10,3,17,196,rotation,0.006846109224032814,controller_native_action
act-libero_10-task03-state17,ACT,libero_10,3,17,196,gripper,0.03459569229227073,controller_native_action
act-libero_10-task03-state17,ACT,libero_10,3,17,196,arm_original,0.017634498915085832,controller_native_action
act-libero_10-task03-state18,ACT,libero_10,3,18,199,translation,0.025047572241616575,controller_native_action
act-libero_10-task03-state18,ACT,libero_10,3,18,199,rotation,0.005672775802790731,controller_native_action
act-libero_10-task03-state18,ACT,libero_10,3,18,199,gripper,0.032882682446297294,controller_native_action
act-libero_10-task03-state18,ACT,libero_10,3,18,199,arm_original,0.018259257988280663,controller_native_action
act-libero_10-task03-state19,ACT,libero_10,3,19,201,translation,0.023878820803414344,controller_native_action
act-libero_10-task03-state19,ACT,libero_10,3,19,201,rotation,0.006101096591803549,controller_native_action
act-libero_10-task03-state19,ACT,libero_10,3,19,201,gripper,0.03233403970554811,controller_native_action
act-libero_10-task03-state19,ACT,libero_10,3,19,201,arm_original,0.017576403320935165,controller_native_action
smolvla-libero_object-task03-state10,SmolVLA,libero_object,3,10,120,translation,0.09877161048792174,controller_native_action
smolvla-libero_object-task03-state10,SmolVLA,libero_object,3,10,120,rotation,0.01925406201330589,controller_native_action
smolvla-libero_object-task03-state10,SmolVLA,libero_object,3,10,120,gripper,0.18499687387933025,controller_native_action
smolvla-libero_object-task03-state10,SmolVLA,libero_object,3,10,120,arm_original,0.07133005234737196,controller_native_action
smolvla-libero_object-task03-state11,SmolVLA,libero_object,3,11,110,translation,0.0878380167231142,controller_native_action
smolvla-libero_object-task03-state11,SmolVLA,libero_object,3,11,110,rotation,0.020188757884475658,controller_native_action
smolvla-libero_object-task03-state11,SmolVLA,libero_object,3,11,110,gripper,0.13142678464843355,controller_native_action
smolvla-libero_object-task03-state11,SmolVLA,libero_object,3,11,110,arm_original,0.06381206132867123,controller_native_action
smolvla-libero_object-task03-state12,SmolVLA,libero_object,3,12,109,translation,0.08466398936396709,controller_native_action
smolvla-libero_object-task03-state12,SmolVLA,libero_object,3,12,109,rotation,0.018769149163853627,controller_native_action
smolvla-libero_object-task03-state12,SmolVLA,libero_object,3,12,109,gripper,0.1264261726848203,controller_native_action
smolvla-libero_object-task03-state12,SmolVLA,libero_object,3,12,109,arm_original,0.061430886204212914,controller_native_action
smolvla-libero_object-task03-state13,SmolVLA,libero_object,3,13,190,translation,0.11122508038181476,controller_native_action
smolvla-libero_object-task03-state13,SmolVLA,libero_object,3,13,190,rotation,0.021706945126547517,controller_native_action
smolvla-libero_object-task03-state13,SmolVLA,libero_object,3,13,190,gripper,0.3535504359402266,controller_native_action
smolvla-libero_object-task03-state13,SmolVLA,libero_object,3,13,190,arm_original,0.08025486974375819,controller_native_action
smolvla-libero_object-task03-state14,SmolVLA,libero_object,3,14,111,translation,0.0919372164057562,controller_native_action
smolvla-libero_object-task03-state14,SmolVLA,libero_object,3,14,111,rotation,0.02015131604805357,controller_native_action
smolvla-libero_object-task03-state14,SmolVLA,libero_object,3,14,111,gripper,0.14285857238339514,controller_native_action
smolvla-libero_object-task03-state14,SmolVLA,libero_object,3,14,111,arm_original,0.06668979047394863,controller_native_action
smolvla-libero_object-task03-state15,SmolVLA,libero_object,3,15,97,translation,0.0947803854304696,controller_native_action
smolvla-libero_object-task03-state15,SmolVLA,libero_object,3,15,97,rotation,0.018189260471179525,controller_native_action
smolvla-libero_object-task03-state15,SmolVLA,libero_object,3,15,97,gripper,0.15343836108846656,controller_native_action
smolvla-libero_object-task03-state15,SmolVLA,libero_object,3,15,97,arm_original,0.06833347857885239,controller_native_action
smolvla-libero_object-task03-state16,SmolVLA,libero_object,3,16,105,translation,0.08406699077742669,controller_native_action
smolvla-libero_object-task03-state16,SmolVLA,libero_object,3,16,105,rotation,0.01890615716744247,controller_native_action
smolvla-libero_object-task03-state16,SmolVLA,libero_object,3,16,105,gripper,0.10371457846063165,controller_native_action
smolvla-libero_object-task03-state16,SmolVLA,libero_object,3,16,105,arm_original,0.06102274908461066,controller_native_action
smolvla-libero_object-task03-state17,SmolVLA,libero_object,3,17,113,translation,0.09582158988317506,controller_native_action
smolvla-libero_object-task03-state17,SmolVLA,libero_object,3,17,113,rotation,0.01856909542151787,controller_native_action
smolvla-libero_object-task03-state17,SmolVLA,libero_object,3,17,113,gripper,0.1527883747090022,controller_native_action
smolvla-libero_object-task03-state17,SmolVLA,libero_object,3,17,113,arm_original,0.06909397897935306,controller_native_action
smolvla-libero_object-task03-state18,SmolVLA,libero_object,3,18,137,translation,0.11630889560733879,controller_native_action
smolvla-libero_object-task03-state18,SmolVLA,libero_object,3,18,137,rotation,0.019489559530929502,controller_native_action
smolvla-libero_object-task03-state18,SmolVLA,libero_object,3,18,137,gripper,0.3292254218662754,controller_native_action
smolvla-libero_object-task03-state18,SmolVLA,libero_object,3,18,137,arm_original,0.08352158138887042,controller_native_action
smolvla-libero_object-task03-state19,SmolVLA,libero_object,3,19,111,translation,0.08743618432568051,controller_native_action
smolvla-libero_object-task03-state19,SmolVLA,libero_object,3,19,111,rotation,0.019555909540559687,controller_native_action
smolvla-libero_object-task03-state19,SmolVLA,libero_object,3,19,111,gripper,0.16624539706229166,controller_native_action
smolvla-libero_object-task03-state19,SmolVLA,libero_object,3,19,111,arm_original,0.06344254879717913,controller_native_action
smolvla-libero_spatial-task00-state10,SmolVLA,libero_spatial,0,10,60,translation,0.12733842346296645,controller_native_action
smolvla-libero_spatial-task00-state10,SmolVLA,libero_spatial,0,10,60,rotation,0.03029159187790166,controller_native_action
smolvla-libero_spatial-task00-state10,SmolVLA,libero_spatial,0,10,60,gripper,0.09977344133783926,controller_native_action
smolvla-libero_spatial-task00-state10,SmolVLA,libero_spatial,0,10,60,arm_original,0.09269237463394515,controller_native_action
smolvla-libero_spatial-task00-state11,SmolVLA,libero_spatial,0,11,210,translation,0.18970663842309093,controller_native_action
smolvla-libero_spatial-task00-state11,SmolVLA,libero_spatial,0,11,210,rotation,0.039680004212515566,controller_native_action
smolvla-libero_spatial-task00-state11,SmolVLA,libero_spatial,0,11,210,gripper,0.3717091900588691,controller_native_action
smolvla-libero_spatial-task00-state11,SmolVLA,libero_spatial,0,11,210,arm_original,0.13725612369344814,controller_native_action
smolvla-libero_spatial-task00-state12,SmolVLA,libero_spatial,0,12,62,translation,0.14375551224954716,controller_native_action
smolvla-libero_spatial-task00-state12,SmolVLA,libero_spatial,0,12,62,rotation,0.032356368251013325,controller_native_action
smolvla-libero_spatial-task00-state12,SmolVLA,libero_spatial,0,12,62,gripper,0.1631099618214763,controller_native_action
smolvla-libero_spatial-task00-state12,SmolVLA,libero_spatial,0,12,62,arm_original,0.10433945466734153,controller_native_action
smolvla-libero_spatial-task00-state13,SmolVLA,libero_spatial,0,13,265,translation,0.2905212513872134,controller_native_action
smolvla-libero_spatial-task00-state13,SmolVLA,libero_spatial,0,13,265,rotation,0.04445218122588558,controller_native_action
smolvla-libero_spatial-task00-state13,SmolVLA,libero_spatial,0,13,265,gripper,0.7270530473895864,controller_native_action
smolvla-libero_spatial-task00-state13,SmolVLA,libero_spatial,0,13,265,arm_original,0.20794991452989753,controller_native_action
smolvla-libero_spatial-task00-state14,SmolVLA,libero_spatial,0,14,65,translation,0.15150727777091075,controller_native_action
smolvla-libero_spatial-task00-state14,SmolVLA,libero_spatial,0,14,65,rotation,0.03250060557078582,controller_native_action
smolvla-libero_spatial-task00-state14,SmolVLA,libero_spatial,0,14,65,gripper,0.14565476436480668,controller_native_action
smolvla-libero_spatial-task00-state14,SmolVLA,libero_spatial,0,14,65,arm_original,0.10972940787677886,controller_native_action
smolvla-libero_spatial-task00-state15,SmolVLA,libero_spatial,0,15,52,translation,0.14120604845816104,controller_native_action
smolvla-libero_spatial-task00-state15,SmolVLA,libero_spatial,0,15,52,rotation,0.029575185905513633,controller_native_action
smolvla-libero_spatial-task00-state15,SmolVLA,libero_spatial,0,15,52,gripper,0.12513044868313306,controller_native_action
smolvla-libero_spatial-task00-state15,SmolVLA,libero_spatial,0,15,52,arm_original,0.10214467129907662,controller_native_action
smolvla-libero_spatial-task00-state16,SmolVLA,libero_spatial,0,16,57,translation,0.12935159569607896,controller_native_action
smolvla-libero_spatial-task00-state16,SmolVLA,libero_spatial,0,16,57,rotation,0.03166794164730831,controller_native_action
smolvla-libero_spatial-task00-state16,SmolVLA,libero_spatial,0,16,57,gripper,0.14754556715581385,controller_native_action
smolvla-libero_spatial-task00-state16,SmolVLA,libero_spatial,0,16,57,arm_original,0.09430569520697103,controller_native_action
smolvla-libero_spatial-task00-state17,SmolVLA,libero_spatial,0,17,61,translation,0.13205957741630966,controller_native_action
smolvla-libero_spatial-task00-state17,SmolVLA,libero_spatial,0,17,61,rotation,0.029440546797871323,controller_native_action
smolvla-libero_spatial-task00-state17,SmolVLA,libero_spatial,0,17,61,gripper,0.09605404506544933,controller_native_action
smolvla-libero_spatial-task00-state17,SmolVLA,libero_spatial,0,17,61,arm_original,0.0958552878319262,controller_native_action
smolvla-libero_spatial-task00-state18,SmolVLA,libero_spatial,0,18,265,translation,0.28381580821358693,controller_native_action
smolvla-libero_spatial-task00-state18,SmolVLA,libero_spatial,0,18,265,rotation,0.04682586666933365,controller_native_action
smolvla-libero_spatial-task00-state18,SmolVLA,libero_spatial,0,18,265,gripper,0.6670851830517962,controller_native_action
smolvla-libero_spatial-task00-state18,SmolVLA,libero_spatial,0,18,265,arm_original,0.20355286807777606,controller_native_action
smolvla-libero_spatial-task00-state19,SmolVLA,libero_spatial,0,19,62,translation,0.13538907591272833,controller_native_action
smolvla-libero_spatial-task00-state19,SmolVLA,libero_spatial,0,19,62,rotation,0.031386166261716995,controller_native_action
smolvla-libero_spatial-task00-state19,SmolVLA,libero_spatial,0,19,62,gripper,0.1277441648900226,controller_native_action
smolvla-libero_spatial-task00-state19,SmolVLA,libero_spatial,0,19,62,arm_original,0.09848116639160519,controller_native_action
smolvla-libero_goal-task02-state10,SmolVLA,libero_goal,2,10,81,translation,0.10896729639133029,controller_native_action
smolvla-libero_goal-task02-state10,SmolVLA,libero_goal,2,10,81,rotation,0.02426102593197291,controller_native_action
smolvla-libero_goal-task02-state10,SmolVLA,libero_goal,2,10,81,gripper,0.17656359194323631,controller_native_action
smolvla-libero_goal-task02-state10,SmolVLA,libero_goal,2,10,81,arm_original,0.07917909187560557,controller_native_action
smolvla-libero_goal-task02-state11,SmolVLA,libero_goal,2,11,86,translation,0.10160177345826082,controller_native_action
smolvla-libero_goal-task02-state11,SmolVLA,libero_goal,2,11,86,rotation,0.02701949532458431,controller_native_action
smolvla-libero_goal-task02-state11,SmolVLA,libero_goal,2,11,86,gripper,0.1436529414830595,controller_native_action
smolvla-libero_goal-task02-state11,SmolVLA,libero_goal,2,11,86,arm_original,0.0745994356742336,controller_native_action
smolvla-libero_goal-task02-state12,SmolVLA,libero_goal,2,12,72,translation,0.10751597214050151,controller_native_action
smolvla-libero_goal-task02-state12,SmolVLA,libero_goal,2,12,72,rotation,0.027657488746199062,controller_native_action
smolvla-libero_goal-task02-state12,SmolVLA,libero_goal,2,12,72,gripper,0.15582258065866336,controller_native_action
smolvla-libero_goal-task02-state12,SmolVLA,libero_goal,2,12,72,arm_original,0.07865833487205588,controller_native_action
smolvla-libero_goal-task02-state13,SmolVLA,libero_goal,2,13,86,translation,0.10324468194350858,controller_native_action
smolvla-libero_goal-task02-state13,SmolVLA,libero_goal,2,13,86,rotation,0.023376942197714305,controller_native_action
smolvla-libero_goal-task02-state13,SmolVLA,libero_goal,2,13,86,gripper,0.18267497627128867,controller_native_action
smolvla-libero_goal-task02-state13,SmolVLA,libero_goal,2,13,86,arm_original,0.07504726655364327,controller_native_action
smolvla-libero_goal-task02-state14,SmolVLA,libero_goal,2,14,285,translation,0.1294831576904297,controller_native_action
smolvla-libero_goal-task02-state14,SmolVLA,libero_goal,2,14,285,rotation,0.028863972753594723,controller_native_action
smolvla-libero_goal-task02-state14,SmolVLA,libero_goal,2,14,285,gripper,0.14240444005713956,controller_native_action
smolvla-libero_goal-task02-state14,SmolVLA,libero_goal,2,14,285,arm_original,0.09409878258603194,controller_native_action
smolvla-libero_goal-task02-state15,SmolVLA,libero_goal,2,15,79,translation,0.10592336801797049,controller_native_action
smolvla-libero_goal-task02-state15,SmolVLA,libero_goal,2,15,79,rotation,0.027900776520402296,controller_native_action
smolvla-libero_goal-task02-state15,SmolVLA,libero_goal,2,15,79,gripper,0.10458582787053262,controller_native_action
smolvla-libero_goal-task02-state15,SmolVLA,libero_goal,2,15,79,arm_original,0.0775878389521874,controller_native_action
smolvla-libero_goal-task02-state16,SmolVLA,libero_goal,2,16,94,translation,0.11176879895500215,controller_native_action
smolvla-libero_goal-task02-state16,SmolVLA,libero_goal,2,16,94,rotation,0.026438452106702523,controller_native_action
smolvla-libero_goal-task02-state16,SmolVLA,libero_goal,2,16,94,gripper,0.15584912359537456,controller_native_action
smolvla-libero_goal-task02-state16,SmolVLA,libero_goal,2,16,94,arm_original,0.08137882746995785,controller_native_action
smolvla-libero_goal-task02-state17,SmolVLA,libero_goal,2,17,76,translation,0.12079901733904659,controller_native_action
smolvla-libero_goal-task02-state17,SmolVLA,libero_goal,2,17,76,rotation,0.027944171172369164,controller_native_action
smolvla-libero_goal-task02-state17,SmolVLA,libero_goal,2,17,76,gripper,0.12497056674365957,controller_native_action
smolvla-libero_goal-task02-state17,SmolVLA,libero_goal,2,17,76,arm_original,0.0879386460932195,controller_native_action
smolvla-libero_goal-task02-state18,SmolVLA,libero_goal,2,18,285,translation,0.13720229236622755,controller_native_action
smolvla-libero_goal-task02-state18,SmolVLA,libero_goal,2,18,285,rotation,0.026989669022431953,controller_native_action
smolvla-libero_goal-task02-state18,SmolVLA,libero_goal,2,18,285,gripper,0.09193931335694316,controller_native_action
smolvla-libero_goal-task02-state18,SmolVLA,libero_goal,2,18,285,arm_original,0.09905092219381875,controller_native_action
smolvla-libero_goal-task02-state19,SmolVLA,libero_goal,2,19,89,translation,0.11572731366695531,controller_native_action
smolvla-libero_goal-task02-state19,SmolVLA,libero_goal,2,19,89,rotation,0.02988290415678587,controller_native_action
smolvla-libero_goal-task02-state19,SmolVLA,libero_goal,2,19,89,gripper,0.1024486816312141,controller_native_action
smolvla-libero_goal-task02-state19,SmolVLA,libero_goal,2,19,89,arm_original,0.08479069447958078,controller_native_action
smolvla-libero_10-task03-state10,SmolVLA,libero_10,3,10,237,translation,0.0923795104523221,controller_native_action
smolvla-libero_10-task03-state10,SmolVLA,libero_10,3,10,237,rotation,0.025137200784406347,controller_native_action
smolvla-libero_10-task03-state10,SmolVLA,libero_10,3,10,237,gripper,0.15794205707008618,controller_native_action
smolvla-libero_10-task03-state10,SmolVLA,libero_10,3,10,237,arm_original,0.06795357321968516,controller_native_action
smolvla-libero_10-task03-state11,SmolVLA,libero_10,3,11,505,translation,0.12270284854181701,controller_native_action
smolvla-libero_10-task03-state11,SmolVLA,libero_10,3,11,505,rotation,0.026008639543062657,controller_native_action
smolvla-libero_10-task03-state11,SmolVLA,libero_10,3,11,505,gripper,0.12017257983659184,controller_native_action
smolvla-libero_10-task03-state11,SmolVLA,libero_10,3,11,505,arm_original,0.08890130461586646,controller_native_action
smolvla-libero_10-task03-state12,SmolVLA,libero_10,3,12,505,translation,0.11647988738278048,controller_native_action
smolvla-libero_10-task03-state12,SmolVLA,libero_10,3,12,505,rotation,0.025697172326974525,controller_native_action
smolvla-libero_10-task03-state12,SmolVLA,libero_10,3,12,505,gripper,0.10395071202700978,controller_native_action
smolvla-libero_10-task03-state12,SmolVLA,libero_10,3,12,505,arm_original,0.08451375409457035,controller_native_action
smolvla-libero_10-task03-state13,SmolVLA,libero_10,3,13,200,translation,0.0886501283738273,controller_native_action
smolvla-libero_10-task03-state13,SmolVLA,libero_10,3,13,200,rotation,0.026244317608844846,controller_native_action
smolvla-libero_10-task03-state13,SmolVLA,libero_10,3,13,200,gripper,0.1040408466489712,controller_native_action
smolvla-libero_10-task03-state13,SmolVLA,libero_10,3,13,200,arm_original,0.06555082186385382,controller_native_action
smolvla-libero_10-task03-state14,SmolVLA,libero_10,3,14,215,translation,0.08703030837933207,controller_native_action
smolvla-libero_10-task03-state14,SmolVLA,libero_10,3,14,215,rotation,0.02433217201930342,controller_native_action
smolvla-libero_10-task03-state14,SmolVLA,libero_10,3,14,215,gripper,0.09012560255129431,controller_native_action
smolvla-libero_10-task03-state14,SmolVLA,libero_10,3,14,215,arm_original,0.06403182454357828,controller_native_action
smolvla-libero_10-task03-state15,SmolVLA,libero_10,3,15,193,translation,0.0910739935089446,controller_native_action
smolvla-libero_10-task03-state15,SmolVLA,libero_10,3,15,193,rotation,0.025815391302393995,controller_native_action
smolvla-libero_10-task03-state15,SmolVLA,libero_10,3,15,193,gripper,0.09758062507031676,controller_native_action
smolvla-libero_10-task03-state15,SmolVLA,libero_10,3,15,193,arm_original,0.06714129322131271,controller_native_action
smolvla-libero_10-task03-state16,SmolVLA,libero_10,3,16,505,translation,0.1173220318550957,controller_native_action
smolvla-libero_10-task03-state16,SmolVLA,libero_10,3,16,505,rotation,0.02751977019113667,controller_native_action
smolvla-libero_10-task03-state16,SmolVLA,libero_10,3,16,505,gripper,0.07377620382576075,controller_native_action
smolvla-libero_10-task03-state16,SmolVLA,libero_10,3,16,505,arm_original,0.08554035058277466,controller_native_action
smolvla-libero_10-task03-state17,SmolVLA,libero_10,3,17,505,translation,0.12119353707427422,controller_native_action
smolvla-libero_10-task03-state17,SmolVLA,libero_10,3,17,505,rotation,0.028560358187201904,controller_native_action
smolvla-libero_10-task03-state17,SmolVLA,libero_10,3,17,505,gripper,0.07300220310630101,controller_native_action
smolvla-libero_10-task03-state17,SmolVLA,libero_10,3,17,505,arm_original,0.0882993770696272,controller_native_action
smolvla-libero_10-task03-state18,SmolVLA,libero_10,3,18,192,translation,0.09011210171915542,controller_native_action
smolvla-libero_10-task03-state18,SmolVLA,libero_10,3,18,192,rotation,0.025482231945220455,controller_native_action
smolvla-libero_10-task03-state18,SmolVLA,libero_10,3,18,192,gripper,0.1338762151870579,controller_native_action
smolvla-libero_10-task03-state18,SmolVLA,libero_10,3,18,192,arm_original,0.06640434159805653,controller_native_action
smolvla-libero_10-task03-state19,SmolVLA,libero_10,3,19,505,translation,0.13062104988603587,controller_native_action
smolvla-libero_10-task03-state19,SmolVLA,libero_10,3,19,505,rotation,0.028228413274475155,controller_native_action
smolvla-libero_10-task03-state19,SmolVLA,libero_10,3,19,505,gripper,0.07200761811134743,controller_native_action
smolvla-libero_10-task03-state19,SmolVLA,libero_10,3,19,505,arm_original,0.09466674646996594,controller_native_action
