cell_id,policy,suite,task_id,state_id,eligible_targets,metric,value
act-libero_object-task03-state10,ACT,libero_object,3,10,127,dim_0,0.10085416724872372
act-libero_object-task03-state10,ACT,libero_object,3,10,127,dim_1,0.04253612548216067
act-libero_object-task03-state10,ACT,libero_object,3,10,127,dim_2,0.07634399282913912
act-libero_object-task03-state10,ACT,libero_object,3,10,127,dim_3,0.03779847418970319
act-libero_object-task03-state10,ACT,libero_object,3,10,127,dim_4,0.1103906402191108
act-libero_object-task03-state10,ACT,libero_object,3,10,127,dim_5,0.03496659790179715
act-libero_object-task03-state10,ACT,libero_object,3,10,127,dim_6,0.03692524258945268
act-libero_object-task03-state10,ACT,libero_object,3,10,127,translation,0.08399409746850561
act-libero_object-task03-state10,ACT,libero_object,3,10,127,rotation,0.07649063634632636
act-libero_object-task03-state10,ACT,libero_object,3,10,127,gripper,0.03692524258945268
act-libero_object-task03-state10,ACT,libero_object,3,10,127,arm_original,0.0846176724424339
act-libero_object-task03-state11,ACT,libero_object,3,11,113,dim_0,0.05793434006183455
act-libero_object-task03-state11,ACT,libero_object,3,11,113,dim_1,0.04720164904959104
act-libero_object-task03-state11,ACT,libero_object,3,11,113,dim_2,0.08639983386846772
act-libero_object-task03-state11,ACT,libero_object,3,11,113,dim_3,0.0484493028539674
act-libero_object-task03-state11,ACT,libero_object,3,11,113,dim_4,0.07974124455304976
act-libero_object-task03-state11,ACT,libero_object,3,11,113,dim_5,0.04575966943848942
act-libero_object-task03-state11,ACT,libero_object,3,11,113,dim_6,0.05992579879322963
act-libero_object-task03-state11,ACT,libero_object,3,11,113,translation,0.07321596382450983
act-libero_object-task03-state11,ACT,libero_object,3,11,113,rotation,0.06589065066469325
act-libero_object-task03-state11,ACT,libero_object,3,11,113,gripper,0.05992579879322963
act-libero_object-task03-state11,ACT,libero_object,3,11,113,arm_original,0.0716166493738296
act-libero_object-task03-state12,ACT,libero_object,3,12,149,dim_0,0.09151216106721115
act-libero_object-task03-state12,ACT,libero_object,3,12,149,dim_1,0.05291076874333698
act-libero_object-task03-state12,ACT,libero_object,3,12,149,dim_2,0.1010274893976977
act-libero_object-task03-state12,ACT,libero_object,3,12,149,dim_3,0.06041419641851947
act-libero_object-task03-state12,ACT,libero_object,3,12,149,dim_4,0.15879750574429627
act-libero_object-task03-state12,ACT,libero_object,3,12,149,dim_5,0.058130886073639566
act-libero_object-task03-state12,ACT,libero_object,3,12,149,dim_6,0.07786036421017077
act-libero_object-task03-state12,ACT,libero_object,3,12,149,translation,0.09174496516959092
act-libero_object-task03-state12,ACT,libero_object,3,12,149,rotation,0.11412523745285405
act-libero_object-task03-state12,ACT,libero_object,3,12,149,gripper,0.07786036421017077
act-libero_object-task03-state12,ACT,libero_object,3,12,149,arm_original,0.10533787574420506
act-libero_object-task03-state13,ACT,libero_object,3,13,265,dim_0,0.32944976045128344
act-libero_object-task03-state13,ACT,libero_object,3,13,265,dim_1,0.10919791545347084
act-libero_object-task03-state13,ACT,libero_object,3,13,265,dim_2,0.3701802334836948
act-libero_object-task03-state13,ACT,libero_object,3,13,265,dim_3,0.18268704630821747
act-libero_object-task03-state13,ACT,libero_object,3,13,265,dim_4,0.349472121675131
act-libero_object-task03-state13,ACT,libero_object,3,13,265,dim_5,0.0945775972615146
act-libero_object-task03-state13,ACT,libero_object,3,13,265,dim_6,0.3889231952157373
act-libero_object-task03-state13,ACT,libero_object,3,13,265,translation,0.30362478753466904
act-libero_object-task03-state13,ACT,libero_object,3,13,265,rotation,0.24126126710757942
act-libero_object-task03-state13,ACT,libero_object,3,13,265,gripper,0.3889231952157373
act-libero_object-task03-state13,ACT,libero_object,3,13,265,arm_original,0.27802910437392653
act-libero_object-task03-state14,ACT,libero_object,3,14,149,dim_0,0.09949436132529263
act-libero_object-task03-state14,ACT,libero_object,3,14,149,dim_1,0.05089444837187899
act-libero_object-task03-state14,ACT,libero_object,3,14,149,dim_2,0.1057197253094896
act-libero_object-task03-state14,ACT,libero_object,3,14,149,dim_3,0.09673116904373825
act-libero_object-task03-state14,ACT,libero_object,3,14,149,dim_4,0.09607358830919997
act-libero_object-task03-state14,ACT,libero_object,3,14,149,dim_5,0.04502412674679725
act-libero_object-task03-state14,ACT,libero_object,3,14,149,dim_6,0.09616511279677879
act-libero_object-task03-state14,ACT,libero_object,3,14,149,translation,0.09945350417362134
act-libero_object-task03-state14,ACT,libero_object,3,14,149,rotation,0.09052794020400114
act-libero_object-task03-state14,ACT,libero_object,3,14,149,gripper,0.09616511279677879
act-libero_object-task03-state14,ACT,libero_object,3,14,149,arm_original,0.0977715210817155
act-libero_object-task03-state15,ACT,libero_object,3,15,122,dim_0,0.11871914896215972
act-libero_object-task03-state15,ACT,libero_object,3,15,122,dim_1,0.05483257316630306
act-libero_object-task03-state15,ACT,libero_object,3,15,122,dim_2,0.12433662197360458
act-libero_object-task03-state15,ACT,libero_object,3,15,122,dim_3,0.11180996443914575
act-libero_object-task03-state15,ACT,libero_object,3,15,122,dim_4,0.16180343099961675
act-libero_object-task03-state15,ACT,libero_object,3,15,122,dim_5,0.05211618696328433
act-libero_object-task03-state15,ACT,libero_object,3,15,122,dim_6,0.125109684214093
act-libero_object-task03-state15,ACT,libero_object,3,15,122,translation,0.11409766001582762
act-libero_object-task03-state15,ACT,libero_object,3,15,122,rotation,0.12880870375988052
act-libero_object-task03-state15,ACT,libero_object,3,15,122,gripper,0.125109684214093
act-libero_object-task03-state15,ACT,libero_object,3,15,122,arm_original,0.12426118827871893
act-libero_object-task03-state16,ACT,libero_object,3,16,105,dim_0,0.06001752531571093
act-libero_object-task03-state16,ACT,libero_object,3,16,105,dim_1,0.03391864284444779
act-libero_object-task03-state16,ACT,libero_object,3,16,105,dim_2,0.0922411997974018
act-libero_object-task03-state16,ACT,libero_object,3,16,105,dim_3,0.06378522807034992
act-libero_object-task03-state16,ACT,libero_object,3,16,105,dim_4,0.09332968642279174
act-libero_object-task03-state16,ACT,libero_object,3,16,105,dim_5,0.04404262367312446
act-libero_object-task03-state16,ACT,libero_object,3,16,105,dim_6,0.07790763743973789
act-libero_object-task03-state16,ACT,libero_object,3,16,105,translation,0.07305973333099801
act-libero_object-task03-state16,ACT,libero_object,3,16,105,rotation,0.07389031721311541
act-libero_object-task03-state16,ACT,libero_object,3,16,105,gripper,0.07790763743973789
act-libero_object-task03-state16,ACT,libero_object,3,16,105,arm_original,0.07520352555061546
act-libero_object-task03-state17,ACT,libero_object,3,17,265,dim_0,0.1896902967839456
act-libero_object-task03-state17,ACT,libero_object,3,17,265,dim_1,0.12657948578104766
act-libero_object-task03-state17,ACT,libero_object,3,17,265,dim_2,0.4677562162649303
act-libero_object-task03-state17,ACT,libero_object,3,17,265,dim_3,0.20076480924311912
act-libero_object-task03-state17,ACT,libero_object,3,17,265,dim_4,0.5413157368155583
act-libero_object-task03-state17,ACT,libero_object,3,17,265,dim_5,0.06284367568666345
act-libero_object-task03-state17,ACT,libero_object,3,17,265,dim_6,0.4421269594566994
act-libero_object-task03-state17,ACT,libero_object,3,17,265,translation,0.3151436776701155
act-libero_object-task03-state17,ACT,libero_object,3,17,265,rotation,0.3413434961355238
act-libero_object-task03-state17,ACT,libero_object,3,17,265,gripper,0.4421269594566994
act-libero_object-task03-state17,ACT,libero_object,3,17,265,arm_original,0.32984982327343604
act-libero_object-task03-state18,ACT,libero_object,3,18,104,dim_0,0.032229515540883456
act-libero_object-task03-state18,ACT,libero_object,3,18,104,dim_1,0.03371871063925315
act-libero_object-task03-state18,ACT,libero_object,3,18,104,dim_2,0.05891984462378378
act-libero_object-task03-state18,ACT,libero_object,3,18,104,dim_3,0.061755163768350836
act-libero_object-task03-state18,ACT,libero_object,3,18,104,dim_4,0.04585521639628798
act-libero_object-task03-state18,ACT,libero_object,3,18,104,dim_5,0.03145712360573126
act-libero_object-task03-state18,ACT,libero_object,3,18,104,dim_6,0.03348842772628689
act-libero_object-task03-state18,ACT,libero_object,3,18,104,translation,0.04823821897993578
act-libero_object-task03-state18,ACT,libero_object,3,18,104,rotation,0.05222628296608267
act-libero_object-task03-state18,ACT,libero_object,3,18,104,gripper,0.03348842772628689
act-libero_object-task03-state18,ACT,libero_object,3,18,104,arm_original,0.051615653958008365
act-libero_object-task03-state19,ACT,libero_object,3,19,109,dim_0,0.054677779045362626
act-libero_object-task03-state19,ACT,libero_object,3,19,109,dim_1,0.03983838546908293
act-libero_object-task03-state19,ACT,libero_object,3,19,109,dim_2,0.0739598202110892
act-libero_object-task03-state19,ACT,libero_object,3,19,109,dim_3,0.05436560791392024
act-libero_object-task03-state19,ACT,libero_object,3,19,109,dim_4,0.07222921169857019
act-libero_object-task03-state19,ACT,libero_object,3,19,109,dim_5,0.03138168491955616
act-libero_object-task03-state19,ACT,libero_object,3,19,109,dim_6,0.025300074185633906
act-libero_object-task03-state19,ACT,libero_object,3,19,109,translation,0.06557450428881632
act-libero_object-task03-state19,ACT,libero_object,3,19,109,rotation,0.05977121704110023
act-libero_object-task03-state19,ACT,libero_object,3,19,109,gripper,0.025300074185633906
act-libero_object-task03-state19,ACT,libero_object,3,19,109,arm_original,0.06415997587243207
act-libero_spatial-task00-state10,ACT,libero_spatial,0,10,60,dim_0,0.09558323325289506
act-libero_spatial-task00-state10,ACT,libero_spatial,0,10,60,dim_1,0.043889126819521465
act-libero_spatial-task00-state10,ACT,libero_spatial,0,10,60,dim_2,0.07427552672662134
act-libero_spatial-task00-state10,ACT,libero_spatial,0,10,60,dim_3,0.09344960511452803
act-libero_spatial-task00-state10,ACT,libero_spatial,0,10,60,dim_4,0.1052692049223617
act-libero_spatial-task00-state10,ACT,libero_spatial,0,10,60,dim_5,0.05832047029584062
act-libero_spatial-task00-state10,ACT,libero_spatial,0,10,60,dim_6,0.028229633078988643
act-libero_spatial-task00-state10,ACT,libero_spatial,0,10,60,translation,0.08408382612264473
act-libero_spatial-task00-state10,ACT,libero_spatial,0,10,60,rotation,0.09349164956324903
act-libero_spatial-task00-state10,ACT,libero_spatial,0,10,60,gripper,0.028229633078988643
act-libero_spatial-task00-state10,ACT,libero_spatial,0,10,60,arm_original,0.0901341908611655
act-libero_spatial-task00-state11,ACT,libero_spatial,0,11,265,dim_0,0.17696355048527784
act-libero_spatial-task00-state11,ACT,libero_spatial,0,11,265,dim_1,0.10025884658695675
act-libero_spatial-task00-state11,ACT,libero_spatial,0,11,265,dim_2,0.3500364275033578
act-libero_spatial-task00-state11,ACT,libero_spatial,0,11,265,dim_3,0.26105499700666
act-libero_spatial-task00-state11,ACT,libero_spatial,0,11,265,dim_4,0.564318210934834
act-libero_spatial-task00-state11,ACT,libero_spatial,0,11,265,dim_5,0.3708736912347818
act-libero_spatial-task00-state11,ACT,libero_spatial,0,11,265,dim_6,0.17523919349774295
act-libero_spatial-task00-state11,ACT,libero_spatial,0,11,265,translation,0.24197296024744194
act-libero_spatial-task00-state11,ACT,libero_spatial,0,11,265,rotation,0.4310765625706329
act-libero_spatial-task00-state11,ACT,libero_spatial,0,11,265,gripper,0.17523919349774295
act-libero_spatial-task00-state11,ACT,libero_spatial,0,11,265,arm_original,0.35546445275552724
act-libero_spatial-task00-state12,ACT,libero_spatial,0,12,57,dim_0,0.08890053368443702
act-libero_spatial-task00-state12,ACT,libero_spatial,0,12,57,dim_1,0.04683095118577007
act-libero_spatial-task00-state12,ACT,libero_spatial,0,12,57,dim_2,0.06592643821497182
act-libero_spatial-task00-state12,ACT,libero_spatial,0,12,57,dim_3,0.10845735729883779
act-libero_spatial-task00-state12,ACT,libero_spatial,0,12,57,dim_4,0.084439164816154
act-libero_spatial-task00-state12,ACT,libero_spatial,0,12,57,dim_5,0.04341440198253721
act-libero_spatial-task00-state12,ACT,libero_spatial,0,12,57,dim_6,0.023779742097865854
act-libero_spatial-task00-state12,ACT,libero_spatial,0,12,57,translation,0.07899714882415532
act-libero_spatial-task00-state12,ACT,libero_spatial,0,12,57,rotation,0.0864172899274976
act-libero_spatial-task00-state12,ACT,libero_spatial,0,12,57,gripper,0.023779742097865854
act-libero_spatial-task00-state12,ACT,libero_spatial,0,12,57,arm_original,0.08472774155959223
act-libero_spatial-task00-state13,ACT,libero_spatial,0,13,63,dim_0,0.10029304516662663
act-libero_spatial-task00-state13,ACT,libero_spatial,0,13,63,dim_1,0.036193117809166994
act-libero_spatial-task00-state13,ACT,libero_spatial,0,13,63,dim_2,0.08181476005293614
act-libero_spatial-task00-state13,ACT,libero_spatial,0,13,63,dim_3,0.07718029605214992
act-libero_spatial-task00-state13,ACT,libero_spatial,0,13,63,dim_4,0.09348899273553665
act-libero_spatial-task00-state13,ACT,libero_spatial,0,13,63,dim_5,0.065309851901355
act-libero_spatial-task00-state13,ACT,libero_spatial,0,13,63,dim_6,0.032621454175453514
act-libero_spatial-task00-state13,ACT,libero_spatial,0,13,63,translation,0.08714925807887135
act-libero_spatial-task00-state13,ACT,libero_spatial,0,13,63,rotation,0.08486239716458267
act-libero_spatial-task00-state13,ACT,libero_spatial,0,13,63,gripper,0.032621454175453514
act-libero_spatial-task00-state13,ACT,libero_spatial,0,13,63,arm_original,0.0877522855983386
act-libero_spatial-task00-state14,ACT,libero_spatial,0,14,67,dim_0,0.2272555277185901
act-libero_spatial-task00-state14,ACT,libero_spatial,0,14,67,dim_1,0.05137937727815216
act-libero_spatial-task00-state14,ACT,libero_spatial,0,14,67,dim_2,0.13652749818417015
act-libero_spatial-task00-state14,ACT,libero_spatial,0,14,67,dim_3,0.1602168671610301
act-libero_spatial-task00-state14,ACT,libero_spatial,0,14,67,dim_4,0.14760183915251432
act-libero_spatial-task00-state14,ACT,libero_spatial,0,14,67,dim_5,0.12552524504905566
act-libero_spatial-task00-state14,ACT,libero_spatial,0,14,67,dim_6,0.02641041185685992
act-libero_spatial-task00-state14,ACT,libero_spatial,0,14,67,translation,0.17259970777110245
act-libero_spatial-task00-state14,ACT,libero_spatial,0,14,67,rotation,0.16167977159789237
act-libero_spatial-task00-state14,ACT,libero_spatial,0,14,67,gripper,0.02641041185685992
act-libero_spatial-task00-state14,ACT,libero_spatial,0,14,67,arm_original,0.17010572254746253
act-libero_spatial-task00-state15,ACT,libero_spatial,0,15,62,dim_0,0.20852175823723867
act-libero_spatial-task00-state15,ACT,libero_spatial,0,15,62,dim_1,0.06868710023470757
act-libero_spatial-task00-state15,ACT,libero_spatial,0,15,62,dim_2,0.1479268326558591
act-libero_spatial-task00-state15,ACT,libero_spatial,0,15,62,dim_3,0.18280852554645852
act-libero_spatial-task00-state15,ACT,libero_spatial,0,15,62,dim_4,0.1349929723652189
act-libero_spatial-task00-state15,ACT,libero_spatial,0,15,62,dim_5,0.11023792187620089
act-libero_spatial-task00-state15,ACT,libero_spatial,0,15,62,dim_6,0.02557662416815801
act-libero_spatial-task00-state15,ACT,libero_spatial,0,15,62,translation,0.17429817162796823
act-libero_spatial-task00-state15,ACT,libero_spatial,0,15,62,rotation,0.15781682635681551
act-libero_spatial-task00-state15,ACT,libero_spatial,0,15,62,gripper,0.02557662416815801
act-libero_spatial-task00-state15,ACT,libero_spatial,0,15,62,arm_original,0.1688446304754556
act-libero_spatial-task00-state16,ACT,libero_spatial,0,16,265,dim_0,0.6227095936137877
act-libero_spatial-task00-state16,ACT,libero_spatial,0,16,265,dim_1,0.1542075026507105
act-libero_spatial-task00-state16,ACT,libero_spatial,0,16,265,dim_2,0.782951706220969
act-libero_spatial-task00-state16,ACT,libero_spatial,0,16,265,dim_3,0.46154942363420554
act-libero_spatial-task00-state16,ACT,libero_spatial,0,16,265,dim_4,0.5673457860895234
act-libero_spatial-task00-state16,ACT,libero_spatial,0,16,265,dim_5,0.35247786670538667
act-libero_spatial-task00-state16,ACT,libero_spatial,0,16,265,dim_6,0.24634605071144378
act-libero_spatial-task00-state16,ACT,libero_spatial,0,16,265,translation,0.6015241539439482
act-libero_spatial-task00-state16,ACT,libero_spatial,0,16,265,rotation,0.48882911649049077
act-libero_spatial-task00-state16,ACT,libero_spatial,0,16,265,gripper,0.24634605071144378
act-libero_spatial-task00-state16,ACT,libero_spatial,0,16,265,arm_original,0.5525895857592811
act-libero_spatial-task00-state17,ACT,libero_spatial,0,17,60,dim_0,0.1255020890869883
act-libero_spatial-task00-state17,ACT,libero_spatial,0,17,60,dim_1,0.044348379272023696
act-libero_spatial-task00-state17,ACT,libero_spatial,0,17,60,dim_2,0.07680352157579913
act-libero_spatial-task00-state17,ACT,libero_spatial,0,17,60,dim_3,0.12929430383441828
act-libero_spatial-task00-state17,ACT,libero_spatial,0,17,60,dim_4,0.10329902677744698
act-libero_spatial-task00-state17,ACT,libero_spatial,0,17,60,dim_5,0.06787825658724726
act-libero_spatial-task00-state17,ACT,libero_spatial,0,17,60,dim_6,0.01895037244432771
act-libero_spatial-task00-state17,ACT,libero_spatial,0,17,60,translation,0.10178263092604102
act-libero_spatial-task00-state17,ACT,libero_spatial,0,17,60,rotation,0.11180123321675738
act-libero_spatial-task00-state17,ACT,libero_spatial,0,17,60,gripper,0.01895037244432771
act-libero_spatial-task00-state17,ACT,libero_spatial,0,17,60,arm_original,0.10870365678722838
act-libero_spatial-task00-state18,ACT,libero_spatial,0,18,265,dim_0,0.5221952177187434
act-libero_spatial-task00-state18,ACT,libero_spatial,0,18,265,dim_1,0.11141122693614541
act-libero_spatial-task00-state18,ACT,libero_spatial,0,18,265,dim_2,0.6755320549942209
act-libero_spatial-task00-state18,ACT,libero_spatial,0,18,265,dim_3,0.43983736144176483
act-libero_spatial-task00-state18,ACT,libero_spatial,0,18,265,dim_4,1.0475054731107987
act-libero_spatial-task00-state18,ACT,libero_spatial,0,18,265,dim_5,0.32967101908288543
act-libero_spatial-task00-state18,ACT,libero_spatial,0,18,265,dim_6,0.2974702789646663
act-libero_spatial-task00-state18,ACT,libero_spatial,0,18,265,translation,0.5097486369786697
act-libero_spatial-task00-state18,ACT,libero_spatial,0,18,265,rotation,0.7020950064096402
act-libero_spatial-task00-state18,ACT,libero_spatial,0,18,265,gripper,0.2974702789646663
act-libero_spatial-task00-state18,ACT,libero_spatial,0,18,265,arm_original,0.6206049215217516
act-libero_spatial-task00-state19,ACT,libero_spatial,0,19,62,dim_0,0.15122176696386014
act-libero_spatial-task00-state19,ACT,libero_spatial,0,19,62,dim_1,0.05564406340114914
act-libero_spatial-task00-state19,ACT,libero_spatial,0,19,62,dim_2,0.09834081166525045
act-libero_spatial-task00-state19,ACT,libero_spatial,0,19,62,dim_3,0.15106883435919272
act-libero_spatial-task00-state19,ACT,libero_spatial,0,19,62,dim_4,0.08359734393340952
act-libero_spatial-task00-state19,ACT,libero_spatial,0,19,62,dim_5,0.08176420838165126
act-libero_spatial-task00-state19,ACT,libero_spatial,0,19,62,dim_6,0.02040208156237983
act-libero_spatial-task00-state19,ACT,libero_spatial,0,19,62,translation,0.1268072367893117
act-libero_spatial-task00-state19,ACT,libero_spatial,0,19,62,rotation,0.11944687639094217
act-libero_spatial-task00-state19,ACT,libero_spatial,0,19,62,gripper,0.02040208156237983
act-libero_spatial-task00-state19,ACT,libero_spatial,0,19,62,arm_original,0.12582569514434946
act-libero_goal-task02-state10,ACT,libero_goal,2,10,68,dim_0,0.08949076399206318
act-libero_goal-task02-state10,ACT,libero_goal,2,10,68,dim_1,0.03428092392378237
act-libero_goal-task02-state10,ACT,libero_goal,2,10,68,dim_2,0.0731548874563574
act-libero_goal-task02-state10,ACT,libero_goal,2,10,68,dim_3,0.06851618534315321
act-libero_goal-task02-state10,ACT,libero_goal,2,10,68,dim_4,0.0948533610552953
act-libero_goal-task02-state10,ACT,libero_goal,2,10,68,dim_5,0.03536628375532603
act-libero_goal-task02-state10,ACT,libero_goal,2,10,68,dim_6,0.022502259036177575
act-libero_goal-task02-state10,ACT,libero_goal,2,10,68,translation,0.07952072628814584
act-libero_goal-task02-state10,ACT,libero_goal,2,10,68,rotation,0.07516899329831646
act-libero_goal-task02-state10,ACT,libero_goal,2,10,68,gripper,0.022502259036177575
act-libero_goal-task02-state10,ACT,libero_goal,2,10,68,arm_original,0.08037390332412561
act-libero_goal-task02-state11,ACT,libero_goal,2,11,65,dim_0,0.0970167528024811
act-libero_goal-task02-state11,ACT,libero_goal,2,11,65,dim_1,0.05068476024964261
act-libero_goal-task02-state11,ACT,libero_goal,2,11,65,dim_2,0.06987412272686191
act-libero_goal-task02-state11,ACT,libero_goal,2,11,65,dim_3,0.0896026029149895
act-libero_goal-task02-state11,ACT,libero_goal,2,11,65,dim_4,0.11928375490673
act-libero_goal-task02-state11,ACT,libero_goal,2,11,65,dim_5,0.04022727789643306
act-libero_goal-task02-state11,ACT,libero_goal,2,11,65,dim_6,0.019494915100894735
act-libero_goal-task02-state11,ACT,libero_goal,2,11,65,translation,0.08400561102727133
act-libero_goal-task02-state11,ACT,libero_goal,2,11,65,rotation,0.0967699962189149
act-libero_goal-task02-state11,ACT,libero_goal,2,11,65,gripper,0.019494915100894735
act-libero_goal-task02-state11,ACT,libero_goal,2,11,65,arm_original,0.09371864329846483
act-libero_goal-task02-state12,ACT,libero_goal,2,12,75,dim_0,0.084248468175462
act-libero_goal-task02-state12,ACT,libero_goal,2,12,75,dim_1,0.047925961730961086
act-libero_goal-task02-state12,ACT,libero_goal,2,12,75,dim_2,0.08069504709812864
act-libero_goal-task02-state12,ACT,libero_goal,2,12,75,dim_3,0.14209352667794956
act-libero_goal-task02-state12,ACT,libero_goal,2,12,75,dim_4,0.11403531890377827
act-libero_goal-task02-state12,ACT,libero_goal,2,12,75,dim_5,0.0375079777768234
act-libero_goal-task02-state12,ACT,libero_goal,2,12,75,dim_6,0.04791501910699966
act-libero_goal-task02-state12,ACT,libero_goal,2,12,75,translation,0.07903797008781487
act-libero_goal-task02-state12,ACT,libero_goal,2,12,75,rotation,0.1129919190078909
act-libero_goal-task02-state12,ACT,libero_goal,2,12,75,gripper,0.04791501910699966
act-libero_goal-task02-state12,ACT,libero_goal,2,12,75,arm_original,0.10021848440974741
act-libero_goal-task02-state13,ACT,libero_goal,2,13,75,dim_0,0.08560769305320465
act-libero_goal-task02-state13,ACT,libero_goal,2,13,75,dim_1,0.039294120358432556
act-libero_goal-task02-state13,ACT,libero_goal,2,13,75,dim_2,0.06643115941374217
act-libero_goal-task02-state13,ACT,libero_goal,2,13,75,dim_3,0.04639007911257962
act-libero_goal-task02-state13,ACT,libero_goal,2,13,75,dim_4,0.10397830188543754
act-libero_goal-task02-state13,ACT,libero_goal,2,13,75,dim_5,0.03539857537308275
act-libero_goal-task02-state13,ACT,libero_goal,2,13,75,dim_6,0.01841640723395035
act-libero_goal-task02-state13,ACT,libero_goal,2,13,75,translation,0.07204547039805775
act-libero_goal-task02-state13,ACT,libero_goal,2,13,75,rotation,0.07541695852738095
act-libero_goal-task02-state13,ACT,libero_goal,2,13,75,gripper,0.01841640723395035
act-libero_goal-task02-state13,ACT,libero_goal,2,13,75,arm_original,0.07689073375316943
act-libero_goal-task02-state14,ACT,libero_goal,2,14,69,dim_0,0.10700467505421117
act-libero_goal-task02-state14,ACT,libero_goal,2,14,69,dim_1,0.04250783269483221
act-libero_goal-task02-state14,ACT,libero_goal,2,14,69,dim_2,0.08977133176582569
act-libero_goal-task02-state14,ACT,libero_goal,2,14,69,dim_3,0.06735895741091331
act-libero_goal-task02-state14,ACT,libero_goal,2,14,69,dim_4,0.11419322143134342
act-libero_goal-task02-state14,ACT,libero_goal,2,14,69,dim_5,0.04644616896408199
act-libero_goal-task02-state14,ACT,libero_goal,2,14,69,dim_6,0.03095826628154289
act-libero_goal-task02-state14,ACT,libero_goal,2,14,69,translation,0.09424985864112696
act-libero_goal-task02-state14,ACT,libero_goal,2,14,69,rotation,0.0880548890133147
act-libero_goal-task02-state14,ACT,libero_goal,2,14,69,gripper,0.03095826628154289
act-libero_goal-task02-state14,ACT,libero_goal,2,14,69,arm_original,0.09426082556470561
act-libero_goal-task02-state15,ACT,libero_goal,2,15,70,dim_0,0.10537154426429264
act-libero_goal-task02-state15,ACT,libero_goal,2,15,70,dim_1,0.04363453603188071
act-libero_goal-task02-state15,ACT,libero_goal,2,15,70,dim_2,0.08250597980283027
act-libero_goal-task02-state15,ACT,libero_goal,2,15,70,dim_3,0.09888648426177513
act-libero_goal-task02-state15,ACT,libero_goal,2,15,70,dim_4,0.11077096041229913
act-libero_goal-task02-state15,ACT,libero_goal,2,15,70,dim_5,0.029222612836479447
act-libero_goal-task02-state15,ACT,libero_goal,2,15,70,dim_6,0.01902034196942342
act-libero_goal-task02-state15,ACT,libero_goal,2,15,70,translation,0.09093607538642381
act-libero_goal-task02-state15,ACT,libero_goal,2,15,70,rotation,0.09530726261684887
act-libero_goal-task02-state15,ACT,libero_goal,2,15,70,gripper,0.01902034196942342
act-libero_goal-task02-state15,ACT,libero_goal,2,15,70,arm_original,0.09614672870319234
act-libero_goal-task02-state16,ACT,libero_goal,2,16,79,dim_0,0.0831676573084361
act-libero_goal-task02-state16,ACT,libero_goal,2,16,79,dim_1,0.040485010112695105
act-libero_goal-task02-state16,ACT,libero_goal,2,16,79,dim_2,0.0746909764228944
act-libero_goal-task02-state16,ACT,libero_goal,2,16,79,dim_3,0.06496082715709262
act-libero_goal-task02-state16,ACT,libero_goal,2,16,79,dim_4,0.12200851872728592
act-libero_goal-task02-state16,ACT,libero_goal,2,16,79,dim_5,0.029862911160436174
act-libero_goal-task02-state16,ACT,libero_goal,2,16,79,dim_6,0.027240972655331666
act-libero_goal-task02-state16,ACT,libero_goal,2,16,79,translation,0.07604772507996413
act-libero_goal-task02-state16,ACT,libero_goal,2,16,79,rotation,0.08792194545219477
act-libero_goal-task02-state16,ACT,libero_goal,2,16,79,gripper,0.027240972655331666
act-libero_goal-task02-state16,ACT,libero_goal,2,16,79,arm_original,0.08529592689856284
act-libero_goal-task02-state17,ACT,libero_goal,2,17,65,dim_0,0.11931780155174614
act-libero_goal-task02-state17,ACT,libero_goal,2,17,65,dim_1,0.05563733164450651
act-libero_goal-task02-state17,ACT,libero_goal,2,17,65,dim_2,0.09176005628533068
act-libero_goal-task02-state17,ACT,libero_goal,2,17,65,dim_3,0.08484859224159041
act-libero_goal-task02-state17,ACT,libero_goal,2,17,65,dim_4,0.14380952802150607
act-libero_goal-task02-state17,ACT,libero_goal,2,17,65,dim_5,0.035833020780617585
act-libero_goal-task02-state17,ACT,libero_goal,2,17,65,dim_6,0.04673299543938961
act-libero_goal-task02-state17,ACT,libero_goal,2,17,65,translation,0.10657649862978069
act-libero_goal-task02-state17,ACT,libero_goal,2,17,65,rotation,0.10392747477952513
act-libero_goal-task02-state17,ACT,libero_goal,2,17,65,gripper,0.04673299543938961
act-libero_goal-task02-state17,ACT,libero_goal,2,17,65,arm_original,0.1090939600321322
act-libero_goal-task02-state18,ACT,libero_goal,2,18,74,dim_0,0.07857799144918523
act-libero_goal-task02-state18,ACT,libero_goal,2,18,74,dim_1,0.0456361594109108
act-libero_goal-task02-state18,ACT,libero_goal,2,18,74,dim_2,0.059073925008517214
act-libero_goal-task02-state18,ACT,libero_goal,2,18,74,dim_3,0.07931296984229771
act-libero_goal-task02-state18,ACT,libero_goal,2,18,74,dim_4,0.10366269815770997
act-libero_goal-task02-state18,ACT,libero_goal,2,18,74,dim_5,0.01609082137900584
act-libero_goal-task02-state18,ACT,libero_goal,2,18,74,dim_6,0.02652962527817208
act-libero_goal-task02-state18,ACT,libero_goal,2,18,74,translation,0.06955205661849137
act-libero_goal-task02-state18,ACT,libero_goal,2,18,74,rotation,0.0819809990794166
act-libero_goal-task02-state18,ACT,libero_goal,2,18,74,gripper,0.02652962527817208
act-libero_goal-task02-state18,ACT,libero_goal,2,18,74,arm_original,0.0782021962531462
act-libero_goal-task02-state19,ACT,libero_goal,2,19,67,dim_0,0.07256755953007755
act-libero_goal-task02-state19,ACT,libero_goal,2,19,67,dim_1,0.03370368178876887
act-libero_goal-task02-state19,ACT,libero_goal,2,19,67,dim_2,0.058207195379957
act-libero_goal-task02-state19,ACT,libero_goal,2,19,67,dim_3,0.08933920270936829
act-libero_goal-task02-state19,ACT,libero_goal,2,19,67,dim_4,0.06878992369288357
act-libero_goal-task02-state19,ACT,libero_goal,2,19,67,dim_5,0.02923935915953787
act-libero_goal-task02-state19,ACT,libero_goal,2,19,67,dim_6,0.018805040845437857
act-libero_goal-task02-state19,ACT,libero_goal,2,19,67,translation,0.06293857997969679
act-libero_goal-task02-state19,ACT,libero_goal,2,19,67,rotation,0.07156616753798402
act-libero_goal-task02-state19,ACT,libero_goal,2,19,67,gripper,0.018805040845437857
act-libero_goal-task02-state19,ACT,libero_goal,2,19,67,arm_original,0.06899867364114727
act-libero_10-task03-state10,ACT,libero_10,3,10,234,dim_0,0.08561298463963216
act-libero_10-task03-state10,ACT,libero_10,3,10,234,dim_1,0.12479695388632546
act-libero_10-task03-state10,ACT,libero_10,3,10,234,dim_2,0.058268714732413955
act-libero_10-task03-state10,ACT,libero_10,3,10,234,dim_3,0.15759500446613428
act-libero_10-task03-state10,ACT,libero_10,3,10,234,dim_4,0.11947526689250895
act-libero_10-task03-state10,ACT,libero_10,3,10,234,dim_5,0.08057639943965969
act-libero_10-task03-state10,ACT,libero_10,3,10,234,dim_6,0.030647473833087295
act-libero_10-task03-state10,ACT,libero_10,3,10,234,translation,0.10660467035964567
act-libero_10-task03-state10,ACT,libero_10,3,10,234,rotation,0.13321562585146246
act-libero_10-task03-state10,ACT,libero_10,3,10,234,gripper,0.030647473833087295
act-libero_10-task03-state10,ACT,libero_10,3,10,234,arm_original,0.12573391413375204
act-libero_10-task03-state11,ACT,libero_10,3,11,505,dim_0,0.13693136333095432
act-libero_10-task03-state11,ACT,libero_10,3,11,505,dim_1,0.4350287945121641
act-libero_10-task03-state11,ACT,libero_10,3,11,505,dim_2,0.10239989613207617
act-libero_10-task03-state11,ACT,libero_10,3,11,505,dim_3,0.14949852018914048
act-libero_10-task03-state11,ACT,libero_10,3,11,505,dim_4,0.29689825791742974
act-libero_10-task03-state11,ACT,libero_10,3,11,505,dim_5,0.14511507916014954
act-libero_10-task03-state11,ACT,libero_10,3,11,505,dim_6,0.07548612854568917
act-libero_10-task03-state11,ACT,libero_10,3,11,505,translation,0.29048853317139584
act-libero_10-task03-state11,ACT,libero_10,3,11,505,rotation,0.2236878029151958
act-libero_10-task03-state11,ACT,libero_10,3,11,505,gripper,0.07548612854568917
act-libero_10-task03-state11,ACT,libero_10,3,11,505,arm_original,0.2630919155380767
act-libero_10-task03-state12,ACT,libero_10,3,12,215,dim_0,0.0661574577445368
act-libero_10-task03-state12,ACT,libero_10,3,12,215,dim_1,0.07607474873691741
act-libero_10-task03-state12,ACT,libero_10,3,12,215,dim_2,0.09977032552924346
act-libero_10-task03-state12,ACT,libero_10,3,12,215,dim_3,0.11835482394084157
act-libero_10-task03-state12,ACT,libero_10,3,12,215,dim_4,0.10419236093558107
act-libero_10-task03-state12,ACT,libero_10,3,12,215,dim_5,0.0689342339855778
act-libero_10-task03-state12,ACT,libero_10,3,12,215,dim_6,0.03915177613912573
act-libero_10-task03-state12,ACT,libero_10,3,12,215,translation,0.08972119737802138
act-libero_10-task03-state12,ACT,libero_10,3,12,215,rotation,0.1118351934818639
act-libero_10-task03-state12,ACT,libero_10,3,12,215,gripper,0.03915177613912573
act-libero_10-task03-state12,ACT,libero_10,3,12,215,arm_original,0.10461418509109924
act-libero_10-task03-state13,ACT,libero_10,3,13,229,dim_0,0.062100445010193205
act-libero_10-task03-state13,ACT,libero_10,3,13,229,dim_1,0.10309455110470118
act-libero_10-task03-state13,ACT,libero_10,3,13,229,dim_2,0.10212311231035112
act-libero_10-task03-state13,ACT,libero_10,3,13,229,dim_3,0.12618888636611256
act-libero_10-task03-state13,ACT,libero_10,3,13,229,dim_4,0.12624372936037928
act-libero_10-task03-state13,ACT,libero_10,3,13,229,dim_5,0.08024530391359826
act-libero_10-task03-state13,ACT,libero_10,3,13,229,dim_6,0.038338615800478204
act-libero_10-task03-state13,ACT,libero_10,3,13,229,translation,0.10131253032691431
act-libero_10-task03-state13,ACT,libero_10,3,13,229,rotation,0.12461589626567099
act-libero_10-task03-state13,ACT,libero_10,3,13,229,gripper,0.038338615800478204
act-libero_10-task03-state13,ACT,libero_10,3,13,229,arm_original,0.11684175071414427
act-libero_10-task03-state14,ACT,libero_10,3,14,209,dim_0,0.04708527421411526
act-libero_10-task03-state14,ACT,libero_10,3,14,209,dim_1,0.047312299273522235
act-libero_10-task03-state14,ACT,libero_10,3,14,209,dim_2,0.06378258402736635
act-libero_10-task03-state14,ACT,libero_10,3,14,209,dim_3,0.08619793993678533
act-libero_10-task03-state14,ACT,libero_10,3,14,209,dim_4,0.08382306119392238
act-libero_10-task03-state14,ACT,libero_10,3,14,209,dim_5,0.04642672125996561
act-libero_10-task03-state14,ACT,libero_10,3,14,209,dim_6,0.03531188902808639
act-libero_10-task03-state14,ACT,libero_10,3,14,209,translation,0.05974489043909946
act-libero_10-task03-state14,ACT,libero_10,3,14,209,rotation,0.08211407281113788
act-libero_10-task03-state14,ACT,libero_10,3,14,209,gripper,0.03531188902808639
act-libero_10-task03-state14,ACT,libero_10,3,14,209,arm_original,0.07333711004420161
act-libero_10-task03-state15,ACT,libero_10,3,15,505,dim_0,0.18304234366765804
act-libero_10-task03-state15,ACT,libero_10,3,15,505,dim_1,0.35234680924959444
act-libero_10-task03-state15,ACT,libero_10,3,15,505,dim_2,0.0718653547850841
act-libero_10-task03-state15,ACT,libero_10,3,15,505,dim_3,0.1964154856068541
act-libero_10-task03-state15,ACT,libero_10,3,15,505,dim_4,0.24828892004846753
act-libero_10-task03-state15,ACT,libero_10,3,15,505,dim_5,0.1723707644314703
act-libero_10-task03-state15,ACT,libero_10,3,15,505,dim_6,0.03564725452498759
act-libero_10-task03-state15,ACT,libero_10,3,15,505,translation,0.24374623612853982
act-libero_10-task03-state15,ACT,libero_10,3,15,505,rotation,0.21761913451750112
act-libero_10-task03-state15,ACT,libero_10,3,15,505,gripper,0.03564725452498759
act-libero_10-task03-state15,ACT,libero_10,3,15,505,arm_original,0.23522086453228883
act-libero_10-task03-state16,ACT,libero_10,3,16,505,dim_0,0.05668560302347339
act-libero_10-task03-state16,ACT,libero_10,3,16,505,dim_1,0.12697713628936946
act-libero_10-task03-state16,ACT,libero_10,3,16,505,dim_2,0.13116101189531057
act-libero_10-task03-state16,ACT,libero_10,3,16,505,dim_3,0.16565737955190574
act-libero_10-task03-state16,ACT,libero_10,3,16,505,dim_4,0.12050452049368483
act-libero_10-task03-state16,ACT,libero_10,3,16,505,dim_5,0.11985722525917794
act-libero_10-task03-state16,ACT,libero_10,3,16,505,dim_6,0.26947127255066944
act-libero_10-task03-state16,ACT,libero_10,3,16,505,translation,0.1172811172964995
act-libero_10-task03-state16,ACT,libero_10,3,16,505,rotation,0.14595039507640187
act-libero_10-task03-state16,ACT,libero_10,3,16,505,gripper,0.26947127255066944
act-libero_10-task03-state16,ACT,libero_10,3,16,505,arm_original,0.13729318387394632
act-libero_10-task03-state17,ACT,libero_10,3,17,196,dim_0,0.05589146181185259
act-libero_10-task03-state17,ACT,libero_10,3,17,196,dim_1,0.049530227485953725
act-libero_10-task03-state17,ACT,libero_10,3,17,196,dim_2,0.05725167230468052
act-libero_10-task03-state17,ACT,libero_10,3,17,196,dim_3,0.12245913934295592
act-libero_10-task03-state17,ACT,libero_10,3,17,196,dim_4,0.12820668957918246
act-libero_10-task03-state17,ACT,libero_10,3,17,196,dim_5,0.06639460522453332
act-libero_10-task03-state17,ACT,libero_10,3,17,196,dim_6,0.034638396671635936
act-libero_10-task03-state17,ACT,libero_10,3,17,196,translation,0.06079857410178772
act-libero_10-task03-state17,ACT,libero_10,3,17,196,rotation,0.12031110520170506
act-libero_10-task03-state17,ACT,libero_10,3,17,196,gripper,0.034638396671635936
act-libero_10-task03-state17,ACT,libero_10,3,17,196,arm_original,0.09677272143598539
act-libero_10-task03-state18,ACT,libero_10,3,18,199,dim_0,0.06128974652955057
act-libero_10-task03-state18,ACT,libero_10,3,18,199,dim_1,0.0474688950110233
act-libero_10-task03-state18,ACT,libero_10,3,18,199,dim_2,0.06271594813218923
act-libero_10-task03-state18,ACT,libero_10,3,18,199,dim_3,0.10360155790136498
act-libero_10-task03-state18,ACT,libero_10,3,18,199,dim_4,0.1017261796573301
act-libero_10-task03-state18,ACT,libero_10,3,18,199,dim_5,0.058091279380364465
act-libero_10-task03-state18,ACT,libero_10,3,18,199,dim_6,0.032923272313205264
act-libero_10-task03-state18,ACT,libero_10,3,18,199,translation,0.06415889204958135
act-libero_10-task03-state18,ACT,libero_10,3,18,199,rotation,0.09963995448361596
act-libero_10-task03-state18,ACT,libero_10,3,18,199,gripper,0.032923272313205264
act-libero_10-task03-state18,ACT,libero_10,3,18,199,arm_original,0.08514108441540583
act-libero_10-task03-state19,ACT,libero_10,3,19,201,dim_0,0.050738231822347685
act-libero_10-task03-state19,ACT,libero_10,3,19,201,dim_1,0.052054403557038526
act-libero_10-task03-state19,ACT,libero_10,3,19,201,dim_2,0.06098585023348083
act-libero_10-task03-state19,ACT,libero_10,3,19,201,dim_3,0.11136323942510586
act-libero_10-task03-state19,ACT,libero_10,3,19,201,dim_4,0.1117845109212952
act-libero_10-task03-state19,ACT,libero_10,3,19,201,dim_5,0.06356601672934405
act-libero_10-task03-state19,ACT,libero_10,3,19,201,dim_6,0.032373952336471355
act-libero_10-task03-state19,ACT,libero_10,3,19,201,translation,0.06046092037355045
act-libero_10-task03-state19,ACT,libero_10,3,19,201,rotation,0.1068149225746844
act-libero_10-task03-state19,ACT,libero_10,3,19,201,gripper,0.032373952336471355
act-libero_10-task03-state19,ACT,libero_10,3,19,201,arm_original,0.08852042981358829
smolvla-libero_object-task03-state10,SmolVLA,libero_object,3,10,120,dim_0,0.2291911117827983
smolvla-libero_object-task03-state10,SmolVLA,libero_object,3,10,120,dim_1,0.1969300964252892
smolvla-libero_object-task03-state10,SmolVLA,libero_object,3,10,120,dim_2,0.2792147149819083
smolvla-libero_object-task03-state10,SmolVLA,libero_object,3,10,120,dim_3,0.34148147591678835
smolvla-libero_object-task03-state10,SmolVLA,libero_object,3,10,120,dim_4,0.39600551043500143
smolvla-libero_object-task03-state10,SmolVLA,libero_object,3,10,120,dim_5,0.2033384980689257
smolvla-libero_object-task03-state10,SmolVLA,libero_object,3,10,120,dim_6,0.18522523111573932
smolvla-libero_object-task03-state10,SmolVLA,libero_object,3,10,120,translation,0.24887480170335766
smolvla-libero_object-task03-state10,SmolVLA,libero_object,3,10,120,rotation,0.33396592992144286
smolvla-libero_object-task03-state10,SmolVLA,libero_object,3,10,120,gripper,0.18522523111573932
smolvla-libero_object-task03-state10,SmolVLA,libero_object,3,10,120,arm_original,0.29816575746707213
smolvla-libero_object-task03-state11,SmolVLA,libero_object,3,11,110,dim_0,0.22708855721882298
smolvla-libero_object-task03-state11,SmolVLA,libero_object,3,11,110,dim_1,0.17437690906978148
smolvla-libero_object-task03-state11,SmolVLA,libero_object,3,11,110,dim_2,0.2419484350549089
smolvla-libero_object-task03-state11,SmolVLA,libero_object,3,11,110,dim_3,0.3171174874912311
smolvla-libero_object-task03-state11,SmolVLA,libero_object,3,11,110,dim_4,0.41986558657765644
smolvla-libero_object-task03-state11,SmolVLA,libero_object,3,11,110,dim_5,0.22797089123297393
smolvla-libero_object-task03-state11,SmolVLA,libero_object,3,11,110,dim_6,0.13158901580782076
smolvla-libero_object-task03-state11,SmolVLA,libero_object,3,11,110,translation,0.223707210079149
smolvla-libero_object-task03-state11,SmolVLA,libero_object,3,11,110,rotation,0.3392121450813028
smolvla-libero_object-task03-state11,SmolVLA,libero_object,3,11,110,gripper,0.13158901580782076
smolvla-libero_object-task03-state11,SmolVLA,libero_object,3,11,110,arm_original,0.28902836536163995
smolvla-libero_object-task03-state12,SmolVLA,libero_object,3,12,109,dim_0,0.21660974523362955
smolvla-libero_object-task03-state12,SmolVLA,libero_object,3,12,109,dim_1,0.1504968161447074
smolvla-libero_object-task03-state12,SmolVLA,libero_object,3,12,109,dim_2,0.24280010685875777
smolvla-libero_object-task03-state12,SmolVLA,libero_object,3,12,109,dim_3,0.3169830644445878
smolvla-libero_object-task03-state12,SmolVLA,libero_object,3,12,109,dim_4,0.3894955862446228
smolvla-libero_object-task03-state12,SmolVLA,libero_object,3,12,109,dim_5,0.20025872396660244
smolvla-libero_object-task03-state12,SmolVLA,libero_object,3,12,109,dim_6,0.1265822311673161
smolvla-libero_object-task03-state12,SmolVLA,libero_object,3,12,109,translation,0.2141156382422472
smolvla-libero_object-task03-state12,SmolVLA,libero_object,3,12,109,rotation,0.3227976262490313
smolvla-libero_object-task03-state12,SmolVLA,libero_object,3,12,109,gripper,0.1265822311673161
smolvla-libero_object-task03-state12,SmolVLA,libero_object,3,12,109,arm_original,0.2763183821952044
smolvla-libero_object-task03-state13,SmolVLA,libero_object,3,13,190,dim_0,0.2595104590169922
smolvla-libero_object-task03-state13,SmolVLA,libero_object,3,13,190,dim_1,0.1840951198478789
smolvla-libero_object-task03-state13,SmolVLA,libero_object,3,13,190,dim_2,0.33834388016481354
smolvla-libero_object-task03-state13,SmolVLA,libero_object,3,13,190,dim_3,0.2831529049272709
smolvla-libero_object-task03-state13,SmolVLA,libero_object,3,13,190,dim_4,0.4684169678827511
smolvla-libero_object-task03-state13,SmolVLA,libero_object,3,13,190,dim_5,0.2416492955640281
smolvla-libero_object-task03-state13,SmolVLA,libero_object,3,13,190,dim_6,0.3539868530471189
smolvla-libero_object-task03-state13,SmolVLA,libero_object,3,13,190,translation,0.2768074238437955
smolvla-libero_object-task03-state13,SmolVLA,libero_object,3,13,190,rotation,0.35417286711990664
smolvla-libero_object-task03-state13,SmolVLA,libero_object,3,13,190,gripper,0.3539868530471189
smolvla-libero_object-task03-state13,SmolVLA,libero_object,3,13,190,arm_original,0.32098248492077486
smolvla-libero_object-task03-state14,SmolVLA,libero_object,3,14,111,dim_0,0.2256130820666064
smolvla-libero_object-task03-state14,SmolVLA,libero_object,3,14,111,dim_1,0.18040051890615968
smolvla-libero_object-task03-state14,SmolVLA,libero_object,3,14,111,dim_2,0.25511086986516823
smolvla-libero_object-task03-state14,SmolVLA,libero_object,3,14,111,dim_3,0.3468184630885041
smolvla-libero_object-task03-state14,SmolVLA,libero_object,3,14,111,dim_4,0.4244540260249652
smolvla-libero_object-task03-state14,SmolVLA,libero_object,3,14,111,dim_5,0.20767447213461862
smolvla-libero_object-task03-state14,SmolVLA,libero_object,3,14,111,dim_6,0.14303491476206742
smolvla-libero_object-task03-state14,SmolVLA,libero_object,3,14,111,translation,0.233181056624705
smolvla-libero_object-task03-state14,SmolVLA,libero_object,3,14,111,rotation,0.3476216774761705
smolvla-libero_object-task03-state14,SmolVLA,libero_object,3,14,111,gripper,0.14303491476206742
smolvla-libero_object-task03-state14,SmolVLA,libero_object,3,14,111,arm_original,0.2985018981276774
smolvla-libero_object-task03-state15,SmolVLA,libero_object,3,15,97,dim_0,0.23290917745741788
smolvla-libero_object-task03-state15,SmolVLA,libero_object,3,15,97,dim_1,0.16097315253538697
smolvla-libero_object-task03-state15,SmolVLA,libero_object,3,15,97,dim_2,0.2722763916476048
smolvla-libero_object-task03-state15,SmolVLA,libero_object,3,15,97,dim_3,0.29380656719543674
smolvla-libero_object-task03-state15,SmolVLA,libero_object,3,15,97,dim_4,0.3851444440759253
smolvla-libero_object-task03-state15,SmolVLA,libero_object,3,15,97,dim_5,0.1945284614975267
smolvla-libero_object-task03-state15,SmolVLA,libero_object,3,15,97,dim_6,0.15362776299219902
smolvla-libero_object-task03-state15,SmolVLA,libero_object,3,15,97,translation,0.23855374953960035
smolvla-libero_object-task03-state15,SmolVLA,libero_object,3,15,97,rotation,0.30780537726795826
smolvla-libero_object-task03-state15,SmolVLA,libero_object,3,15,97,gripper,0.15362776299219902
smolvla-libero_object-task03-state15,SmolVLA,libero_object,3,15,97,arm_original,0.27751749793364017
smolvla-libero_object-task03-state16,SmolVLA,libero_object,3,16,105,dim_0,0.2353421064001729
smolvla-libero_object-task03-state16,SmolVLA,libero_object,3,16,105,dim_1,0.17114510892890217
smolvla-libero_object-task03-state16,SmolVLA,libero_object,3,16,105,dim_2,0.21312525686024134
smolvla-libero_object-task03-state16,SmolVLA,libero_object,3,16,105,dim_3,0.3036660834487209
smolvla-libero_object-task03-state16,SmolVLA,libero_object,3,16,105,dim_4,0.3721671825901575
smolvla-libero_object-task03-state16,SmolVLA,libero_object,3,16,105,dim_5,0.22975030320948336
smolvla-libero_object-task03-state16,SmolVLA,libero_object,3,16,105,dim_6,0.10384260210782066
smolvla-libero_object-task03-state16,SmolVLA,libero_object,3,16,105,translation,0.21782852584666576
smolvla-libero_object-task03-state16,SmolVLA,libero_object,3,16,105,rotation,0.3177124961274623
smolvla-libero_object-task03-state16,SmolVLA,libero_object,3,16,105,gripper,0.10384260210782066
smolvla-libero_object-task03-state16,SmolVLA,libero_object,3,16,105,arm_original,0.274354426655783
smolvla-libero_object-task03-state17,SmolVLA,libero_object,3,17,113,dim_0,0.22040811105785063
smolvla-libero_object-task03-state17,SmolVLA,libero_object,3,17,113,dim_1,0.18008130123217111
smolvla-libero_object-task03-state17,SmolVLA,libero_object,3,17,113,dim_2,0.2747107608008002
smolvla-libero_object-task03-state17,SmolVLA,libero_object,3,17,113,dim_3,0.31601775070555543
smolvla-libero_object-task03-state17,SmolVLA,libero_object,3,17,113,dim_4,0.382063436302127
smolvla-libero_object-task03-state17,SmolVLA,libero_object,3,17,113,dim_5,0.20260028464239174
smolvla-libero_object-task03-state17,SmolVLA,libero_object,3,17,113,dim_6,0.1529769742797535
smolvla-libero_object-task03-state17,SmolVLA,libero_object,3,17,113,translation,0.24086142293028123
smolvla-libero_object-task03-state17,SmolVLA,libero_object,3,17,113,rotation,0.31763816140605594
smolvla-libero_object-task03-state17,SmolVLA,libero_object,3,17,113,gripper,0.1529769742797535
smolvla-libero_object-task03-state17,SmolVLA,libero_object,3,17,113,arm_original,0.283110268908127
smolvla-libero_object-task03-state18,SmolVLA,libero_object,3,18,137,dim_0,0.2686391340576561
smolvla-libero_object-task03-state18,SmolVLA,libero_object,3,18,137,dim_1,0.20589161680652715
smolvla-libero_object-task03-state18,SmolVLA,libero_object,3,18,137,dim_2,0.3401636997860721
smolvla-libero_object-task03-state18,SmolVLA,libero_object,3,18,137,dim_3,0.2943993843948116
smolvla-libero_object-task03-state18,SmolVLA,libero_object,3,18,137,dim_4,0.4200065116833916
smolvla-libero_object-task03-state18,SmolVLA,libero_object,3,18,137,dim_5,0.20227010707378057
smolvla-libero_object-task03-state18,SmolVLA,libero_object,3,18,137,dim_6,0.32963181255773133
smolvla-libero_object-task03-state18,SmolVLA,libero_object,3,18,137,translation,0.2914820198237269
smolvla-libero_object-task03-state18,SmolVLA,libero_object,3,18,137,rotation,0.32693306997408816
smolvla-libero_object-task03-state18,SmolVLA,libero_object,3,18,137,gripper,0.32963181255773133
smolvla-libero_object-task03-state18,SmolVLA,libero_object,3,18,137,arm_original,0.3137803485724436
smolvla-libero_object-task03-state19,SmolVLA,libero_object,3,19,111,dim_0,0.22591661598998677
smolvla-libero_object-task03-state19,SmolVLA,libero_object,3,19,111,dim_1,0.16296909121503714
smolvla-libero_object-task03-state19,SmolVLA,libero_object,3,19,111,dim_2,0.24460566525610736
smolvla-libero_object-task03-state19,SmolVLA,libero_object,3,19,111,dim_3,0.29892965116486475
smolvla-libero_object-task03-state19,SmolVLA,libero_object,3,19,111,dim_4,0.4053414207700682
smolvla-libero_object-task03-state19,SmolVLA,libero_object,3,19,111,dim_5,0.22579318080505537
smolvla-libero_object-task03-state19,SmolVLA,libero_object,3,19,111,dim_6,0.16645060777014198
smolvla-libero_object-task03-state19,SmolVLA,libero_object,3,19,111,translation,0.22199845206301785
smolvla-libero_object-task03-state19,SmolVLA,libero_object,3,19,111,rotation,0.3257665743086841
smolvla-libero_object-task03-state19,SmolVLA,libero_object,3,19,111,gripper,0.16645060777014198
smolvla-libero_object-task03-state19,SmolVLA,libero_object,3,19,111,arm_original,0.28089051013104216
smolvla-libero_spatial-task00-state10,SmolVLA,libero_spatial,0,10,60,dim_0,0.4200219175117295
smolvla-libero_spatial-task00-state10,SmolVLA,libero_spatial,0,10,60,dim_1,0.2277317256218568
smolvla-libero_spatial-task00-state10,SmolVLA,libero_spatial,0,10,60,dim_2,0.3029618832668461
smolvla-libero_spatial-task00-state10,SmolVLA,libero_spatial,0,10,60,dim_3,0.5730188855737924
smolvla-libero_spatial-task00-state10,SmolVLA,libero_spatial,0,10,60,dim_4,0.5608355582860592
smolvla-libero_spatial-task00-state10,SmolVLA,libero_spatial,0,10,60,dim_5,0.3793678701453238
smolvla-libero_spatial-task00-state10,SmolVLA,libero_spatial,0,10,60,dim_6,0.09989660010724521
smolvla-libero_spatial-task00-state10,SmolVLA,libero_spatial,0,10,60,translation,0.3368129511426404
smolvla-libero_spatial-task00-state10,SmolVLA,libero_spatial,0,10,60,rotation,0.5243342470896412
smolvla-libero_spatial-task00-state10,SmolVLA,libero_spatial,0,10,60,gripper,0.09989660010724521
smolvla-libero_spatial-task00-state10,SmolVLA,libero_spatial,0,10,60,arm_original,0.4430138176268234
smolvla-libero_spatial-task00-state11,SmolVLA,libero_spatial,0,11,210,dim_0,0.524388047111875
smolvla-libero_spatial-task00-state11,SmolVLA,libero_spatial,0,11,210,dim_1,0.2487531960002831
smolvla-libero_spatial-task00-state11,SmolVLA,libero_spatial,0,11,210,dim_2,0.5665409476883679
smolvla-libero_spatial-task00-state11,SmolVLA,libero_spatial,0,11,210,dim_3,0.6066787218490955
smolvla-libero_spatial-task00-state11,SmolVLA,libero_spatial,0,11,210,dim_4,0.8713140137991539
smolvla-libero_spatial-task00-state11,SmolVLA,libero_spatial,0,11,210,dim_5,0.3925329106573973
smolvla-libero_spatial-task00-state11,SmolVLA,libero_spatial,0,11,210,dim_6,0.3721680220467277
smolvla-libero_spatial-task00-state11,SmolVLA,libero_spatial,0,11,210,translation,0.4790636806676906
smolvla-libero_spatial-task00-state11,SmolVLA,libero_spatial,0,11,210,rotation,0.6670891019719613
smolvla-libero_spatial-task00-state11,SmolVLA,libero_spatial,0,11,210,gripper,0.3721680220467277
smolvla-libero_spatial-task00-state11,SmolVLA,libero_spatial,0,11,210,arm_original,0.5850455791957329
smolvla-libero_spatial-task00-state12,SmolVLA,libero_spatial,0,12,62,dim_0,0.475304573757877
smolvla-libero_spatial-task00-state12,SmolVLA,libero_spatial,0,12,62,dim_1,0.25307661111291124
smolvla-libero_spatial-task00-state12,SmolVLA,libero_spatial,0,12,62,dim_2,0.33939529752313435
smolvla-libero_spatial-task00-state12,SmolVLA,libero_spatial,0,12,62,dim_3,0.6036196240535728
smolvla-libero_spatial-task00-state12,SmolVLA,libero_spatial,0,12,62,dim_4,0.6305368220401908
smolvla-libero_spatial-task00-state12,SmolVLA,libero_spatial,0,12,62,dim_5,0.3822104384506775
smolvla-libero_spatial-task00-state12,SmolVLA,libero_spatial,0,12,62,dim_6,0.163311302197296
smolvla-libero_spatial-task00-state12,SmolVLA,libero_spatial,0,12,62,translation,0.3804955264469452
smolvla-libero_spatial-task00-state12,SmolVLA,libero_spatial,0,12,62,rotation,0.5595879603924808
smolvla-libero_spatial-task00-state12,SmolVLA,libero_spatial,0,12,62,gripper,0.163311302197296
smolvla-libero_spatial-task00-state12,SmolVLA,libero_spatial,0,12,62,arm_original,0.4818446495594783
smolvla-libero_spatial-task00-state13,SmolVLA,libero_spatial,0,13,265,dim_0,0.9023182229667398
smolvla-libero_spatial-task00-state13,SmolVLA,libero_spatial,0,13,265,dim_1,0.30611133693959813
smolvla-libero_spatial-task00-state13,SmolVLA,libero_spatial,0,13,265,dim_2,0.8454712103923117
smolvla-libero_spatial-task00-state13,SmolVLA,libero_spatial,0,13,265,dim_3,0.7937317128800506
smolvla-libero_spatial-task00-state13,SmolVLA,libero_spatial,0,13,265,dim_4,0.8377583260141735
smolvla-libero_spatial-task00-state13,SmolVLA,libero_spatial,0,13,265,dim_5,0.5642132967900347
smolvla-libero_spatial-task00-state13,SmolVLA,libero_spatial,0,13,265,dim_6,0.7279505102555425
smolvla-libero_spatial-task00-state13,SmolVLA,libero_spatial,0,13,265,translation,0.7453298825218695
smolvla-libero_spatial-task00-state13,SmolVLA,libero_spatial,0,13,265,rotation,0.754778005930396
smolvla-libero_spatial-task00-state13,SmolVLA,libero_spatial,0,13,265,gripper,0.7279505102555425
smolvla-libero_spatial-task00-state13,SmolVLA,libero_spatial,0,13,265,arm_original,0.7546837453084481
smolvla-libero_spatial-task00-state14,SmolVLA,libero_spatial,0,14,65,dim_0,0.5071869785653946
smolvla-libero_spatial-task00-state14,SmolVLA,libero_spatial,0,14,65,dim_1,0.23884843829266947
smolvla-libero_spatial-task00-state14,SmolVLA,libero_spatial,0,14,65,dim_2,0.365551471875962
smolvla-libero_spatial-task00-state14,SmolVLA,libero_spatial,0,14,65,dim_3,0.6934930798914304
smolvla-libero_spatial-task00-state14,SmolVLA,libero_spatial,0,14,65,dim_4,0.5834275794455573
smolvla-libero_spatial-task00-state14,SmolVLA,libero_spatial,0,14,65,dim_5,0.40240691168613396
smolvla-libero_spatial-task00-state14,SmolVLA,libero_spatial,0,14,65,dim_6,0.14583455831895675
smolvla-libero_spatial-task00-state14,SmolVLA,libero_spatial,0,14,65,translation,0.40052267120606905
smolvla-libero_spatial-task00-state14,SmolVLA,libero_spatial,0,14,65,rotation,0.580421957601584
smolvla-libero_spatial-task00-state14,SmolVLA,libero_spatial,0,14,65,gripper,0.14583455831895675
smolvla-libero_spatial-task00-state14,SmolVLA,libero_spatial,0,14,65,arm_original,0.5021513142930094
smolvla-libero_spatial-task00-state15,SmolVLA,libero_spatial,0,15,52,dim_0,0.4759355402966826
smolvla-libero_spatial-task00-state15,SmolVLA,libero_spatial,0,15,52,dim_1,0.2327473699603092
smolvla-libero_spatial-task00-state15,SmolVLA,libero_spatial,0,15,52,dim_2,0.333798335072953
smolvla-libero_spatial-task00-state15,SmolVLA,libero_spatial,0,15,52,dim_3,0.5948660225715856
smolvla-libero_spatial-task00-state15,SmolVLA,libero_spatial,0,15,52,dim_4,0.5374010162482535
smolvla-libero_spatial-task00-state15,SmolVLA,libero_spatial,0,15,52,dim_5,0.3724605759598625
smolvla-libero_spatial-task00-state15,SmolVLA,libero_spatial,0,15,52,dim_6,0.12528490774426587
smolvla-libero_spatial-task00-state15,SmolVLA,libero_spatial,0,15,52,translation,0.37450073968005754
smolvla-libero_spatial-task00-state15,SmolVLA,libero_spatial,0,15,52,rotation,0.5187384010507776
smolvla-libero_spatial-task00-state15,SmolVLA,libero_spatial,0,15,52,gripper,0.12528490774426587
smolvla-libero_spatial-task00-state15,SmolVLA,libero_spatial,0,15,52,arm_original,0.4558043700717421
smolvla-libero_spatial-task00-state16,SmolVLA,libero_spatial,0,16,57,dim_0,0.4370923077982274
smolvla-libero_spatial-task00-state16,SmolVLA,libero_spatial,0,16,57,dim_1,0.2303871857879611
smolvla-libero_spatial-task00-state16,SmolVLA,libero_spatial,0,16,57,dim_2,0.29765019982703333
smolvla-libero_spatial-task00-state16,SmolVLA,libero_spatial,0,16,57,dim_3,0.6240659599440223
smolvla-libero_spatial-task00-state16,SmolVLA,libero_spatial,0,16,57,dim_4,0.6012534136832837
smolvla-libero_spatial-task00-state16,SmolVLA,libero_spatial,0,16,57,dim_5,0.37095552126537423
smolvla-libero_spatial-task00-state16,SmolVLA,libero_spatial,0,16,57,dim_6,0.14772769508724087
smolvla-libero_spatial-task00-state16,SmolVLA,libero_spatial,0,16,57,translation,0.3441726099211582
smolvla-libero_spatial-task00-state16,SmolVLA,libero_spatial,0,16,57,rotation,0.5556984154440047
smolvla-libero_spatial-task00-state16,SmolVLA,libero_spatial,0,16,57,gripper,0.14772769508724087
smolvla-libero_spatial-task00-state16,SmolVLA,libero_spatial,0,16,57,arm_original,0.46432051692689785
smolvla-libero_spatial-task00-state17,SmolVLA,libero_spatial,0,17,61,dim_0,0.4324370311188846
smolvla-libero_spatial-task00-state17,SmolVLA,libero_spatial,0,17,61,dim_1,0.2395214748934862
smolvla-libero_spatial-task00-state17,SmolVLA,libero_spatial,0,17,61,dim_2,0.3031045253553015
smolvla-libero_spatial-task00-state17,SmolVLA,libero_spatial,0,17,61,dim_3,0.603536372053317
smolvla-libero_spatial-task00-state17,SmolVLA,libero_spatial,0,17,61,dim_4,0.5464931794612718
smolvla-libero_spatial-task00-state17,SmolVLA,libero_spatial,0,17,61,dim_5,0.35214187553747905
smolvla-libero_spatial-task00-state17,SmolVLA,libero_spatial,0,17,61,dim_6,0.09617261267049637
smolvla-libero_spatial-task00-state17,SmolVLA,libero_spatial,0,17,61,translation,0.34985002821778016
smolvla-libero_spatial-task00-state17,SmolVLA,libero_spatial,0,17,61,rotation,0.5210477428472804
smolvla-libero_spatial-task00-state17,SmolVLA,libero_spatial,0,17,61,gripper,0.09617261267049637
smolvla-libero_spatial-task00-state17,SmolVLA,libero_spatial,0,17,61,arm_original,0.4472354176743657
smolvla-libero_spatial-task00-state18,SmolVLA,libero_spatial,0,18,265,dim_0,0.9345775524335693
smolvla-libero_spatial-task00-state18,SmolVLA,libero_spatial,0,18,265,dim_1,0.28774045680922583
smolvla-libero_spatial-task00-state18,SmolVLA,libero_spatial,0,18,265,dim_2,0.7903058604436894
smolvla-libero_spatial-task00-state18,SmolVLA,libero_spatial,0,18,265,dim_3,0.8240006649450277
smolvla-libero_spatial-task00-state18,SmolVLA,libero_spatial,0,18,265,dim_4,0.8128373657022763
smolvla-libero_spatial-task00-state18,SmolVLA,libero_spatial,0,18,265,dim_5,0.6611433378526297
smolvla-libero_spatial-task00-state18,SmolVLA,libero_spatial,0,18,265,dim_6,0.6679086225275925
smolvla-libero_spatial-task00-state18,SmolVLA,libero_spatial,0,18,265,translation,0.737417632305494
smolvla-libero_spatial-task00-state18,SmolVLA,libero_spatial,0,18,265,rotation,0.7824737614925831
smolvla-libero_spatial-task00-state18,SmolVLA,libero_spatial,0,18,265,gripper,0.6679086225275925
smolvla-libero_spatial-task00-state18,SmolVLA,libero_spatial,0,18,265,arm_original,0.765151109455806
smolvla-libero_spatial-task00-state19,SmolVLA,libero_spatial,0,19,62,dim_0,0.45173780577551703
smolvla-libero_spatial-task00-state19,SmolVLA,libero_spatial,0,19,62,dim_1,0.24184338270730277
smolvla-libero_spatial-task00-state19,SmolVLA,libero_spatial,0,19,62,dim_2,0.3100471633624013
smolvla-libero_spatial-task00-state19,SmolVLA,libero_spatial,0,19,62,dim_3,0.6434517299109517
smolvla-libero_spatial-task00-state19,SmolVLA,libero_spatial,0,19,62,dim_4,0.5879127455029046
smolvla-libero_spatial-task00-state19,SmolVLA,libero_spatial,0,19,62,dim_5,0.3700750541446406
smolvla-libero_spatial-task00-state19,SmolVLA,libero_spatial,0,19,62,dim_6,0.12790185028140222
smolvla-libero_spatial-task00-state19,SmolVLA,libero_spatial,0,19,62,translation,0.3597338975856371
smolvla-libero_spatial-task00-state19,SmolVLA,libero_spatial,0,19,62,rotation,0.5549068221674303
smolvla-libero_spatial-task00-state19,SmolVLA,libero_spatial,0,19,62,gripper,0.12790185028140222
smolvla-libero_spatial-task00-state19,SmolVLA,libero_spatial,0,19,62,arm_original,0.471501640285203
smolvla-libero_goal-task02-state10,SmolVLA,libero_goal,2,10,81,dim_0,0.3605016665078844
smolvla-libero_goal-task02-state10,SmolVLA,libero_goal,2,10,81,dim_1,0.1970011286337635
smolvla-libero_goal-task02-state10,SmolVLA,libero_goal,2,10,81,dim_2,0.2516088174267002
smolvla-libero_goal-task02-state10,SmolVLA,libero_goal,2,10,81,dim_3,0.45864234692257144
smolvla-libero_goal-task02-state10,SmolVLA,libero_goal,2,10,81,dim_4,0.5021551816949691
smolvla-libero_goal-task02-state10,SmolVLA,libero_goal,2,10,81,dim_5,0.23669242656793732
smolvla-libero_goal-task02-state10,SmolVLA,libero_goal,2,10,81,dim_6,0.17678153926883772
smolvla-libero_goal-task02-state10,SmolVLA,libero_goal,2,10,81,translation,0.28936294995376266
smolvla-libero_goal-task02-state10,SmolVLA,libero_goal,2,10,81,rotation,0.4251070928655768
smolvla-libero_goal-task02-state10,SmolVLA,libero_goal,2,10,81,gripper,0.17678153926883772
smolvla-libero_goal-task02-state10,SmolVLA,libero_goal,2,10,81,arm_original,0.3707757465652337
smolvla-libero_goal-task02-state11,SmolVLA,libero_goal,2,11,86,dim_0,0.31622379987122007
smolvla-libero_goal-task02-state11,SmolVLA,libero_goal,2,11,86,dim_1,0.18445075399597402
smolvla-libero_goal-task02-state11,SmolVLA,libero_goal,2,11,86,dim_2,0.2506045762988881
smolvla-libero_goal-task02-state11,SmolVLA,libero_goal,2,11,86,dim_3,0.5346294654120926
smolvla-libero_goal-task02-state11,SmolVLA,libero_goal,2,11,86,dim_4,0.568058849759295
smolvla-libero_goal-task02-state11,SmolVLA,libero_goal,2,11,86,dim_5,0.24520909706868804
smolvla-libero_goal-task02-state11,SmolVLA,libero_goal,2,11,86,dim_6,0.14383026441847568
smolvla-libero_goal-task02-state11,SmolVLA,libero_goal,2,11,86,translation,0.2665804681718495
smolvla-libero_goal-task02-state11,SmolVLA,libero_goal,2,11,86,rotation,0.4808968046732922
smolvla-libero_goal-task02-state11,SmolVLA,libero_goal,2,11,86,gripper,0.14383026441847568
smolvla-libero_goal-task02-state11,SmolVLA,libero_goal,2,11,86,arm_original,0.39466333065463655
smolvla-libero_goal-task02-state12,SmolVLA,libero_goal,2,12,72,dim_0,0.32764341923880097
smolvla-libero_goal-task02-state12,SmolVLA,libero_goal,2,12,72,dim_1,0.2003839134095655
smolvla-libero_goal-task02-state12,SmolVLA,libero_goal,2,12,72,dim_2,0.27115883663346946
smolvla-libero_goal-task02-state12,SmolVLA,libero_goal,2,12,72,dim_3,0.538743873374113
smolvla-libero_goal-task02-state12,SmolVLA,libero_goal,2,12,72,dim_4,0.5703445021204476
smolvla-libero_goal-task02-state12,SmolVLA,libero_goal,2,12,72,dim_5,0.2627657520236718
smolvla-libero_goal-task02-state12,SmolVLA,libero_goal,2,12,72,dim_6,0.1560149256055977
smolvla-libero_goal-task02-state12,SmolVLA,libero_goal,2,12,72,translation,0.2806554605794178
smolvla-libero_goal-task02-state12,SmolVLA,libero_goal,2,12,72,rotation,0.48875379058477325
smolvla-libero_goal-task02-state12,SmolVLA,libero_goal,2,12,72,gripper,0.1560149256055977
smolvla-libero_goal-task02-state12,SmolVLA,libero_goal,2,12,72,arm_original,0.40159854931633854
smolvla-libero_goal-task02-state13,SmolVLA,libero_goal,2,13,86,dim_0,0.33547554919970807
smolvla-libero_goal-task02-state13,SmolVLA,libero_goal,2,13,86,dim_1,0.18774819398227557
smolvla-libero_goal-task02-state13,SmolVLA,libero_goal,2,13,86,dim_2,0.24985791727091905
smolvla-libero_goal-task02-state13,SmolVLA,libero_goal,2,13,86,dim_3,0.4736622872577628
smolvla-libero_goal-task02-state13,SmolVLA,libero_goal,2,13,86,dim_4,0.4711419087427146
smolvla-libero_goal-task02-state13,SmolVLA,libero_goal,2,13,86,dim_5,0.22683077950550032
smolvla-libero_goal-task02-state13,SmolVLA,libero_goal,2,13,86,dim_6,0.18290046739374735
smolvla-libero_goal-task02-state13,SmolVLA,libero_goal,2,13,86,translation,0.2727439789151808
smolvla-libero_goal-task02-state13,SmolVLA,libero_goal,2,13,86,rotation,0.41824801160147446
smolvla-libero_goal-task02-state13,SmolVLA,libero_goal,2,13,86,gripper,0.18290046739374735
smolvla-libero_goal-task02-state13,SmolVLA,libero_goal,2,13,86,arm_original,0.3578846134523938
smolvla-libero_goal-task02-state14,SmolVLA,libero_goal,2,14,285,dim_0,0.34361184420549185
smolvla-libero_goal-task02-state14,SmolVLA,libero_goal,2,14,285,dim_1,0.202596233084384
smolvla-libero_goal-task02-state14,SmolVLA,libero_goal,2,14,285,dim_2,0.38542326114737563
smolvla-libero_goal-task02-state14,SmolVLA,libero_goal,2,14,285,dim_3,0.4919278043697995
smolvla-libero_goal-task02-state14,SmolVLA,libero_goal,2,14,285,dim_4,0.6444742279364888
smolvla-libero_goal-task02-state14,SmolVLA,libero_goal,2,14,285,dim_5,0.24958481048465483
smolvla-libero_goal-task02-state14,SmolVLA,libero_goal,2,14,285,dim_6,0.14258022186199884
smolvla-libero_goal-task02-state14,SmolVLA,libero_goal,2,14,285,translation,0.3264146402061752
smolvla-libero_goal-task02-state14,SmolVLA,libero_goal,2,14,285,rotation,0.4979081423557326
smolvla-libero_goal-task02-state14,SmolVLA,libero_goal,2,14,285,gripper,0.14258022186199884
smolvla-libero_goal-task02-state14,SmolVLA,libero_goal,2,14,285,arm_original,0.42785336100273386
smolvla-libero_goal-task02-state15,SmolVLA,libero_goal,2,15,79,dim_0,0.32504883375758464
smolvla-libero_goal-task02-state15,SmolVLA,libero_goal,2,15,79,dim_1,0.2033722256417671
smolvla-libero_goal-task02-state15,SmolVLA,libero_goal,2,15,79,dim_2,0.26082263454117094
smolvla-libero_goal-task02-state15,SmolVLA,libero_goal,2,15,79,dim_3,0.5085830434788863
smolvla-libero_goal-task02-state15,SmolVLA,libero_goal,2,15,79,dim_4,0.6030881591798378
smolvla-libero_goal-task02-state15,SmolVLA,libero_goal,2,15,79,dim_5,0.23890161393824172
smolvla-libero_goal-task02-state15,SmolVLA,libero_goal,2,15,79,dim_6,0.10471492697431341
smolvla-libero_goal-task02-state15,SmolVLA,libero_goal,2,15,79,translation,0.2772816194827856
smolvla-libero_goal-task02-state15,SmolVLA,libero_goal,2,15,79,rotation,0.4883156927817961
smolvla-libero_goal-task02-state15,SmolVLA,libero_goal,2,15,79,gripper,0.10471492697431341
smolvla-libero_goal-task02-state15,SmolVLA,libero_goal,2,15,79,arm_original,0.39992699359260103
smolvla-libero_goal-task02-state16,SmolVLA,libero_goal,2,16,94,dim_0,0.3256447479520499
smolvla-libero_goal-task02-state16,SmolVLA,libero_goal,2,16,94,dim_1,0.18344935713065783
smolvla-libero_goal-task02-state16,SmolVLA,libero_goal,2,16,94,dim_2,0.3047634083749103
smolvla-libero_goal-task02-state16,SmolVLA,libero_goal,2,16,94,dim_3,0.492452766328195
smolvla-libero_goal-task02-state16,SmolVLA,libero_goal,2,16,94,dim_4,0.5624234952753708
smolvla-libero_goal-task02-state16,SmolVLA,libero_goal,2,16,94,dim_5,0.22949985311881488
smolvla-libero_goal-task02-state16,SmolVLA,libero_goal,2,16,94,dim_6,0.15604150130649325
smolvla-libero_goal-task02-state16,SmolVLA,libero_goal,2,16,94,translation,0.2876794499241328
smolvla-libero_goal-task02-state16,SmolVLA,libero_goal,2,16,94,rotation,0.46590556222660556
smolvla-libero_goal-task02-state16,SmolVLA,libero_goal,2,16,94,gripper,0.15604150130649325
smolvla-libero_goal-task02-state16,SmolVLA,libero_goal,2,16,94,arm_original,0.3922163095449575
smolvla-libero_goal-task02-state17,SmolVLA,libero_goal,2,17,76,dim_0,0.3799831226763997
smolvla-libero_goal-task02-state17,SmolVLA,libero_goal,2,17,76,dim_1,0.20783554567176796
smolvla-libero_goal-task02-state17,SmolVLA,libero_goal,2,17,76,dim_2,0.304088085373084
smolvla-libero_goal-task02-state17,SmolVLA,libero_goal,2,17,76,dim_3,0.5187105396400233
smolvla-libero_goal-task02-state17,SmolVLA,libero_goal,2,17,76,dim_4,0.6184427085427896
smolvla-libero_goal-task02-state17,SmolVLA,libero_goal,2,17,76,dim_5,0.2259850261196113
smolvla-libero_goal-task02-state17,SmolVLA,libero_goal,2,17,76,dim_6,0.12512482844903666
smolvla-libero_goal-task02-state17,SmolVLA,libero_goal,2,17,76,translation,0.3166012137742762
smolvla-libero_goal-task02-state17,SmolVLA,libero_goal,2,17,76,rotation,0.4918235682568131
smolvla-libero_goal-task02-state17,SmolVLA,libero_goal,2,17,76,gripper,0.12512482844903666
smolvla-libero_goal-task02-state17,SmolVLA,libero_goal,2,17,76,arm_original,0.41950774223221615
smolvla-libero_goal-task02-state18,SmolVLA,libero_goal,2,18,285,dim_0,0.40242193407469445
smolvla-libero_goal-task02-state18,SmolVLA,libero_goal,2,18,285,dim_1,0.1650163118642896
smolvla-libero_goal-task02-state18,SmolVLA,libero_goal,2,18,285,dim_2,0.401680421712291
smolvla-libero_goal-task02-state18,SmolVLA,libero_goal,2,18,285,dim_3,0.4090924659014739
smolvla-libero_goal-task02-state18,SmolVLA,libero_goal,2,18,285,dim_4,0.6045828884266147
smolvla-libero_goal-task02-state18,SmolVLA,libero_goal,2,18,285,dim_5,0.24255888157298697
smolvla-libero_goal-task02-state18,SmolVLA,libero_goal,2,18,285,dim_6,0.09205280180177622
smolvla-libero_goal-task02-state18,SmolVLA,libero_goal,2,18,285,translation,0.34971334238336976
smolvla-libero_goal-task02-state18,SmolVLA,libero_goal,2,18,285,rotation,0.4579528418329739
smolvla-libero_goal-task02-state18,SmolVLA,libero_goal,2,18,285,gripper,0.09205280180177622
smolvla-libero_goal-task02-state18,SmolVLA,libero_goal,2,18,285,arm_original,0.41277350865194856
smolvla-libero_goal-task02-state19,SmolVLA,libero_goal,2,19,89,dim_0,0.35337276814715135
smolvla-libero_goal-task02-state19,SmolVLA,libero_goal,2,19,89,dim_1,0.2043687509806721
smolvla-libero_goal-task02-state19,SmolVLA,libero_goal,2,19,89,dim_2,0.3029654913062284
smolvla-libero_goal-task02-state19,SmolVLA,libero_goal,2,19,89,dim_3,0.5333404550749834
smolvla-libero_goal-task02-state19,SmolVLA,libero_goal,2,19,89,dim_4,0.6646925855132814
smolvla-libero_goal-task02-state19,SmolVLA,libero_goal,2,19,89,dim_5,0.2488992672599171
smolvla-libero_goal-task02-state19,SmolVLA,libero_goal,2,19,89,dim_6,0.10257514267523325
smolvla-libero_goal-task02-state19,SmolVLA,libero_goal,2,19,89,translation,0.3008202566528862
smolvla-libero_goal-task02-state19,SmolVLA,libero_goal,2,19,89,rotation,0.5210733496210166
smolvla-libero_goal-task02-state19,SmolVLA,libero_goal,2,19,89,gripper,0.10257514267523325
smolvla-libero_goal-task02-state19,SmolVLA,libero_goal,2,19,89,arm_original,0.4310427610765977
smolvla-libero_10-task03-state10,SmolVLA,libero_10,3,10,237,dim_0,0.23934029998529135
smolvla-libero_10-task03-state10,SmolVLA,libero_10,3,10,237,dim_1,0.20855163682063868
smolvla-libero_10-task03-state10,SmolVLA,libero_10,3,10,237,dim_2,0.23787570893008173
smolvla-libero_10-task03-state10,SmolVLA,libero_10,3,10,237,dim_3,0.47771643470918096
smolvla-libero_10-task03-state10,SmolVLA,libero_10,3,10,237,dim_4,0.4704419653032321
smolvla-libero_10-task03-state10,SmolVLA,libero_10,3,10,237,dim_5,0.2939321112527811
smolvla-libero_10-task03-state10,SmolVLA,libero_10,3,10,237,dim_6,0.1581370182654241
smolvla-libero_10-task03-state10,SmolVLA,libero_10,3,10,237,translation,0.23721954051727798
smolvla-libero_10-task03-state10,SmolVLA,libero_10,3,10,237,rotation,0.4390260408794301
smolvla-libero_10-task03-state10,SmolVLA,libero_10,3,10,237,gripper,0.1581370182654241
smolvla-libero_10-task03-state10,SmolVLA,libero_10,3,10,237,arm_original,0.355968173887324
smolvla-libero_10-task03-state11,SmolVLA,libero_10,3,11,505,dim_0,0.2874428327546434
smolvla-libero_10-task03-state11,SmolVLA,libero_10,3,11,505,dim_1,0.3701577154361513
smolvla-libero_10-task03-state11,SmolVLA,libero_10,3,11,505,dim_2,0.2599812966433597
smolvla-libero_10-task03-state11,SmolVLA,libero_10,3,11,505,dim_3,0.4518785172184164
smolvla-libero_10-task03-state11,SmolVLA,libero_10,3,11,505,dim_4,0.4970573986898747
smolvla-libero_10-task03-state11,SmolVLA,libero_10,3,11,505,dim_5,0.31917707468711004
smolvla-libero_10-task03-state11,SmolVLA,libero_10,3,11,505,dim_6,0.12032091898226592
smolvla-libero_10-task03-state11,SmolVLA,libero_10,3,11,505,translation,0.31959191071378695
smolvla-libero_10-task03-state11,SmolVLA,libero_10,3,11,505,rotation,0.44296978973328854
smolvla-libero_10-task03-state11,SmolVLA,libero_10,3,11,505,gripper,0.12032091898226592
smolvla-libero_10-task03-state11,SmolVLA,libero_10,3,11,505,arm_original,0.39105141951051353
smolvla-libero_10-task03-state12,SmolVLA,libero_10,3,12,505,dim_0,0.27167809620145705
smolvla-libero_10-task03-state12,SmolVLA,libero_10,3,12,505,dim_1,0.34943463161447674
smolvla-libero_10-task03-state12,SmolVLA,libero_10,3,12,505,dim_2,0.24614273009088047
smolvla-libero_10-task03-state12,SmolVLA,libero_10,3,12,505,dim_3,0.3816880191201402
smolvla-libero_10-task03-state12,SmolVLA,libero_10,3,12,505,dim_4,0.5060742855486178
smolvla-libero_10-task03-state12,SmolVLA,libero_10,3,12,505,dim_5,0.31757740256464717
smolvla-libero_10-task03-state12,SmolVLA,libero_10,3,12,505,dim_6,0.10407902715376557
smolvla-libero_10-task03-state12,SmolVLA,libero_10,3,12,505,translation,0.3030470302204916
smolvla-libero_10-task03-state12,SmolVLA,libero_10,3,12,505,rotation,0.4252803066681851
smolvla-libero_10-task03-state12,SmolVLA,libero_10,3,12,505,gripper,0.10407902715376557
smolvla-libero_10-task03-state12,SmolVLA,libero_10,3,12,505,arm_original,0.37293689733866253
smolvla-libero_10-task03-state13,SmolVLA,libero_10,3,13,200,dim_0,0.23826408422560771
smolvla-libero_10-task03-state13,SmolVLA,libero_10,3,13,200,dim_1,0.2167512005914318
smolvla-libero_10-task03-state13,SmolVLA,libero_10,3,13,200,dim_2,0.2142012632102132
smolvla-libero_10-task03-state13,SmolVLA,libero_10,3,13,200,dim_3,0.47251123049168003
smolvla-libero_10-task03-state13,SmolVLA,libero_10,3,13,200,dim_4,0.5037523763126547
smolvla-libero_10-task03-state13,SmolVLA,libero_10,3,13,200,dim_5,0.3096452773514031
smolvla-libero_10-task03-state13,SmolVLA,libero_10,3,13,200,dim_6,0.10416927303648904
smolvla-libero_10-task03-state13,SmolVLA,libero_10,3,13,200,translation,0.23000775683956343
smolvla-libero_10-task03-state13,SmolVLA,libero_10,3,13,200,rotation,0.45095097641137577
smolvla-libero_10-task03-state13,SmolVLA,libero_10,3,13,200,gripper,0.10416927303648904
smolvla-libero_10-task03-state13,SmolVLA,libero_10,3,13,200,arm_original,0.3600264623081565
smolvla-libero_10-task03-state14,SmolVLA,libero_10,3,14,215,dim_0,0.2351080953712786
smolvla-libero_10-task03-state14,SmolVLA,libero_10,3,14,215,dim_1,0.2033164733530307
smolvla-libero_10-task03-state14,SmolVLA,libero_10,3,14,215,dim_2,0.21691888909138293
smolvla-libero_10-task03-state14,SmolVLA,libero_10,3,14,215,dim_3,0.41014682537664787
smolvla-libero_10-task03-state14,SmolVLA,libero_10,3,14,215,dim_4,0.47268960684267164
smolvla-libero_10-task03-state14,SmolVLA,libero_10,3,14,215,dim_5,0.292988701950442
smolvla-libero_10-task03-state14,SmolVLA,libero_10,3,14,215,dim_6,0.09023685217998662
smolvla-libero_10-task03-state14,SmolVLA,libero_10,3,14,215,translation,0.2251389926630255
smolvla-libero_10-task03-state14,SmolVLA,libero_10,3,14,215,rotation,0.4115979703832094
smolvla-libero_10-task03-state14,SmolVLA,libero_10,3,14,215,gripper,0.09023685217998662
smolvla-libero_10-task03-state14,SmolVLA,libero_10,3,14,215,arm_original,0.3337775179917829
smolvla-libero_10-task03-state15,SmolVLA,libero_10,3,15,193,dim_0,0.23802631300551846
smolvla-libero_10-task03-state15,SmolVLA,libero_10,3,15,193,dim_1,0.21244035074914477
smolvla-libero_10-task03-state15,SmolVLA,libero_10,3,15,193,dim_2,0.22651880884458553
smolvla-libero_10-task03-state15,SmolVLA,libero_10,3,15,193,dim_3,0.4854347758319082
smolvla-libero_10-task03-state15,SmolVLA,libero_10,3,15,193,dim_4,0.5036437004496311
smolvla-libero_10-task03-state15,SmolVLA,libero_10,3,15,193,dim_5,0.28786219170547644
smolvla-libero_10-task03-state15,SmolVLA,libero_10,3,15,193,dim_6,0.09770107706175235
smolvla-libero_10-task03-state15,SmolVLA,libero_10,3,15,193,translation,0.23476777276727903
smolvla-libero_10-task03-state15,SmolVLA,libero_10,3,15,193,rotation,0.4519754751917979
smolvla-libero_10-task03-state15,SmolVLA,libero_10,3,15,193,gripper,0.09770107706175235
smolvla-libero_10-task03-state15,SmolVLA,libero_10,3,15,193,arm_original,0.36267634149970734
smolvla-libero_10-task03-state16,SmolVLA,libero_10,3,16,505,dim_0,0.284325687313292
smolvla-libero_10-task03-state16,SmolVLA,libero_10,3,16,505,dim_1,0.34718887859615916
smolvla-libero_10-task03-state16,SmolVLA,libero_10,3,16,505,dim_2,0.2538616295610021
smolvla-libero_10-task03-state16,SmolVLA,libero_10,3,16,505,dim_3,0.5037894978625979
smolvla-libero_10-task03-state16,SmolVLA,libero_10,3,16,505,dim_4,0.5230977053020628
smolvla-libero_10-task03-state16,SmolVLA,libero_10,3,16,505,dim_5,0.3277815481529556
smolvla-libero_10-task03-state16,SmolVLA,libero_10,3,16,505,dim_6,0.07386727201337452
smolvla-libero_10-task03-state16,SmolVLA,libero_10,3,16,505,translation,0.3058068121092549
smolvla-libero_10-task03-state16,SmolVLA,libero_10,3,16,505,rotation,0.4754822060216457
smolvla-libero_10-task03-state16,SmolVLA,libero_10,3,16,505,gripper,0.07386727201337452
smolvla-libero_10-task03-state16,SmolVLA,libero_10,3,16,505,arm_original,0.4064175250505978
smolvla-libero_10-task03-state17,SmolVLA,libero_10,3,17,505,dim_0,0.2966489687298422
smolvla-libero_10-task03-state17,SmolVLA,libero_10,3,17,505,dim_1,0.35987619713420455
smolvla-libero_10-task03-state17,SmolVLA,libero_10,3,17,505,dim_2,0.2581268385549796
smolvla-libero_10-task03-state17,SmolVLA,libero_10,3,17,505,dim_3,0.6131175666314319
smolvla-libero_10-task03-state17,SmolVLA,libero_10,3,17,505,dim_4,0.5408124610167129
smolvla-libero_10-task03-state17,SmolVLA,libero_10,3,17,505,dim_5,0.3063067098640602
smolvla-libero_10-task03-state17,SmolVLA,libero_10,3,17,505,dim_6,0.07309231587957955
smolvla-libero_10-task03-state17,SmolVLA,libero_10,3,17,505,translation,0.3165498746618933
smolvla-libero_10-task03-state17,SmolVLA,libero_10,3,17,505,rotation,0.5172299413295451
smolvla-libero_10-task03-state17,SmolVLA,libero_10,3,17,505,gripper,0.07309231587957955
smolvla-libero_10-task03-state17,SmolVLA,libero_10,3,17,505,arm_original,0.43317341009261484
smolvla-libero_10-task03-state18,SmolVLA,libero_10,3,18,192,dim_0,0.2410705232675924
smolvla-libero_10-task03-state18,SmolVLA,libero_10,3,18,192,dim_1,0.2062169522797154
smolvla-libero_10-task03-state18,SmolVLA,libero_10,3,18,192,dim_2,0.22912574888530082
smolvla-libero_10-task03-state18,SmolVLA,libero_10,3,18,192,dim_3,0.45107103496365397
smolvla-libero_10-task03-state18,SmolVLA,libero_10,3,18,192,dim_4,0.49941125229151345
smolvla-libero_10-task03-state18,SmolVLA,libero_10,3,18,192,dim_5,0.2915968260247642
smolvla-libero_10-task03-state18,SmolVLA,libero_10,3,18,192,dim_6,0.13404146988504248
smolvla-libero_10-task03-state18,SmolVLA,libero_10,3,18,192,translation,0.2323688999227768
smolvla-libero_10-task03-state18,SmolVLA,libero_10,3,18,192,rotation,0.43986449275763767
smolvla-libero_10-task03-state18,SmolVLA,libero_10,3,18,192,gripper,0.13404146988504248
smolvla-libero_10-task03-state18,SmolVLA,libero_10,3,18,192,arm_original,0.3538790786938031
smolvla-libero_10-task03-state19,SmolVLA,libero_10,3,19,505,dim_0,0.29935899603828786
smolvla-libero_10-task03-state19,SmolVLA,libero_10,3,19,505,dim_1,0.41365471047983055
smolvla-libero_10-task03-state19,SmolVLA,libero_10,3,19,505,dim_2,0.26579444152803533
smolvla-libero_10-task03-state19,SmolVLA,libero_10,3,19,505,dim_3,0.45250659145124605
smolvla-libero_10-task03-state19,SmolVLA,libero_10,3,19,505,dim_4,0.5656705851767276
smolvla-libero_10-task03-state19,SmolVLA,libero_10,3,19,505,dim_5,0.3328878602885088
smolvla-libero_10-task03-state19,SmolVLA,libero_10,3,19,505,dim_6,0.07209650318452455
smolvla-libero_10-task03-state19,SmolVLA,libero_10,3,19,505,translation,0.34093590433858634
smolvla-libero_10-task03-state19,SmolVLA,libero_10,3,19,505,rotation,0.47430192501518054
smolvla-libero_10-task03-state19,SmolVLA,libero_10,3,19,505,gripper,0.07209650318452455
smolvla-libero_10-task03-state19,SmolVLA,libero_10,3,19,505,arm_original,0.41700930421096677
