left_method,right_method,metric,episode_weighted_mean_difference,episode_ci95_low,episode_ci95_high,task_weighted_mean_difference,task_cluster_ci95_low,task_cluster_ci95_high,negative_task_count,consistent_advantage,episodes,tasks
b6_control_semantic_similarity,b2_exact_act_m0_01,dimension_weighted_semantic_error,-0.0211488740939802,-0.02691963980202688,-0.015433915955487073,-0.020927596211395408,-0.028359749369846112,-0.013371818160476745,9,True,41,10
b6_control_semantic_similarity,b2_exact_act_m0_01,translation_normalized_mse,-0.03080340463129445,-0.03771265505575128,-0.02379427436551895,-0.030354422779156637,-0.040220172728529055,-0.01947252343816075,9,True,41,10
b6_control_semantic_similarity,b2_exact_act_m0_01,translation_l2_action_units,-0.01716890160449884,-0.020127000772374712,-0.014107446764525026,-0.016986720204368748,-0.021606376789212733,-0.012287113972102996,10,True,41,10
b6_control_semantic_similarity,b2_exact_act_m0_01,rotation_geodesic_radians,-0.0004844225811560325,-0.0007240838509984372,-0.00026053790631015787,-0.00048358263455042987,-0.0007789351452933907,-0.00023247616524820766,10,True,41,10
b6_control_semantic_similarity,b2_exact_act_m0_01,rotation_normalized_sq,-0.01082495529556717,-0.016862486987892066,-0.0049540712155780615,-0.010850500859092557,-0.018415335187800783,-0.004068145773729871,9,True,41,10
b6_control_semantic_similarity,b2_exact_act_m0_01,gripper_sign_error,-0.023157038877276773,-0.03586188687510491,-0.010545448541171589,-0.022878402565020516,-0.03887140183222207,-0.006185693009479835,8,True,41,10
b6_control_semantic_similarity,b2_exact_act_m0_01,raw_7d_mse,-0.006730963255017111,-0.008709983292524303,-0.004651816045426798,-0.006657047929325232,-0.008930394596876733,-0.003968337121534024,9,True,41,10
b6_control_semantic_similarity,b2_exact_act_m0_01,equal_group_semantic_error,-0.02159513293471277,-0.028131213195493967,-0.01504141290450174,-0.021361108734423206,-0.029535502078103494,-0.012454555702175045,9,True,41,10
b6_control_semantic_similarity,b2_exact_act_m0_01,arm_gripper_balanced_semantic_error,-0.021985609420353772,-0.029698270586069768,-0.014211157318864085,-0.021740432192072532,-0.03150354674620284,-0.011043960356660148,8,True,41,10
b6_control_semantic_similarity,b2_tuned_act_oldest_exponential,dimension_weighted_semantic_error,-0.008140443612384887,-0.011830631525215672,-0.004460005748164992,-0.008003945469656815,-0.012718948572984803,-0.003007345976449433,8,True,41,10
b6_control_semantic_similarity,b2_tuned_act_oldest_exponential,translation_normalized_mse,-0.010327563550393638,-0.014797360822808116,-0.005709746700869524,-0.010095255503925324,-0.015986999417050216,-0.0030345770455454087,9,True,41,10
b6_control_semantic_similarity,b2_tuned_act_oldest_exponential,translation_l2_action_units,-0.007158977908798043,-0.008955719067228356,-0.005327489350706432,-0.007079457895480731,-0.009575012517984793,-0.004466850783429003,9,True,41,10
b6_control_semantic_similarity,b2_tuned_act_oldest_exponential,rotation_geodesic_radians,-0.00022644658758006343,-0.000366266079464382,-9.9646514113239e-05,-0.00022726784397138176,-0.0003782555312820857,-0.00011449500931902338,10,True,41,10
b6_control_semantic_similarity,b2_tuned_act_oldest_exponential,rotation_normalized_sq,-0.004630439820400908,-0.008387653068749414,-0.001133352842627468,-0.004644386985528798,-0.00886717877281546,-0.0012565228026205025,8,True,41,10
b6_control_semantic_similarity,b2_tuned_act_oldest_exponential,gripper_sign_error,-0.01210909517431071,-0.020814710573833297,-0.0036151339898343408,-0.011808690819235504,-0.023200136954171315,0.0014132979957422675,7,True,41,10
b6_control_semantic_similarity,b2_tuned_act_oldest_exponential,raw_7d_mse,-0.0025927520399932117,-0.003976990395776987,-0.0011972165926025363,-0.0025703537448639575,-0.004516741704596642,-0.0004938212863689138,8,True,41,10
b6_control_semantic_similarity,b2_tuned_act_oldest_exponential,equal_group_semantic_error,-0.009022366181701732,-0.013422347131086424,-0.004619018347013177,-0.008849444436229856,-0.014759955173149807,-0.002222554153760345,8,True,41,10
b6_control_semantic_similarity,b2_tuned_act_oldest_exponential,arm_gripper_balanced_semantic_error,-0.009794048429853996,-0.015084406273949575,-0.004550636828374894,-0.009589256031981287,-0.016700689939970648,-0.00135292379381479,8,True,41,10
b6_control_semantic_similarity,b3_tuned_newest_age_exponential,dimension_weighted_semantic_error,0.02464748739808829,0.01920208765961035,0.03035312297880197,0.024394728526938643,0.016077891570311552,0.03313349968439854,0,False,41,10
b6_control_semantic_similarity,b3_tuned_newest_age_exponential,translation_normalized_mse,0.04232570173317266,0.03585716610390733,0.04871731047298968,0.042048087754714344,0.03278476593003027,0.050759824498917826,0,False,41,10
b6_control_semantic_similarity,b3_tuned_newest_age_exponential,translation_l2_action_units,0.022835116368660254,0.01953708957850749,0.0261961305859044,0.022663783955847693,0.01787919543762635,0.02742270610682257,0,False,41,10
b6_control_semantic_similarity,b3_tuned_newest_age_exponential,rotation_geodesic_radians,0.00014462926278650397,-0.00020210528997339675,0.0005009558723835059,0.00013489949357508544,-0.0002632269889651118,0.0005390052394231844,5,False,41,10
b6_control_semantic_similarity,b3_tuned_newest_age_exponential,rotation_normalized_sq,0.0059579312010325895,-0.0023110963786879546,0.014273711118452565,0.0058826681103285984,-0.00500514377274963,0.016733662652923583,5,False,41,10
b6_control_semantic_similarity,b3_tuned_newest_age_exponential,gripper_sign_error,0.027681512984002163,0.014483351395261584,0.04133426843627492,0.026970832093441532,0.012374096793629608,0.042366128271123196,1,False,41,10
b6_control_semantic_similarity,b3_tuned_newest_age_exponential,raw_7d_mse,0.006860774724170193,0.00452730706962711,0.009122354707869694,0.00677256273535341,0.004284981622486216,0.009133440739517109,1,False,41,10
b6_control_semantic_similarity,b3_tuned_newest_age_exponential,equal_group_semantic_error,0.025321715306069144,0.01901328545912399,0.03200011973744328,0.024967195986161504,0.015727027787425216,0.03441997956625439,0,False,41,10
b6_control_semantic_similarity,b3_tuned_newest_age_exponential,arm_gripper_balanced_semantic_error,0.025911664725552404,0.018243060379911802,0.033955481815417826,0.025468105012981513,0.015047610138464356,0.03595898156927044,1,False,41,10
b6_control_semantic_similarity,b4_official_cogact_alpha0_1,dimension_weighted_semantic_error,-0.003790361619588754,-0.0067466910431198705,-0.0009348423538090295,-0.00370765750370234,-0.007218353358470816,-0.0004121223999880722,8,True,41,10
b6_control_semantic_similarity,b4_official_cogact_alpha0_1,translation_normalized_mse,-0.004371455929643946,-0.008160035471590655,-0.0005052679657629758,-0.00423988358088766,-0.008740676140450302,0.0015213890818986677,8,True,41,10
b6_control_semantic_similarity,b4_official_cogact_alpha0_1,translation_l2_action_units,-0.004002635784032956,-0.005596303268206639,-0.0023864725758475265,-0.003961057219726603,-0.006039545698540504,-0.0017436930636617785,9,True,41,10
b6_control_semantic_similarity,b4_official_cogact_alpha0_1,rotation_geodesic_radians,-0.0001746651023651466,-0.00029376951424483783,-6.513154721472127e-05,-0.00017551479226860889,-0.00030137357894630785,-8.041515589391713e-05,9,True,41,10
b6_control_semantic_similarity,b4_official_cogact_alpha0_1,rotation_normalized_sq,-0.003465560216167401,-0.006815347198016924,-0.00038752985704336256,-0.003484610188535811,-0.007132338511870126,-0.0005402943461998898,8,True,41,10
b6_control_semantic_similarity,b4_official_cogact_alpha0_1,gripper_sign_error,-0.0030214828996874376,-0.008753134588800966,0.00236767541392506,-0.002780121217646175,-0.009776421379071346,0.004697240118054065,6,False,41,10
b6_control_semantic_similarity,b4_official_cogact_alpha0_1,raw_7d_mse,-0.0005791011466087508,-0.0015166334686468987,0.0003592968536553427,-0.0005778966895553933,-0.0019066649819729214,0.0009120906409042204,7,False,41,10
b6_control_semantic_similarity,b4_official_cogact_alpha0_1,equal_group_semantic_error,-0.0036194996818329156,-0.006884182735112516,-0.0004803651000232868,-0.003501538329023203,-0.007703414901634527,0.0005641310882101774,8,True,41,10
b6_control_semantic_similarity,b4_official_cogact_alpha0_1,arm_gripper_balanced_semantic_error,-0.0034699954862965465,-0.0071765581655968,9.156708409581302e-05,-0.0033211840511789465,-0.008198029435173294,0.0015183937357157752,8,False,41,10
b6_control_semantic_similarity,b5_tuned_cogact_cosine,dimension_weighted_semantic_error,0.001256679435266345,-0.0013236863713128812,0.0037570027411702334,0.001199642510191445,-0.0016688014486992214,0.0038602715938413816,5,False,41,10
b6_control_semantic_similarity,b5_tuned_cogact_cosine,translation_normalized_mse,0.001841352099323202,-0.001440752302646476,0.005214789235713896,0.0018123011724235027,-0.0018980835818662516,0.006132838130697138,3,False,41,10
b6_control_semantic_similarity,b5_tuned_cogact_cosine,translation_l2_action_units,-0.0003811233669750839,-0.002012275767381208,0.0012432364756523478,-0.0003970036567385496,-0.002318991134372264,0.0016259725354574547,5,False,41,10
b6_control_semantic_similarity,b5_tuned_cogact_cosine,rotation_geodesic_radians,-0.00013156205818434382,-0.00023781348733350094,-3.352831641764778e-05,-0.0001319334291049939,-0.0002503268173385169,-3.0450586314266626e-05,8,True,41,10
b6_control_semantic_similarity,b5_tuned_cogact_cosine,rotation_normalized_sq,-0.0026041903004916218,-0.005836843987100217,0.00031102892992087997,-0.002630591658030804,-0.006251103612815653,0.0004409116422692302,6,False,41,10
b6_control_semantic_similarity,b5_tuned_cogact_cosine,gripper_sign_error,0.011085270650369431,0.0024787722129742834,0.020243092186506197,0.010852369028161765,0.0007202700185867329,0.020641862578633943,3,False,41,10
b6_control_semantic_similarity,b5_tuned_cogact_cosine,raw_7d_mse,0.00149280432995774,0.000313694731662958,0.0026355504822462607,0.0014604238555820724,6.162052549352583e-05,0.0028088228585958093,3,False,41,10
b6_control_semantic_similarity,b5_tuned_cogact_cosine,equal_group_semantic_error,0.0034408108164003647,-6.111810242799089e-05,0.007023683814499789,0.003344692847518184,-0.0007591804541064543,0.007420198318398181,2,False,41,10
b6_control_semantic_similarity,b5_tuned_cogact_cosine,arm_gripper_balanced_semantic_error,0.005351925774892622,0.0006825192717559895,0.01016219721450284,0.005221611892679069,-0.00027965278215418276,0.0106224161488839,3,False,41,10
b6_control_semantic_similarity,b1_uniform,dimension_weighted_semantic_error,-0.006746716636176068,-0.010167643883308323,-0.003334455438812232,-0.006620172342767612,-0.01093456710674313,-0.001992452163981326,8,True,41,10
b6_control_semantic_similarity,b1_uniform,translation_normalized_mse,-0.008084673382836678,-0.012333583950396234,-0.003704182994151298,-0.007875391203065884,-0.013349758087985832,-0.0011813626120343228,9,True,41,10
b6_control_semantic_similarity,b1_uniform,translation_l2_action_units,-0.00602107023526759,-0.007703706293670223,-0.0043054407574565695,-0.005952735386510219,-0.008236868277849314,-0.003549099251841892,9,True,41,10
b6_control_semantic_similarity,b1_uniform,rotation_geodesic_radians,-0.00020132169257315558,-0.0003303645501960278,-8.293721621926357e-05,-0.00020236453219897588,-0.0003394252322487559,-0.00010164887586505552,10,True,41,10
b6_control_semantic_similarity,b1_uniform,rotation_normalized_sq,-0.0040096071553579506,-0.007549356145333836,-0.000723834973439176,-0.004023311394004861,-0.007886710530988614,-0.000975035146009589,8,True,41,10
b6_control_semantic_similarity,b1_uniform,gripper_sign_error,-0.010944174838648745,-0.019120601143541232,-0.0030337369772886038,-0.010645098608161221,-0.02176085552190424,0.002105012406424351,8,True,41,10
b6_control_semantic_similarity,b1_uniform,raw_7d_mse,-0.00215207859081085,-0.0034799031599642063,-0.0008104116557738686,-0.0021350549939963075,-0.004075391678193665,-0.00010303531073006297,8,True,41,10
b6_control_semantic_similarity,b1_uniform,equal_group_semantic_error,-0.007679485125614435,-0.011732837935233331,-0.003588324058764724,-0.007514600401743968,-0.013042031992553486,-0.0012631980921171265,8,True,41,10
b6_control_semantic_similarity,b1_uniform,arm_gripper_balanced_semantic_error,-0.008495657553873041,-0.013434532515305539,-0.0036517833529409825,-0.008297224953348309,-0.015041772184532315,-0.00046660075814861904,8,True,41,10
b6_control_semantic_similarity_semantic_aggregation,b5_tuned_cogact_cosine_semantic_aggregation,dimension_weighted_semantic_error,0.00047538649395251345,-0.0051185920865136885,0.005767754403767855,2.9152268298885538e-05,-0.007375610345705347,0.0071619637734986075,5,False,41,10
b6_control_semantic_similarity_semantic_aggregation,b5_tuned_cogact_cosine_semantic_aggregation,translation_normalized_mse,0.010806062973631049,0.004327264013319196,0.017122727666944355,0.010255923613074784,0.001910839462099544,0.019050595797137495,3,False,41,10
b6_control_semantic_similarity_semantic_aggregation,b5_tuned_cogact_cosine_semantic_aggregation,translation_l2_action_units,0.007438504615601872,0.0044900720161543594,0.010380288531683744,0.007226767033285219,0.00391843116755666,0.010683673677895751,1,False,41,10
b6_control_semantic_similarity_semantic_aggregation,b5_tuned_cogact_cosine_semantic_aggregation,rotation_geodesic_radians,-8.111333122183523e-05,-0.0002025073357136933,4.0045679710277145e-05,-7.954512663817777e-05,-0.00024709530750391276,8.674314900313056e-05,6,False,41,10
b6_control_semantic_similarity_semantic_aggregation,b5_tuned_cogact_cosine_semantic_aggregation,rotation_normalized_sq,-0.0016996056883715356,-0.006111870962035178,0.00205142936946669,-0.001733519841885541,-0.007430219794217153,0.002912374248695814,6,False,41,10
b6_control_semantic_similarity_semantic_aggregation,b5_tuned_cogact_cosine_semantic_aggregation,gripper_sign_error,-0.02399166639811087,-0.041463914784443674,-0.007724483392525878,-0.025363145435475458,-0.04535171006416292,-0.006126138269503552,8,True,41,10
b6_control_semantic_similarity_semantic_aggregation,b5_tuned_cogact_cosine_semantic_aggregation,raw_7d_mse,-0.012556265694159373,-0.02287470926246346,-0.0029039254818194484,-0.013382505635434014,-0.025133424968504164,-0.002020415462292762,7,True,41,10
b6_control_semantic_similarity_semantic_aggregation,b5_tuned_cogact_cosine_semantic_aggregation,equal_group_semantic_error,-0.00496173637095045,-0.013037081372275213,0.0024841094423930913,-0.005613580554762068,-0.015420418972052463,0.00369545369868811,7,False,41,10
b6_control_semantic_similarity_semantic_aggregation,b5_tuned_cogact_cosine_semantic_aggregation,arm_gripper_balanced_semantic_error,-0.009719218877740545,-0.02004368378801114,-0.00019079968364687721,-0.010550971774940406,-0.022776809933078592,0.0010521688814908471,7,True,41,10
b3_tuned_newest_age_exponential,b0_newest,dimension_weighted_semantic_error,-0.13729094929762156,-0.1604176484122115,-0.11574069905457024,-0.13836423057427313,-0.1684501625046106,-0.11433183106284096,10,True,41,10
b3_tuned_newest_age_exponential,b0_newest,translation_normalized_mse,-0.17300027913813917,-0.2060388534147649,-0.1407837635772129,-0.1742538522303321,-0.23063864121279878,-0.12507575901249013,10,True,41,10
b3_tuned_newest_age_exponential,b0_newest,translation_l2_action_units,-0.05300107054212756,-0.06293692019486616,-0.04332364199279311,-0.053066931573151524,-0.06479515992724014,-0.042214352889314945,10,True,41,10
b3_tuned_newest_age_exponential,b0_newest,rotation_geodesic_radians,-0.004334322461036527,-0.005199931547505229,-0.0035019139817350623,-0.004350161097032698,-0.0050384738963245934,-0.00373311933516556,10,True,41,10
b3_tuned_newest_age_exponential,b0_newest,rotation_normalized_sq,-0.11026796689473273,-0.1433994347597152,-0.07890244233093681,-0.11128354507652458,-0.14129874042624713,-0.08376856122948387,10,True,41,10
b3_tuned_newest_age_exponential,b0_newest,gripper_sign_error,-0.11123190698473556,-0.12768369430533294,-0.09538714793279984,-0.11193742209934188,-0.13215664980774855,-0.09261272806530287,10,True,41,10
b3_tuned_newest_age_exponential,b0_newest,raw_7d_mse,-0.052654751764045646,-0.060032906084725245,-0.0455441551668802,-0.05277994158794065,-0.0624814527974083,-0.04460157014839223,10,True,41,10
b3_tuned_newest_age_exponential,b0_newest,equal_group_semantic_error,-0.13150005100586915,-0.15120338461158583,-0.11317754210843489,-0.13249160646873281,-0.15891476202924512,-0.11174421829004258,10,True,41,10
b3_tuned_newest_age_exponential,b0_newest,arm_gripper_balanced_semantic_error,-0.12643301500058576,-0.1439201776359522,-0.11010817920470033,-0.1273530603763851,-0.1513587920170072,-0.10877671751294961,10,True,41,10
b1_uniform,b0_newest,dimension_weighted_semantic_error,-0.10589674526335721,-0.13418593888972963,-0.07928264531252079,-0.10734932970456687,-0.14691733589299907,-0.07429111553136318,10,True,41,10
b1_uniform,b0_newest,translation_normalized_mse,-0.12258990402212985,-0.15998053710750437,-0.08621113304512064,-0.12433037327255188,-0.18762607866799108,-0.07042743316506415,10,True,41,10
b1_uniform,b0_newest,translation_l2_action_units,-0.024144883938199715,-0.036471035056262646,-0.012124677954575124,-0.02445041223079361,-0.0401631624332701,-0.01072404334332741,8,True,41,10
b1_uniform,b0_newest,rotation_geodesic_radians,-0.0039883715056768685,-0.005090103024025631,-0.002920456205732655,-0.004012897071258637,-0.004902889293891095,-0.003087787281185273,10,True,41,10
b1_uniform,b0_newest,rotation_normalized_sq,-0.10030042853834216,-0.1381922124563073,-0.06407953503969004,-0.10137756557219116,-0.13527379356253924,-0.06737062446754474,10,True,41,10
b1_uniform,b0_newest,gripper_sign_error,-0.07260621916208468,-0.09851655626395196,-0.0480670877936795,-0.0743214913977391,-0.11491591264099454,-0.040821709318386044,10,True,41,10
b1_uniform,b0_newest,raw_7d_mse,-0.04364189844906461,-0.05293995534911552,-0.0346846769620777,-0.04387232385859093,-0.05596441614342503,-0.03429554562847433,10,True,41,10
b1_uniform,b0_newest,equal_group_semantic_error,-0.09849885057418555,-0.12402120854140462,-0.07478489762086388,-0.10000981008082736,-0.13812722340269423,-0.06881420906219601,10,True,41,10
b1_uniform,b0_newest,arm_gripper_balanced_semantic_error,-0.09202569272116032,-0.11585298175812936,-0.06985911408922933,-0.09358773041005528,-0.13112413376563223,-0.06354240050249117,10,True,41,10
b2_exact_act_m0_01,b0_newest,dimension_weighted_semantic_error,-0.09149458780555311,-0.12134730120416579,-0.06313993372022339,-0.09304190583593905,-0.13505543902861722,-0.05681895604651488,10,True,41,10
b2_exact_act_m0_01,b0_newest,translation_normalized_mse,-0.09987117277367208,-0.13892703775400356,-0.06211940788378728,-0.10185134169646112,-0.16725411185398853,-0.0460697588693565,9,True,41,10
b2_exact_act_m0_01,b0_newest,translation_l2_action_units,-0.01299705256896847,-0.026243567559167937,-0.00013318622220008012,-0.01341642741293508,-0.030998825114665743,0.002096511169418537,6,False,41,10
b2_exact_act_m0_01,b0_newest,rotation_geodesic_radians,-0.0037052706170939906,-0.004886294207311362,-0.00256847145595092,-0.0037316789689071823,-0.004728639597332522,-0.0026623421798303557,10,True,41,10
b2_exact_act_m0_01,b0_newest,rotation_normalized_sq,-0.09348508039813293,-0.1326620833157512,-0.05556576676053427,-0.09455037610710343,-0.13061786476792228,-0.05763796814931188,10,True,41,10
b2_exact_act_m0_01,b0_newest,gripper_sign_error,-0.060393355123456643,-0.08854625421697192,-0.03392431101726666,-0.062088187440879815,-0.10306960053359496,-0.02823925637657334,9,True,41,10
b2_exact_act_m0_01,b0_newest,raw_7d_mse,-0.03906301378485835,-0.048996817285508275,-0.029498634942627836,-0.03935033092326201,-0.052102445096065306,-0.02939936102872182,10,True,41,10
b2_exact_act_m0_01,b0_newest,equal_group_semantic_error,-0.08458320276508723,-0.11185591849566531,-0.059187422064440984,-0.08616330174814812,-0.12638772074972798,-0.052362212330401184,10,True,41,10
b2_exact_act_m0_01,b0_newest,arm_gripper_balanced_semantic_error,-0.0785357408546796,-0.1043714902002467,-0.054503910143378465,-0.08014452317133106,-0.11945506502664345,-0.047981226098331775,10,True,41,10
b5_tuned_cogact_cosine,b0_newest,dimension_weighted_semantic_error,-0.11390014133479966,-0.14045396236524207,-0.08915589117642629,-0.11516914455752594,-0.15076270431653122,-0.08607817463838782,10,True,41,10
b5_tuned_cogact_cosine,b0_newest,translation_normalized_mse,-0.13251592950428973,-0.16821920539636298,-0.09771768865259133,-0.13401806564804125,-0.19375714434609204,-0.08379806632581635,10,True,41,10
b5_tuned_cogact_cosine,b0_newest,translation_l2_action_units,-0.029784830806492222,-0.041782474609178846,-0.018177129939147482,-0.030006143960565286,-0.04496972165442649,-0.017052501145606146,10,True,41,10
b5_tuned_cogact_cosine,b0_newest,rotation_geodesic_radians,-0.00405813114006568,-0.005142208232166103,-0.0030193062027716634,-0.004083328174352618,-0.004932880670949605,-0.0032032035116686002,10,True,41,10
b5_tuned_cogact_cosine,b0_newest,rotation_normalized_sq,-0.10170584539320848,-0.13849915430606685,-0.06621181825280774,-0.10277028530816516,-0.1358503540203921,-0.06959235159179492,10,True,41,10
b5_tuned_cogact_cosine,b0_newest,gripper_sign_error,-0.09463566465110286,-0.1135059107522455,-0.07715458035079133,-0.0958189590340621,-0.12340667856462538,-0.07082761564674861,10,True,41,10
b5_tuned_cogact_cosine,b0_newest,raw_7d_mse,-0.047286781369833206,-0.05523123066294936,-0.039690049296765395,-0.04746780270816932,-0.057863920332164864,-0.039892531048300615,10,True,41,10
b5_tuned_cogact_cosine,b0_newest,equal_group_semantic_error,-0.10961914651620035,-0.132343991977987,-0.08875708118484398,-0.11086910333008951,-0.1432870548120132,-0.08530745308813134,10,True,41,10
b5_tuned_cogact_cosine,b0_newest,arm_gripper_balanced_semantic_error,-0.10587327604992598,-0.12599245936851736,-0.08752621810054274,-0.10710656725608267,-0.13734523594602546,-0.08381371728021604,10,True,41,10
b6_control_semantic_similarity,b0_newest,dimension_weighted_semantic_error,-0.11264346189953331,-0.13844348490686934,-0.08863355552444355,-0.11396950204733447,-0.14956877279197345,-0.08469091160192296,10,True,41,10
b6_control_semantic_similarity,b0_newest,translation_normalized_mse,-0.13067457740496652,-0.16460172077465926,-0.09729061747833344,-0.13220576447561777,-0.18990962280001217,-0.08272895868874462,10,True,41,10
b6_control_semantic_similarity,b0_newest,translation_l2_action_units,-0.030165954173467308,-0.0412414207162054,-0.019402458696576894,-0.03040314761730383,-0.04416880242626979,-0.01828259048342069,10,True,41,10
b6_control_semantic_similarity,b0_newest,rotation_geodesic_radians,-0.0041896931982500244,-0.00522380517375735,-0.0032055998040861323,-0.0042152616034576125,-0.005031445647596416,-0.00339534456809616,10,True,41,10
b6_control_semantic_similarity,b0_newest,rotation_normalized_sq,-0.1043100356937001,-0.14015136635516712,-0.06969082197675391,-0.10540087696619597,-0.1378815834582525,-0.07335554415048032,10,True,41,10
b6_control_semantic_similarity,b0_newest,gripper_sign_error,-0.08355039400073343,-0.1060547147799866,-0.06255964299655734,-0.08496659000590032,-0.11658767701886852,-0.057480636219050044,10,True,41,10
b6_control_semantic_similarity,b0_newest,raw_7d_mse,-0.045793977039875464,-0.05403603154838472,-0.037840832720386595,-0.046007378852587245,-0.05640434051000571,-0.03801314312902161,10,True,41,10
b6_control_semantic_similarity,b0_newest,equal_group_semantic_error,-0.10617833569980001,-0.12871041638230427,-0.08545112949547473,-0.10752441048257133,-0.14042935661389785,-0.08105065597039908,10,True,41,10
b6_control_semantic_similarity,b0_newest,arm_gripper_balanced_semantic_error,-0.10052135027503338,-0.12150636095424648,-0.08166444748523943,-0.10188495536340361,-0.133339549773214,-0.07730169294612524,10,True,41,10
