family,contrast,task,delta_percentage_points
r1a,A0_G0-A2_G0,libero_object:task1,7.142857142857142
r1a,A0_G0-A2_G0,libero_object:task2,14.285714285714285
r1a,A0_G0-A2_G0,libero_object:task3,-7.142857142857142
r1a,A0_G0-A2_G0,libero_object:task4,0.0
r1a,A0_G0-A2_G0,libero_object:task5,14.285714285714285
r1a,A0_G0-A2_G0,libero_object:task6,14.285714285714285
r1a,A0_G0-A2_G0,libero_object:task7,-7.142857142857142
r1a,A0_G0-A2_G0,libero_object:task8,21.428571428571427
r1a,A0_G0-A2_G0,libero_object:task9,-7.142857142857142
r1a,A0_G0-A0_G2,libero_object:task1,-28.57142857142857
r1a,A0_G0-A0_G2,libero_object:task2,-28.57142857142857
r1a,A0_G0-A0_G2,libero_object:task3,-14.285714285714285
r1a,A0_G0-A0_G2,libero_object:task4,-21.428571428571427
r1a,A0_G0-A0_G2,libero_object:task5,-14.285714285714285
r1a,A0_G0-A0_G2,libero_object:task6,-7.142857142857142
r1a,A0_G0-A0_G2,libero_object:task7,-14.285714285714285
r1a,A0_G0-A0_G2,libero_object:task8,-14.285714285714285
r1a,A0_G0-A0_G2,libero_object:task9,0.0
r1a,A0_G2-A2_G0,libero_object:task1,35.714285714285715
r1a,A0_G2-A2_G0,libero_object:task2,42.857142857142854
r1a,A0_G2-A2_G0,libero_object:task3,7.142857142857142
r1a,A0_G2-A2_G0,libero_object:task4,21.428571428571427
r1a,A0_G2-A2_G0,libero_object:task5,28.57142857142857
r1a,A0_G2-A2_G0,libero_object:task6,21.428571428571427
r1a,A0_G2-A2_G0,libero_object:task7,7.142857142857142
r1a,A0_G2-A2_G0,libero_object:task8,35.714285714285715
r1a,A0_G2-A2_G0,libero_object:task9,-7.142857142857142
r1a,A0_G0-A4_G0,libero_object:task1,7.142857142857142
r1a,A0_G0-A4_G0,libero_object:task2,-7.142857142857142
r1a,A0_G0-A4_G0,libero_object:task3,7.142857142857142
r1a,A0_G0-A4_G0,libero_object:task4,-14.285714285714285
r1a,A0_G0-A4_G0,libero_object:task5,28.57142857142857
r1a,A0_G0-A4_G0,libero_object:task6,14.285714285714285
r1a,A0_G0-A4_G0,libero_object:task7,-7.142857142857142
r1a,A0_G0-A4_G0,libero_object:task8,28.57142857142857
r1a,A0_G0-A4_G0,libero_object:task9,-7.142857142857142
r1a,A0_G0-A0_G4,libero_object:task1,-50.0
r1a,A0_G0-A0_G4,libero_object:task2,-28.57142857142857
r1a,A0_G0-A0_G4,libero_object:task3,-35.714285714285715
r1a,A0_G0-A0_G4,libero_object:task4,-28.57142857142857
r1a,A0_G0-A0_G4,libero_object:task5,-7.142857142857142
r1a,A0_G0-A0_G4,libero_object:task6,-7.142857142857142
r1a,A0_G0-A0_G4,libero_object:task7,-14.285714285714285
r1a,A0_G0-A0_G4,libero_object:task8,-14.285714285714285
r1a,A0_G0-A0_G4,libero_object:task9,0.0
r1a,A0_G4-A4_G0,libero_object:task1,57.14285714285714
r1a,A0_G4-A4_G0,libero_object:task2,21.428571428571427
r1a,A0_G4-A4_G0,libero_object:task3,42.857142857142854
r1a,A0_G4-A4_G0,libero_object:task4,14.285714285714285
r1a,A0_G4-A4_G0,libero_object:task5,35.714285714285715
r1a,A0_G4-A4_G0,libero_object:task6,21.428571428571427
r1a,A0_G4-A4_G0,libero_object:task7,7.142857142857142
r1a,A0_G4-A4_G0,libero_object:task8,42.857142857142854
r1a,A0_G4-A4_G0,libero_object:task9,-7.142857142857142
r1a,A0_G0-A8_G0,libero_object:task1,7.142857142857142
r1a,A0_G0-A8_G0,libero_object:task2,21.428571428571427
r1a,A0_G0-A8_G0,libero_object:task3,7.142857142857142
r1a,A0_G0-A8_G0,libero_object:task4,0.0
r1a,A0_G0-A8_G0,libero_object:task5,35.714285714285715
r1a,A0_G0-A8_G0,libero_object:task6,28.57142857142857
r1a,A0_G0-A8_G0,libero_object:task7,7.142857142857142
r1a,A0_G0-A8_G0,libero_object:task8,28.57142857142857
r1a,A0_G0-A8_G0,libero_object:task9,7.142857142857142
r1a,A0_G0-A0_G8,libero_object:task1,-64.28571428571429
r1a,A0_G0-A0_G8,libero_object:task2,-28.57142857142857
r1a,A0_G0-A0_G8,libero_object:task3,-21.428571428571427
r1a,A0_G0-A0_G8,libero_object:task4,-42.857142857142854
r1a,A0_G0-A0_G8,libero_object:task5,-14.285714285714285
r1a,A0_G0-A0_G8,libero_object:task6,-7.142857142857142
r1a,A0_G0-A0_G8,libero_object:task7,-21.428571428571427
r1a,A0_G0-A0_G8,libero_object:task8,-14.285714285714285
r1a,A0_G0-A0_G8,libero_object:task9,-14.285714285714285
r1a,A0_G8-A8_G0,libero_object:task1,71.42857142857143
r1a,A0_G8-A8_G0,libero_object:task2,50.0
r1a,A0_G8-A8_G0,libero_object:task3,28.57142857142857
r1a,A0_G8-A8_G0,libero_object:task4,42.857142857142854
r1a,A0_G8-A8_G0,libero_object:task5,50.0
r1a,A0_G8-A8_G0,libero_object:task6,35.714285714285715
r1a,A0_G8-A8_G0,libero_object:task7,28.57142857142857
r1a,A0_G8-A8_G0,libero_object:task8,42.857142857142854
r1a,A0_G8-A8_G0,libero_object:task9,21.428571428571427
r1a,A0_G0-A12_G0,libero_object:task1,7.142857142857142
r1a,A0_G0-A12_G0,libero_object:task2,42.857142857142854
r1a,A0_G0-A12_G0,libero_object:task3,28.57142857142857
r1a,A0_G0-A12_G0,libero_object:task4,21.428571428571427
r1a,A0_G0-A12_G0,libero_object:task5,42.857142857142854
r1a,A0_G0-A12_G0,libero_object:task6,35.714285714285715
r1a,A0_G0-A12_G0,libero_object:task7,14.285714285714285
r1a,A0_G0-A12_G0,libero_object:task8,42.857142857142854
r1a,A0_G0-A12_G0,libero_object:task9,14.285714285714285
r1a,A0_G0-A0_G12,libero_object:task1,-64.28571428571429
r1a,A0_G0-A0_G12,libero_object:task2,-28.57142857142857
r1a,A0_G0-A0_G12,libero_object:task3,-14.285714285714285
r1a,A0_G0-A0_G12,libero_object:task4,-42.857142857142854
r1a,A0_G0-A0_G12,libero_object:task5,-7.142857142857142
r1a,A0_G0-A0_G12,libero_object:task6,-7.142857142857142
r1a,A0_G0-A0_G12,libero_object:task7,-28.57142857142857
r1a,A0_G0-A0_G12,libero_object:task8,-14.285714285714285
r1a,A0_G0-A0_G12,libero_object:task9,-21.428571428571427
r1a,A0_G12-A12_G0,libero_object:task1,71.42857142857143
r1a,A0_G12-A12_G0,libero_object:task2,71.42857142857143
r1a,A0_G12-A12_G0,libero_object:task3,42.857142857142854
r1a,A0_G12-A12_G0,libero_object:task4,64.28571428571429
r1a,A0_G12-A12_G0,libero_object:task5,50.0
r1a,A0_G12-A12_G0,libero_object:task6,42.857142857142854
r1a,A0_G12-A12_G0,libero_object:task7,42.857142857142854
r1a,A0_G12-A12_G0,libero_object:task8,57.14285714285714
r1a,A0_G12-A12_G0,libero_object:task9,35.714285714285715
r1a,A0_G0-A16_G0,libero_object:task1,7.142857142857142
r1a,A0_G0-A16_G0,libero_object:task2,42.857142857142854
r1a,A0_G0-A16_G0,libero_object:task3,35.714285714285715
r1a,A0_G0-A16_G0,libero_object:task4,21.428571428571427
r1a,A0_G0-A16_G0,libero_object:task5,50.0
r1a,A0_G0-A16_G0,libero_object:task6,28.57142857142857
r1a,A0_G0-A16_G0,libero_object:task7,14.285714285714285
r1a,A0_G0-A16_G0,libero_object:task8,35.714285714285715
r1a,A0_G0-A16_G0,libero_object:task9,0.0
r1a,A0_G0-A0_G16,libero_object:task1,-64.28571428571429
r1a,A0_G0-A0_G16,libero_object:task2,-21.428571428571427
r1a,A0_G0-A0_G16,libero_object:task3,-28.57142857142857
r1a,A0_G0-A0_G16,libero_object:task4,-42.857142857142854
r1a,A0_G0-A0_G16,libero_object:task5,-7.142857142857142
r1a,A0_G0-A0_G16,libero_object:task6,-7.142857142857142
r1a,A0_G0-A0_G16,libero_object:task7,-28.57142857142857
r1a,A0_G0-A0_G16,libero_object:task8,-21.428571428571427
r1a,A0_G0-A0_G16,libero_object:task9,-21.428571428571427
r1a,A0_G16-A16_G0,libero_object:task1,71.42857142857143
r1a,A0_G16-A16_G0,libero_object:task2,64.28571428571429
r1a,A0_G16-A16_G0,libero_object:task3,64.28571428571429
r1a,A0_G16-A16_G0,libero_object:task4,64.28571428571429
r1a,A0_G16-A16_G0,libero_object:task5,57.14285714285714
r1a,A0_G16-A16_G0,libero_object:task6,35.714285714285715
r1a,A0_G16-A16_G0,libero_object:task7,42.857142857142854
r1a,A0_G16-A16_G0,libero_object:task8,57.14285714285714
r1a,A0_G16-A16_G0,libero_object:task9,21.428571428571427
r1a,A0_G0-A20_G0,libero_object:task1,14.285714285714285
r1a,A0_G0-A20_G0,libero_object:task2,64.28571428571429
r1a,A0_G0-A20_G0,libero_object:task3,35.714285714285715
r1a,A0_G0-A20_G0,libero_object:task4,28.57142857142857
r1a,A0_G0-A20_G0,libero_object:task5,50.0
r1a,A0_G0-A20_G0,libero_object:task6,42.857142857142854
r1a,A0_G0-A20_G0,libero_object:task7,14.285714285714285
r1a,A0_G0-A20_G0,libero_object:task8,35.714285714285715
r1a,A0_G0-A20_G0,libero_object:task9,28.57142857142857
r1a,A0_G0-A0_G20,libero_object:task1,-50.0
r1a,A0_G0-A0_G20,libero_object:task2,-21.428571428571427
r1a,A0_G0-A0_G20,libero_object:task3,-21.428571428571427
r1a,A0_G0-A0_G20,libero_object:task4,-42.857142857142854
r1a,A0_G0-A0_G20,libero_object:task5,7.142857142857142
r1a,A0_G0-A0_G20,libero_object:task6,-7.142857142857142
r1a,A0_G0-A0_G20,libero_object:task7,-14.285714285714285
r1a,A0_G0-A0_G20,libero_object:task8,-14.285714285714285
r1a,A0_G0-A0_G20,libero_object:task9,-14.285714285714285
r1a,A0_G20-A20_G0,libero_object:task1,64.28571428571429
r1a,A0_G20-A20_G0,libero_object:task2,85.71428571428571
r1a,A0_G20-A20_G0,libero_object:task3,57.14285714285714
r1a,A0_G20-A20_G0,libero_object:task4,71.42857142857143
r1a,A0_G20-A20_G0,libero_object:task5,42.857142857142854
r1a,A0_G20-A20_G0,libero_object:task6,50.0
r1a,A0_G20-A20_G0,libero_object:task7,28.57142857142857
r1a,A0_G20-A20_G0,libero_object:task8,50.0
r1a,A0_G20-A20_G0,libero_object:task9,42.857142857142854
r1a,A0_G0-A32_G0,libero_object:task1,7.142857142857142
r1a,A0_G0-A32_G0,libero_object:task2,21.428571428571427
r1a,A0_G0-A32_G0,libero_object:task3,21.428571428571427
r1a,A0_G0-A32_G0,libero_object:task4,14.285714285714285
r1a,A0_G0-A32_G0,libero_object:task5,42.857142857142854
r1a,A0_G0-A32_G0,libero_object:task6,21.428571428571427
r1a,A0_G0-A32_G0,libero_object:task7,-14.285714285714285
r1a,A0_G0-A32_G0,libero_object:task8,21.428571428571427
r1a,A0_G0-A32_G0,libero_object:task9,35.714285714285715
r1a,A0_G0-A0_G32,libero_object:task1,-42.857142857142854
r1a,A0_G0-A0_G32,libero_object:task2,-14.285714285714285
r1a,A0_G0-A0_G32,libero_object:task3,-28.57142857142857
r1a,A0_G0-A0_G32,libero_object:task4,-42.857142857142854
r1a,A0_G0-A0_G32,libero_object:task5,0.0
r1a,A0_G0-A0_G32,libero_object:task6,-7.142857142857142
r1a,A0_G0-A0_G32,libero_object:task7,-14.285714285714285
r1a,A0_G0-A0_G32,libero_object:task8,-14.285714285714285
r1a,A0_G0-A0_G32,libero_object:task9,0.0
r1a,A0_G32-A32_G0,libero_object:task1,50.0
r1a,A0_G32-A32_G0,libero_object:task2,35.714285714285715
r1a,A0_G32-A32_G0,libero_object:task3,50.0
r1a,A0_G32-A32_G0,libero_object:task4,57.14285714285714
r1a,A0_G32-A32_G0,libero_object:task5,42.857142857142854
r1a,A0_G32-A32_G0,libero_object:task6,28.57142857142857
r1a,A0_G32-A32_G0,libero_object:task7,0.0
r1a,A0_G32-A32_G0,libero_object:task8,35.714285714285715
r1a,A0_G32-A32_G0,libero_object:task9,35.714285714285715
r1b,T20_R0_G0-T0_R20_G0,libero_object:task1,-7.142857142857142
r1b,T20_R0_G0-T0_R20_G0,libero_object:task2,-57.14285714285714
r1b,T20_R0_G0-T0_R20_G0,libero_object:task3,-28.57142857142857
r1b,T20_R0_G0-T0_R20_G0,libero_object:task4,-28.57142857142857
r1b,T20_R0_G0-T0_R20_G0,libero_object:task5,-50.0
r1b,T20_R0_G0-T0_R20_G0,libero_object:task6,-35.714285714285715
r1b,T20_R0_G0-T0_R20_G0,libero_object:task7,-14.285714285714285
r1b,T20_R0_G0-T0_R20_G0,libero_object:task8,-21.428571428571427
r1b,T20_R0_G0-T0_R20_G0,libero_object:task9,-57.14285714285714
r1b,T20_R0_G0-A0_G0,libero_object:task1,-14.285714285714285
r1b,T20_R0_G0-A0_G0,libero_object:task2,-57.14285714285714
r1b,T20_R0_G0-A0_G0,libero_object:task3,-28.57142857142857
r1b,T20_R0_G0-A0_G0,libero_object:task4,-21.428571428571427
r1b,T20_R0_G0-A0_G0,libero_object:task5,-50.0
r1b,T20_R0_G0-A0_G0,libero_object:task6,-42.857142857142854
r1b,T20_R0_G0-A0_G0,libero_object:task7,-14.285714285714285
r1b,T20_R0_G0-A0_G0,libero_object:task8,-35.714285714285715
r1b,T20_R0_G0-A0_G0,libero_object:task9,-57.14285714285714
r1b,T0_R20_G0-A0_G0,libero_object:task1,-7.142857142857142
r1b,T0_R20_G0-A0_G0,libero_object:task2,0.0
r1b,T0_R20_G0-A0_G0,libero_object:task3,0.0
r1b,T0_R20_G0-A0_G0,libero_object:task4,7.142857142857142
r1b,T0_R20_G0-A0_G0,libero_object:task5,0.0
r1b,T0_R20_G0-A0_G0,libero_object:task6,-7.142857142857142
r1b,T0_R20_G0-A0_G0,libero_object:task7,0.0
r1b,T0_R20_G0-A0_G0,libero_object:task8,-14.285714285714285
r1b,T0_R20_G0-A0_G0,libero_object:task9,0.0
r1c,C10-C00,libero_10:task0,0.0
r1c,C10-C00,libero_10:task2,35.714285714285715
r1c,C10-C00,libero_10:task4,7.142857142857142
r1c,C10-C00,libero_10:task6,-21.428571428571427
r1c,C10-C00,libero_10:task7,-7.142857142857142
r1c,C10-C00,libero_goal:task4,-7.142857142857142
r1c,C10-C00,libero_goal:task6,-35.714285714285715
r1c,C10-C00,libero_goal:task7,0.0
r1c,C10-C00,libero_goal:task8,7.142857142857142
r1c,C10-C00,libero_goal:task9,14.285714285714285
r1c,C01-C00,libero_10:task0,14.285714285714285
r1c,C01-C00,libero_10:task2,21.428571428571427
r1c,C01-C00,libero_10:task4,-14.285714285714285
r1c,C01-C00,libero_10:task6,-14.285714285714285
r1c,C01-C00,libero_10:task7,14.285714285714285
r1c,C01-C00,libero_goal:task4,0.0
r1c,C01-C00,libero_goal:task6,0.0
r1c,C01-C00,libero_goal:task7,0.0
r1c,C01-C00,libero_goal:task8,0.0
r1c,C01-C00,libero_goal:task9,7.142857142857142
r1c,C11-C10,libero_10:task0,14.285714285714285
r1c,C11-C10,libero_10:task2,0.0
r1c,C11-C10,libero_10:task4,35.714285714285715
r1c,C11-C10,libero_10:task6,14.285714285714285
r1c,C11-C10,libero_10:task7,35.714285714285715
r1c,C11-C10,libero_goal:task4,-7.142857142857142
r1c,C11-C10,libero_goal:task6,21.428571428571427
r1c,C11-C10,libero_goal:task7,0.0
r1c,C11-C10,libero_goal:task8,0.0
r1c,C11-C10,libero_goal:task9,7.142857142857142
r1c,C11-C01,libero_10:task0,0.0
r1c,C11-C01,libero_10:task2,14.285714285714285
r1c,C11-C01,libero_10:task4,57.14285714285714
r1c,C11-C01,libero_10:task6,7.142857142857142
r1c,C11-C01,libero_10:task7,14.285714285714285
r1c,C11-C01,libero_goal:task4,-14.285714285714285
r1c,C11-C01,libero_goal:task6,-14.285714285714285
r1c,C11-C01,libero_goal:task7,0.0
r1c,C11-C01,libero_goal:task8,7.142857142857142
r1c,C11-C01,libero_goal:task9,14.285714285714285
r1c,C11-C00,libero_10:task0,14.285714285714285
r1c,C11-C00,libero_10:task2,35.714285714285715
r1c,C11-C00,libero_10:task4,42.857142857142854
r1c,C11-C00,libero_10:task6,-7.142857142857142
r1c,C11-C00,libero_10:task7,28.57142857142857
r1c,C11-C00,libero_goal:task4,-14.285714285714285
r1c,C11-C00,libero_goal:task6,-14.285714285714285
r1c,C11-C00,libero_goal:task7,0.0
r1c,C11-C00,libero_goal:task8,7.142857142857142
r1c,C11-C00,libero_goal:task9,21.428571428571427
r1c,C10-C01,libero_10:task0,-14.285714285714285
r1c,C10-C01,libero_10:task2,14.285714285714285
r1c,C10-C01,libero_10:task4,21.428571428571427
r1c,C10-C01,libero_10:task6,-7.142857142857142
r1c,C10-C01,libero_10:task7,-21.428571428571427
r1c,C10-C01,libero_goal:task4,-7.142857142857142
r1c,C10-C01,libero_goal:task6,-35.714285714285715
r1c,C10-C01,libero_goal:task7,0.0
r1c,C10-C01,libero_goal:task8,7.142857142857142
r1c,C10-C01,libero_goal:task9,7.142857142857142
r1d,A0_G20-A20_G0,libero_spatial:task0,30.0
r1d,A0_G20-A20_G0,libero_spatial:task1,30.0
r1d,A0_G20-A20_G0,libero_spatial:task2,80.0
r1d,A0_G20-A20_G0,libero_spatial:task3,70.0
r1d,A0_G20-A20_G0,libero_spatial:task4,10.0
r1d,A0_G20-A20_G0,libero_spatial:task5,0.0
r1d,A0_G20-A20_G0,libero_spatial:task6,30.0
r1d,A0_G20-A20_G0,libero_spatial:task7,0.0
r1d,A0_G20-A20_G0,libero_spatial:task8,30.0
r1d,A0_G20-A20_G0,libero_spatial:task9,0.0
r1d,A20_G0-A0_G0,libero_spatial:task0,-40.0
r1d,A20_G0-A0_G0,libero_spatial:task1,-30.0
r1d,A20_G0-A0_G0,libero_spatial:task2,-80.0
r1d,A20_G0-A0_G0,libero_spatial:task3,-60.0
r1d,A20_G0-A0_G0,libero_spatial:task4,-20.0
r1d,A20_G0-A0_G0,libero_spatial:task5,0.0
r1d,A20_G0-A0_G0,libero_spatial:task6,-40.0
r1d,A20_G0-A0_G0,libero_spatial:task7,0.0
r1d,A20_G0-A0_G0,libero_spatial:task8,-10.0
r1d,A20_G0-A0_G0,libero_spatial:task9,0.0
r1d,A0_G20-A0_G0,libero_spatial:task0,-10.0
r1d,A0_G20-A0_G0,libero_spatial:task1,0.0
r1d,A0_G20-A0_G0,libero_spatial:task2,0.0
r1d,A0_G20-A0_G0,libero_spatial:task3,10.0
r1d,A0_G20-A0_G0,libero_spatial:task4,-10.0
r1d,A0_G20-A0_G0,libero_spatial:task5,0.0
r1d,A0_G20-A0_G0,libero_spatial:task6,-10.0
r1d,A0_G20-A0_G0,libero_spatial:task7,0.0
r1d,A0_G20-A0_G0,libero_spatial:task8,20.0
r1d,A0_G20-A0_G0,libero_spatial:task9,0.0
r1d,A20_G20-A0_G0,libero_spatial:task0,-10.0
r1d,A20_G20-A0_G0,libero_spatial:task1,-10.0
r1d,A20_G20-A0_G0,libero_spatial:task2,-40.0
r1d,A20_G20-A0_G0,libero_spatial:task3,0.0
r1d,A20_G20-A0_G0,libero_spatial:task4,-20.0
r1d,A20_G20-A0_G0,libero_spatial:task5,10.0
r1d,A20_G20-A0_G0,libero_spatial:task6,-20.0
r1d,A20_G20-A0_G0,libero_spatial:task7,0.0
r1d,A20_G20-A0_G0,libero_spatial:task8,-10.0
r1d,A20_G20-A0_G0,libero_spatial:task9,0.0
