condition,model,offset,sample_count,positive_count,negative_count,positive_rate,auroc,auprc,brier,ece,undefined_discrimination,undefined_reason,empirical_brier,brier_skill_score_vs_empirical
A_chunk_only,monotone_conditional_survival_shared_mlp,1,674,651,23,0.9658753709198813,0.9431643625192012,0.9978943435868237,0.0305123653453866,0.026431583273974813,False,,0.03179571857208507,0.040362453950802735
A_chunk_only,monotone_conditional_survival_shared_mlp,2,670,631,39,0.9417910447761194,0.9426632532813198,0.9963831634286746,0.04265723370418302,0.01611673494108095,False,,0.05143357304355249,0.17063444789141746
A_chunk_only,monotone_conditional_survival_shared_mlp,3,664,611,53,0.9201807228915663,0.9457740172312633,0.9951905469988847,0.04956830689185618,0.024978527688696586,False,,0.06756963163777621,0.2664114678384012
A_chunk_only,monotone_conditional_survival_shared_mlp,4,660,601,59,0.9106060606060606,0.9520009024507178,0.9951757181584934,0.04875236533591773,0.03145090554482314,False,,0.07396341138387637,0.34085834571787355
A_chunk_only,monotone_conditional_survival_shared_mlp,5,660,593,67,0.8984848484848484,0.9572374216606679,0.9950945091956581,0.0487150112277554,0.021197253419239413,False,,0.08221218546861095,0.4074478016843981
A_chunk_only,monotone_conditional_survival_shared_mlp,6,658,581,77,0.8829787234042553,0.9524107561973311,0.9933940579428391,0.05277647449864349,0.023745687516578726,False,,0.09249116610700348,0.42938902470333074
A_chunk_only,monotone_conditional_survival_shared_mlp,7,656,574,82,0.875,0.9441233959377922,0.9895381532736716,0.05288594497497537,0.029384319031488085,False,,0.09771934490594321,0.4587975899154959
A_chunk_only,monotone_conditional_survival_shared_mlp,8,650,564,86,0.8676923076923077,0.9319231403595579,0.9842189440603032,0.060560795913443995,0.04480360665778742,False,,0.1034447791798012,0.41455918419835347
A_chunk_only,monotone_conditional_survival_shared_mlp,9,650,550,100,0.8461538461538461,0.9188727272727273,0.9785963153087917,0.06717621923944928,0.03463287550734056,False,,0.11888577654447553,0.4349515880537783
A_chunk_only,monotone_conditional_survival_shared_mlp,10,648,535,113,0.8256172839506173,0.9086758746174841,0.9719018153037349,0.07797746064391363,0.033119020337021056,False,,0.13272718288788818,0.41249818652612
A_chunk_only,monotone_conditional_survival_shared_mlp,11,644,524,120,0.8136645962732919,0.9020515267175573,0.9667966717733049,0.08269654859538575,0.034249423620175044,False,,0.14156975501489297,0.41586005720864483
A_chunk_only,monotone_conditional_survival_shared_mlp,12,642,516,126,0.8037383177570093,0.9024701611910915,0.9637539371595626,0.08650644986639995,0.020698719696984585,False,,0.148819001092084,0.41871367747675736
A_chunk_only,monotone_conditional_survival_shared_mlp,13,636,490,146,0.7704402515723271,0.8857422421023203,0.9505505371575418,0.10071962630756282,0.029803100671067877,False,,0.16762267561403082,0.3991288712066585
A_chunk_only,monotone_conditional_survival_shared_mlp,14,630,476,154,0.7555555555555555,0.8789152024446142,0.9446510869406552,0.10947063226599968,0.042088986122134846,False,,0.17516838708306176,0.3750548595615564
A_chunk_only,monotone_conditional_survival_shared_mlp,15,628,459,169,0.7308917197452229,0.887818901393562,0.9405664460929956,0.10717545298105773,0.02924246800728136,False,,0.18418948609162755,0.4181239371733637
A_chunk_only,monotone_conditional_survival_shared_mlp,16,624,446,178,0.7147435897435898,0.8902478964075176,0.9371597801002894,0.11001736969134186,0.03060470730274578,False,,0.18916174852867754,0.41839525936363997
A_chunk_only,monotone_conditional_survival_shared_mlp,17,622,435,187,0.6993569131832797,0.8861024033437827,0.9258525130433287,0.11190669462796744,0.038414002886749794,False,,0.19316626380514185,0.42067164098150034
A_chunk_only,monotone_conditional_survival_shared_mlp,18,618,417,201,0.6747572815533981,0.8919550926423041,0.9242574351191367,0.11162444485482385,0.039936776086591755,False,,0.19511600265432533,0.4279072790734555
A_chunk_only,monotone_conditional_survival_shared_mlp,19,618,408,210,0.6601941747572816,0.8965686274509804,0.9238116811806778,0.10741818262447062,0.04487835354853081,False,,0.1973615027386028,0.45572879647789477
A_chunk_only,monotone_conditional_survival_shared_mlp,20,612,396,216,0.6470588235294118,0.8969439768050879,0.9209911723000267,0.1093522302169811,0.041652532447450936,False,,0.19973326552219994,0.4525086748515268
A_chunk_only,monotone_conditional_survival_shared_mlp,21,612,392,220,0.6405228758169934,0.8955936920222635,0.9175441747501851,0.1116818942921772,0.03939685096510219,False,,0.20285209695560347,0.4494417559971289
A_chunk_only,monotone_conditional_survival_shared_mlp,22,612,383,229,0.6258169934640523,0.8820960698689956,0.9019680673847953,0.12168283564380264,0.040688331009854806,False,,0.20385935715860218,0.4031039961087799
A_chunk_only,monotone_conditional_survival_shared_mlp,23,610,364,246,0.5967213114754099,0.8853077816492451,0.8964835500414742,0.12463667453639767,0.037478707703975336,False,,0.20740007699302235,0.3990519369932979
A_chunk_only,monotone_conditional_survival_shared_mlp,24,606,350,256,0.5775577557755776,0.8866741071428571,0.8913849828597715,0.12762777291625058,0.04454533198453035,False,,0.2078626614666031,0.3859995248027924
A_chunk_only,monotone_conditional_survival_shared_mlp,25,600,341,259,0.5683333333333334,0.8837283030831418,0.8832270539961945,0.13032049279237723,0.05383178719805905,False,,0.21052205428393125,0.3809651286386656
A_chunk_only,monotone_conditional_survival_shared_mlp,26,592,326,266,0.5506756756756757,0.8874025554684256,0.8798206508627201,0.128577289423598,0.04867629162678373,False,,0.21242368502578124,0.3947130264311489
A_chunk_only,monotone_conditional_survival_shared_mlp,27,588,318,270,0.5408163265306123,0.8814931283484743,0.8694598340467831,0.13405838198513473,0.05175537039913306,False,,0.21420481301986444,0.3741579374656594
A_chunk_only,monotone_conditional_survival_shared_mlp,28,582,305,277,0.5240549828178694,0.8743682310469314,0.8544345282737009,0.14044156513327882,0.040988322067817995,False,,0.21390880519031513,0.3434512197460612
A_chunk_only,monotone_conditional_survival_shared_mlp,29,578,298,280,0.5155709342560554,0.8746284755512943,0.8519169921142451,0.1425716270313549,0.05262799642276143,False,,0.21149132516581798,0.3258748229055124
A_chunk_only,monotone_conditional_survival_shared_mlp,30,578,288,290,0.4982698961937716,0.8690134099616859,0.8430838315204086,0.14704196343837833,0.05752078512394683,False,,0.21350275626001258,0.3112877509679337
A_chunk_only,monotone_conditional_survival_shared_mlp,31,576,277,299,0.4809027777777778,0.8654600775147,0.8141190888708746,0.14924852090045915,0.058995415718570934,False,,0.2107840532885545,0.29193637482554624
A_chunk_only,monotone_conditional_survival_shared_mlp,32,574,275,299,0.47909407665505227,0.8638856795378534,0.8128848883352259,0.15020907970737768,0.05963397296500506,False,,0.21165164669065356,0.29030044388494314
A_chunk_only,monotone_conditional_survival_shared_mlp,33,568,261,307,0.4595070422535211,0.8552173424688307,0.7853737623457463,0.1540752309075804,0.06128809767814175,False,,0.21013112819491803,0.26676627003753606
A_chunk_only,monotone_conditional_survival_shared_mlp,34,568,252,316,0.44366197183098594,0.8570047217199116,0.7868706138051688,0.1551930303463952,0.06977977711212983,False,,0.20995071780074956,0.26081209927713267
A_chunk_only,monotone_conditional_survival_shared_mlp,35,566,246,320,0.43462897526501765,0.8548907520325203,0.7760267789107962,0.15447448598730598,0.05703393441862505,False,,0.2085135699921319,0.2591633916529511
A_chunk_only,monotone_conditional_survival_shared_mlp,36,562,238,324,0.4234875444839858,0.8603848946986202,0.7750689675938319,0.15197937001565962,0.06040303224365187,False,,0.2066415258907867,0.2645264819812494
A_chunk_only,monotone_conditional_survival_shared_mlp,37,560,228,332,0.40714285714285714,0.8680511519763263,0.7759308021178078,0.14887889719414815,0.06594254440418956,False,,0.19907123041794256,0.25213253124732027
A_chunk_only,monotone_conditional_survival_shared_mlp,38,554,221,333,0.3989169675090253,0.8641854524207465,0.7677122427416595,0.15127303189047625,0.06642185459995971,False,,0.20080703722303886,0.24667464854602972
A_chunk_only,monotone_conditional_survival_shared_mlp,39,548,214,334,0.3905109489051095,0.8647238233812748,0.7648055386212868,0.15044383976652556,0.06527773014529956,False,,0.19750337217816685,0.23827204514355893
A_chunk_only,monotone_conditional_survival_shared_mlp,40,540,210,330,0.3888888888888889,0.8670418470418471,0.7670798235491932,0.14900290072386585,0.06337749891847343,False,,0.19689672427839014,0.24324337405841112
A_chunk_only,monotone_conditional_survival_shared_mlp,41,534,205,329,0.3838951310861423,0.8769515901845949,0.7753790288980166,0.1393791870912163,0.04672211141620569,False,,0.19369202978174915,0.28040824783411167
A_chunk_only,monotone_conditional_survival_shared_mlp,42,528,199,329,0.3768939393939394,0.8786943837729682,0.7742283350855711,0.13802648759333802,0.04672616985780268,False,,0.19240607768065612,0.2826292742039783
A_chunk_only,monotone_conditional_survival_shared_mlp,43,518,196,322,0.3783783783783784,0.8779629864368107,0.7737751859295683,0.13752537066251738,0.04105215421077822,False,,0.1910213820470231,0.28005247795420507
A_chunk_only,monotone_conditional_survival_shared_mlp,44,512,184,328,0.359375,0.8686373276776246,0.7450268760518263,0.14182570973320968,0.05262104667800157,False,,0.18685116353407522,0.24096961961199903
A_chunk_only,monotone_conditional_survival_shared_mlp,45,504,181,323,0.35912698412698413,0.8713374270906385,0.7489274602578713,0.13985276085105733,0.04426268867914773,False,,0.1875446028978989,0.25429599844472983
A_chunk_only,monotone_conditional_survival_shared_mlp,46,496,175,321,0.3528225806451613,0.867716955941255,0.7401677476652053,0.14210688924439885,0.05128848225514915,False,,0.1890783761663725,0.24842336746452076
A_chunk_only,monotone_conditional_survival_shared_mlp,47,490,166,324,0.33877551020408164,0.868399524022014,0.729603461027411,0.14220491412134162,0.05020668085050952,False,,0.18653009993253505,0.23763020460089357
A_chunk_only,monotone_conditional_survival_shared_mlp,48,488,160,328,0.32786885245901637,0.8678925304878049,0.7238325866487216,0.1422514006083129,0.04948981538350708,False,,0.1842327877771015,0.22787142112608538
A_chunk_only,monotone_conditional_survival_shared_mlp,49,484,153,331,0.31611570247933884,0.8647591967300515,0.7111609414122253,0.14255313162387062,0.05577210588166725,False,,0.18205797605029028,0.21699046250798237
A_chunk_only,monotone_conditional_survival_shared_mlp,50,476,145,331,0.30462184873949577,0.864944265027607,0.7014373896819668,0.14138239371457517,0.052391681548464665,False,,0.18311680557092885,0.22791142367426342
A_chunk_only,monotone_conditional_survival_shared_mlp,51,464,139,325,0.2995689655172414,0.8672274488101827,0.7000929265467295,0.1389443767053067,0.05576783280224101,False,,0.18401921835254353,0.2449463814202415
A_chunk_only,monotone_conditional_survival_shared_mlp,52,458,136,322,0.29694323144104806,0.8638792473511143,0.6907199253556336,0.13990607812145553,0.0526347980439668,False,,0.18239227106605155,0.23293855982093703
A_chunk_only,monotone_conditional_survival_shared_mlp,53,448,134,314,0.29910714285714285,0.8623918623443293,0.6883589636901877,0.14053235139034323,0.04955434851849711,False,,0.18294377872033654,0.23182765561449914
A_chunk_only,monotone_conditional_survival_shared_mlp,54,438,129,309,0.2945205479452055,0.8593863676275055,0.6767155545542745,0.1410851781049308,0.05835109993592181,False,,0.18204292713340556,0.22498951029533776
A_chunk_only,monotone_conditional_survival_shared_mlp,55,438,128,310,0.2922374429223744,0.8612903225806452,0.6795637188996848,0.13973896540393757,0.05658562447992483,False,,0.18170408741118432,0.23095309855238677
A_chunk_only,monotone_conditional_survival_shared_mlp,56,434,124,310,0.2857142857142857,0.8597814776274714,0.676904112739363,0.1400729184702545,0.0678710365307982,False,,0.18129512076854765,0.2273762367323714
A_chunk_only,monotone_conditional_survival_shared_mlp,57,432,122,310,0.2824074074074074,0.856795346377578,0.662708388819678,0.14101735328174644,0.07085923436783277,False,,0.18096936990339085,0.22076673330394248
A_chunk_only,monotone_conditional_survival_shared_mlp,58,422,120,302,0.2843601895734597,0.8561810154525387,0.663183435884039,0.14113205040860277,0.07118355322375791,False,,0.18197087121015995,0.22442504412913444
A_chunk_only,monotone_conditional_survival_shared_mlp,59,418,116,302,0.27751196172248804,0.8579298926695592,0.6599816563377761,0.13844736253994572,0.05594978238440337,False,,0.17998996456881292,0.2308051014310013
A_chunk_only,monotone_conditional_survival_shared_mlp,60,416,114,302,0.27403846153846156,0.8588358313001045,0.6595485225985166,0.13778166919879767,0.05448605959588036,False,,0.17966380887447,0.2331139473110866
A_chunk_only,monotone_conditional_survival_shared_mlp,61,412,112,300,0.27184466019417475,0.860625,0.6602612660949464,0.13605249951205198,0.0630238511963477,False,,0.17966152881860323,0.24272881118907474
A_chunk_only,monotone_conditional_survival_shared_mlp,62,410,111,299,0.2707317073170732,0.8609177739612522,0.659842434920185,0.13496233369045482,0.05604154165892714,False,,0.17966355432289627,0.2488051669739495
A_chunk_only,monotone_conditional_survival_shared_mlp,63,402,105,297,0.26119402985074625,0.8592592592592593,0.6482304062170468,0.13417833506429766,0.049424981583351034,False,,0.17725115273902337,0.24300444318206604
A_chunk_only,monotone_conditional_survival_shared_mlp,64,396,103,293,0.2601010101010101,0.8628516518108619,0.6535675491363362,0.13126243543993035,0.0444569999452817,False,,0.17617840018535197,0.25494592241822434
A_chunk_only,monotone_conditional_survival_shared_mlp,65,394,100,294,0.25380710659898476,0.8658163265306122,0.6525206011443316,0.12886840758046167,0.04963078240491275,False,,0.17076887607736727,0.2453636134369268
A_chunk_only,monotone_conditional_survival_shared_mlp,66,390,97,293,0.24871794871794872,0.864079377924774,0.6477470985585853,0.12862477170198797,0.044709403760693114,False,,0.16997613984005217,0.24327748692831774
A_chunk_only,monotone_conditional_survival_shared_mlp,67,386,93,293,0.24093264248704663,0.8620499834856326,0.6256110237494603,0.12798079007754126,0.049741060015131455,False,,0.16559532654077044,0.22714733108103924
A_chunk_only,monotone_conditional_survival_shared_mlp,68,382,91,291,0.23821989528795812,0.8650353083342774,0.6321076564986032,0.12556047888891908,0.042435479673499525,False,,0.16386077193427417,0.23373680346579617
A_chunk_only,monotone_conditional_survival_shared_mlp,69,382,89,293,0.23298429319371727,0.8652452352647927,0.625140393325843,0.12444678253911734,0.039513140193732796,False,,0.16105299638841253,0.2272929698309477
A_chunk_only,monotone_conditional_survival_shared_mlp,70,376,87,289,0.23138297872340424,0.8658871256413316,0.6249947781448565,0.12349434625339681,0.04462609939446782,False,,0.16114990400984466,0.23366788821759066
A_chunk_only,monotone_conditional_survival_shared_mlp,71,376,84,292,0.22340425531914893,0.8669683626875407,0.6202110665615945,0.12059292744297596,0.03356647768556298,False,,0.15451909842178335,0.21955972643718613
A_chunk_only,monotone_conditional_survival_shared_mlp,72,374,82,292,0.2192513368983957,0.8664801202806549,0.6172087832468034,0.11928446796310735,0.0356041325216453,False,,0.15050962393162967,0.20746285289176347
A_chunk_only,monotone_conditional_survival_shared_mlp,73,372,80,292,0.21505376344086022,0.8653253424657534,0.6107817395151323,0.11929673816885844,0.040236425166300084,False,,0.14791043755591995,0.19345287499567865
A_chunk_only,monotone_conditional_survival_shared_mlp,74,368,77,291,0.20923913043478262,0.8595974472263133,0.5881448522664608,0.12065436415188652,0.04577045321216537,False,,0.1433226390279652,0.15816255568428117
A_chunk_only,monotone_conditional_survival_shared_mlp,75,362,76,286,0.20994475138121546,0.8654766286345233,0.6066897432783523,0.1176329141915088,0.04253447156370313,False,,0.14232455441956876,0.1734882665100057
A_chunk_only,monotone_conditional_survival_shared_mlp,76,354,75,279,0.211864406779661,0.8687216248506571,0.6167198321810793,0.11736486834820703,0.05602229779453402,False,,0.14336973022134722,0.18138320992158885
A_chunk_only,monotone_conditional_survival_shared_mlp,77,350,73,277,0.20857142857142857,0.8732505810790762,0.6266850436227788,0.11478331584646893,0.046524789589241715,False,,0.14102355932010385,0.18606992760743768
A_chunk_only,monotone_conditional_survival_shared_mlp,78,344,70,274,0.20348837209302326,0.8754953076120959,0.6307239018174451,0.11222932142537927,0.05050717855773333,False,,0.13642089043079694,0.17733038487745012
A_chunk_only,monotone_conditional_survival_shared_mlp,79,340,68,272,0.2,0.8814878892733564,0.6405898833091952,0.1080900891099136,0.045121831953334426,False,,0.13190260481912222,0.18053104972310952
A_chunk_only,monotone_conditional_survival_shared_mlp,80,334,66,268,0.19760479041916168,0.8758480325644504,0.6124266838144475,0.11005600129317253,0.050794821468934784,False,,0.12950104609334906,0.1501535731700564
A_chunk_only,monotone_conditional_survival_shared_mlp,81,332,62,270,0.18674698795180722,0.8780167264038232,0.6185741749427225,0.10513588580262562,0.04975426229315758,False,,0.12031205049562146,0.1261400219718486
A_chunk_only,monotone_conditional_survival_shared_mlp,82,328,61,267,0.18597560975609756,0.8784306502118254,0.6218523031813067,0.10474450906153142,0.046989463669041,False,,0.12019244893463557,0.12852670870784255
A_chunk_only,monotone_conditional_survival_shared_mlp,83,322,60,262,0.18633540372670807,0.8810432569974554,0.6274425621659289,0.10393971501132238,0.042158715407429714,False,,0.12045492939399241,0.13710700314016133
A_chunk_only,monotone_conditional_survival_shared_mlp,84,320,60,260,0.1875,0.8826282051282052,0.6325302138926112,0.10403297189342182,0.04438116758837408,False,,0.12099113154837879,0.14016035256415615
A_chunk_only,monotone_conditional_survival_shared_mlp,85,316,60,256,0.189873417721519,0.8828776041666667,0.6272243801111259,0.1049810108467943,0.037234248870742406,False,,0.12199133629793045,0.13943879924057134
A_chunk_only,monotone_conditional_survival_shared_mlp,86,308,59,249,0.19155844155844157,0.883193792117623,0.6307713198974435,0.10545852283419567,0.03797363000167994,False,,0.12273417175823167,0.14075663424907048
A_chunk_only,monotone_conditional_survival_shared_mlp,87,304,58,246,0.19078947368421054,0.8864592094196804,0.6334405891557403,0.10483624751547346,0.044331790948941026,False,,0.1225610730062125,0.14462035176405952
A_chunk_only,monotone_conditional_survival_shared_mlp,88,292,54,238,0.18493150684931506,0.8786181139122315,0.6026036399322605,0.10771301478389776,0.054491558028062576,False,,0.1205434448291377,0.10643822286169291
A_chunk_only,monotone_conditional_survival_shared_mlp,89,286,54,232,0.1888111888111888,0.8815453384418902,0.6095177267226949,0.10873306515305303,0.056528126375437804,False,,0.12220719411307646,0.11025643013746
A_chunk_only,monotone_conditional_survival_shared_mlp,90,282,52,230,0.18439716312056736,0.8816053511705686,0.6043473400337291,0.10710018738266565,0.05936389729683045,False,,0.12037122186002354,0.11025089113733866
A_chunk_only,monotone_conditional_survival_shared_mlp,91,278,49,229,0.17625899280575538,0.8930576597451207,0.6145496262466353,0.09927006284252402,0.05031411117163697,False,,0.11742630773557632,0.15461820475473875
A_chunk_only,monotone_conditional_survival_shared_mlp,92,270,46,224,0.17037037037037037,0.8924689440993789,0.5962442979219359,0.09719950430278546,0.04757788598436498,False,,0.11295729166666665,0.1395021705228373
A_chunk_only,monotone_conditional_survival_shared_mlp,93,264,43,221,0.16287878787878787,0.8948753025360412,0.6027503946479256,0.09252550461932937,0.04170249767207,False,,0.11014321368234119,0.15995274219819122
A_chunk_only,monotone_conditional_survival_shared_mlp,94,260,42,218,0.16153846153846155,0.8918741808650066,0.5928395617830569,0.09324804528459066,0.04090422958104906,False,,0.10962181083452127,0.14936594666044611
A_chunk_only,monotone_conditional_survival_shared_mlp,95,252,41,211,0.1626984126984127,0.8881054213385736,0.5884512159543736,0.0951680389954359,0.04132213830329954,False,,0.11019894276177536,0.13639789447737993
A_chunk_only,monotone_conditional_survival_shared_mlp,96,252,41,211,0.1626984126984127,0.8871806727545949,0.5878624387806698,0.09581507988307716,0.05378513069969473,False,,0.11022993105465785,0.13077075376589897
A_chunk_only,monotone_conditional_survival_shared_mlp,97,252,41,211,0.1626984126984127,0.8857935498786268,0.5859315978446237,0.09663080263616694,0.05009978824763013,False,,0.11027565323004204,0.12373402645288412
A_chunk_only,monotone_conditional_survival_shared_mlp,98,250,40,210,0.16,0.8842857142857142,0.5820207960691711,0.09647936210819644,0.05296525732205425,False,,0.10927045196313599,0.11705900017009918
A_chunk_only,monotone_conditional_survival_shared_mlp,99,246,40,206,0.16260162601626016,0.8885922330097087,0.5974736762889459,0.09635789344549438,0.04994020021461265,False,,0.11047613094270885,0.1277944600045413
B_chunk_plus_state,monotone_conditional_survival_shared_mlp,1,674,651,23,0.9658753709198813,0.9206571829292727,0.9969703186733206,0.02794071715441972,0.016837276608145657,False,,0.03179571857208507,0.12124278333026361
B_chunk_plus_state,monotone_conditional_survival_shared_mlp,2,670,631,39,0.9417910447761194,0.9323011906213174,0.9956459488827941,0.04701648353935021,0.0308365996786102,False,,0.05143357304355249,0.08587949937800388
B_chunk_plus_state,monotone_conditional_survival_shared_mlp,3,664,611,53,0.9201807228915663,0.9311058271315196,0.9936891620475258,0.05299025460339815,0.021345029825223606,False,,0.06756963163777621,0.21576818877057713
B_chunk_plus_state,monotone_conditional_survival_shared_mlp,4,660,601,59,0.9106060606060606,0.9392255844778477,0.9937380538945734,0.052889400883170276,0.03426563053775265,False,,0.07396341138387637,0.28492480412146204
B_chunk_plus_state,monotone_conditional_survival_shared_mlp,5,660,593,67,0.8984848484848484,0.9450303289622712,0.9935962843400675,0.05406108662433221,0.02494320569627949,False,,0.08221218546861095,0.34242002792915627
B_chunk_plus_state,monotone_conditional_survival_shared_mlp,6,658,581,77,0.8829787234042553,0.9346625835438228,0.9895588778456793,0.056461003923496164,0.02058399496658463,False,,0.09249116610700348,0.3895524697117976
B_chunk_plus_state,monotone_conditional_survival_shared_mlp,7,656,574,82,0.875,0.9301436219937113,0.9842952051423377,0.056714134971415156,0.020166876173655035,False,,0.09771934490594321,0.4196222352288216
B_chunk_plus_state,monotone_conditional_survival_shared_mlp,8,650,564,86,0.8676923076923077,0.9163367969651988,0.9799095045992056,0.060730577505325185,0.031203456578043545,False,,0.1034447791798012,0.41291790666625017
B_chunk_plus_state,monotone_conditional_survival_shared_mlp,9,650,550,100,0.8461538461538461,0.9166363636363636,0.9782212130225906,0.0683785921813792,0.03886527679053914,False,,0.11888577654447553,0.42483790602319393
B_chunk_plus_state,monotone_conditional_survival_shared_mlp,10,648,535,113,0.8256172839506173,0.9100818790836159,0.9738241598449392,0.07738232235440062,0.030851253484145615,False,,0.13272718288788818,0.41698210818077996
B_chunk_plus_state,monotone_conditional_survival_shared_mlp,11,644,524,120,0.8136645962732919,0.9034669211195929,0.9705480638702444,0.0840698222609526,0.02538794349691486,False,,0.14156975501489297,0.40615972492070396
B_chunk_plus_state,monotone_conditional_survival_shared_mlp,12,642,516,126,0.8037383177570093,0.8910883474836964,0.9613121903905909,0.09089983765678591,0.037080534280212435,False,,0.148819001092084,0.3891919916829689
B_chunk_plus_state,monotone_conditional_survival_shared_mlp,13,636,490,146,0.7704402515723271,0.8727844562482527,0.944039809566799,0.1042455660894161,0.028240535367086112,False,,0.16762267561403082,0.3780938902952923
B_chunk_plus_state,monotone_conditional_survival_shared_mlp,14,630,476,154,0.7555555555555555,0.8625723016479319,0.9363731123430715,0.11332436077562248,0.03371622309674529,False,,0.17516838708306176,0.3530547225859534
B_chunk_plus_state,monotone_conditional_survival_shared_mlp,15,628,459,169,0.7308917197452229,0.8766549354784648,0.9355259869061616,0.11095619923335395,0.03677726970073159,False,,0.18418948609162755,0.397597541598236
B_chunk_plus_state,monotone_conditional_survival_shared_mlp,16,624,446,178,0.7147435897435898,0.8794780067516501,0.9322106411387688,0.11341754546846576,0.024652881606212942,False,,0.18916174852867754,0.40042029453290184
B_chunk_plus_state,monotone_conditional_survival_shared_mlp,17,622,435,187,0.6993569131832797,0.8794148380355277,0.9213466962980543,0.11409255871827349,0.033966551353056124,False,,0.19316626380514185,0.4093556686825741
B_chunk_plus_state,monotone_conditional_survival_shared_mlp,18,618,417,201,0.6747572815533981,0.8932316833100684,0.9224528082974105,0.11170280319422782,0.030512477372401797,False,,0.19511600265432533,0.427505680340712
B_chunk_plus_state,monotone_conditional_survival_shared_mlp,19,618,408,210,0.6601941747572816,0.8916433239962652,0.9144640578968799,0.11348717026591885,0.03117286744504718,False,,0.1973615027386028,0.42497818119966413
B_chunk_plus_state,monotone_conditional_survival_shared_mlp,20,612,396,216,0.6470588235294118,0.8884329405162739,0.9052319285811739,0.11580870505069009,0.04549308717575867,False,,0.19973326552219994,0.42018318907514085
B_chunk_plus_state,monotone_conditional_survival_shared_mlp,21,612,392,220,0.6405228758169934,0.8891001855287569,0.9035467529670194,0.1165512720080295,0.05101420409627101,False,,0.20285209695560347,0.4254371842479001
B_chunk_plus_state,monotone_conditional_survival_shared_mlp,22,612,383,229,0.6258169934640523,0.8786413855222502,0.894753337076279,0.12307568991095211,0.035475528330952195,False,,0.20385935715860218,0.3962715686619208
B_chunk_plus_state,monotone_conditional_survival_shared_mlp,23,610,364,246,0.5967213114754099,0.8811980702224604,0.8880911830703758,0.12693285282457809,0.039795869328957845,False,,0.20740007699302235,0.3879806860975826
B_chunk_plus_state,monotone_conditional_survival_shared_mlp,24,606,350,256,0.5775577557755776,0.8830803571428572,0.8813519391122571,0.12938420485569133,0.034993911866458643,False,,0.2078626614666031,0.37754956112462146
B_chunk_plus_state,monotone_conditional_survival_shared_mlp,25,600,341,259,0.5683333333333334,0.8791426533362017,0.875138559914621,0.13356013619756704,0.039771232881069866,False,,0.21052205428393125,0.3655765109652864
B_chunk_plus_state,monotone_conditional_survival_shared_mlp,26,592,326,266,0.5506756756756757,0.8790303980810923,0.8652624125617797,0.13407749154809306,0.03996466453872149,False,,0.21242368502578124,0.3688204235237682
B_chunk_plus_state,monotone_conditional_survival_shared_mlp,27,588,318,270,0.5408163265306123,0.874027486606103,0.8628848207714126,0.1377780046714852,0.030328624621245956,False,,0.21420481301986444,0.3567931423711368
B_chunk_plus_state,monotone_conditional_survival_shared_mlp,28,582,305,277,0.5240549828178694,0.8693140794223827,0.8489083146021639,0.1423306133691341,0.03963312928650789,False,,0.21390880519031513,0.3346201282247253
B_chunk_plus_state,monotone_conditional_survival_shared_mlp,29,578,298,280,0.5155709342560554,0.8722794822627037,0.849245717881194,0.14207246536834808,0.03555238309667258,False,,0.21149132516581798,0.3282350221364523
B_chunk_plus_state,monotone_conditional_survival_shared_mlp,30,578,288,290,0.4982698961937716,0.865529214559387,0.8265099475893993,0.14637172859826514,0.04174191542647,False,,0.21350275626001258,0.31442698369660615
B_chunk_plus_state,monotone_conditional_survival_shared_mlp,31,576,277,299,0.4809027777777778,0.8647597889475146,0.8047696636012929,0.14681901546082254,0.04864479470827068,False,,0.2107840532885545,0.30346241487332304
B_chunk_plus_state,monotone_conditional_survival_shared_mlp,32,574,275,299,0.47909407665505227,0.8638127090301003,0.8047601637837609,0.14760958845626546,0.04950573726736818,False,,0.21165164669065356,0.3025823764460991
B_chunk_plus_state,monotone_conditional_survival_shared_mlp,33,568,261,307,0.4595070422535211,0.8572640932519625,0.7829628963369798,0.1517608302811888,0.05426843359262687,False,,0.21013112819491803,0.2777803479910165
B_chunk_plus_state,monotone_conditional_survival_shared_mlp,34,568,252,316,0.44366197183098594,0.8563768334337954,0.7708138144178002,0.15279428641310805,0.05980860271899862,False,,0.20995071780074956,0.2722373706856527
B_chunk_plus_state,monotone_conditional_survival_shared_mlp,35,566,246,320,0.43462897526501765,0.8567835365853659,0.7655266053078871,0.15191987272148322,0.05403164726957586,False,,0.2085135699921319,0.271414936077226
B_chunk_plus_state,monotone_conditional_survival_shared_mlp,36,562,238,324,0.4234875444839858,0.8613964104160182,0.7625370661901978,0.14993128583700469,0.057435067608942965,False,,0.2066415258907867,0.27443777241440936
B_chunk_plus_state,monotone_conditional_survival_shared_mlp,37,560,228,332,0.40714285714285714,0.870785774677658,0.7640019957464056,0.14614749300102756,0.06791888956514465,False,,0.19907123041794256,0.2658532692333473
B_chunk_plus_state,monotone_conditional_survival_shared_mlp,38,554,221,333,0.3989169675090253,0.8689413395295749,0.7584874043409098,0.14823600215044877,0.07335363183391619,False,,0.20080703722303886,0.261798768606893
B_chunk_plus_state,monotone_conditional_survival_shared_mlp,39,548,214,334,0.3905109489051095,0.8693267670266943,0.7577312539247778,0.1470645871280338,0.06845987967219025,False,,0.19750337217816685,0.25538189294627567
B_chunk_plus_state,monotone_conditional_survival_shared_mlp,40,540,210,330,0.3888888888888889,0.8704040404040404,0.7589792974921092,0.14493942649726865,0.06508585162012953,False,,0.19689672427839014,0.26388096587965393
B_chunk_plus_state,monotone_conditional_survival_shared_mlp,41,534,205,329,0.3838951310861423,0.8792497590629402,0.7697704957134724,0.1366605056781232,0.0662406953514929,False,,0.19369202978174915,0.2944443515197227
B_chunk_plus_state,monotone_conditional_survival_shared_mlp,42,528,199,329,0.3768939393939394,0.87808342624979,0.762779785440929,0.13705415024236484,0.05832441603460915,False,,0.19240607768065612,0.287682843003333
B_chunk_plus_state,monotone_conditional_survival_shared_mlp,43,518,196,322,0.3783783783783784,0.876933071365192,0.7684399617683586,0.13634241485005552,0.04191413767607699,False,,0.1910213820470231,0.2862452706132522
B_chunk_plus_state,monotone_conditional_survival_shared_mlp,44,512,184,328,0.359375,0.8735750265111347,0.746624162774184,0.13802779921686875,0.038566868350229856,False,,0.18685116353407522,0.2612954792133406
B_chunk_plus_state,monotone_conditional_survival_shared_mlp,45,504,181,323,0.35912698412698413,0.8764175632451294,0.7502753620472787,0.13643070773109078,0.032187278439530204,False,,0.1875446028978989,0.2725426078757116
B_chunk_plus_state,monotone_conditional_survival_shared_mlp,46,496,175,321,0.3528225806451613,0.8751223854027592,0.7474725018217709,0.13664635395998556,0.04188019709507989,False,,0.1890783761663725,0.2773031124418549
B_chunk_plus_state,monotone_conditional_survival_shared_mlp,47,490,166,324,0.33877551020408164,0.8763572809757548,0.7395804718396056,0.13545561903058836,0.04846214792406199,False,,0.18653009993253505,0.27381361464138765
B_chunk_plus_state,monotone_conditional_survival_shared_mlp,48,488,160,328,0.32786885245901637,0.8744283536585366,0.7349979887106606,0.13583818888420765,0.042905036258991586,False,,0.1842327877771015,0.26268179229554534
B_chunk_plus_state,monotone_conditional_survival_shared_mlp,49,484,153,331,0.31611570247933884,0.8770215034654345,0.7295636542217169,0.1339082335824905,0.0486604305991518,False,,0.18205797605029028,0.2644747761806343
B_chunk_plus_state,monotone_conditional_survival_shared_mlp,50,476,145,331,0.30462184873949577,0.8769455151578289,0.7222366113274361,0.13273642459127422,0.04421674247031018,False,,0.18311680557092885,0.2751270197324417
B_chunk_plus_state,monotone_conditional_survival_shared_mlp,51,464,139,325,0.2995689655172414,0.8799335915882679,0.7244486048220313,0.12978668319201192,0.04669671422822123,False,,0.18401921835254353,0.2947112570418219
B_chunk_plus_state,monotone_conditional_survival_shared_mlp,52,458,136,322,0.29694323144104806,0.8803891121666058,0.725537829525778,0.12960831912618007,0.04895112164463492,False,,0.18239227106605155,0.2893979642413482
B_chunk_plus_state,monotone_conditional_survival_shared_mlp,53,448,134,314,0.29910714285714285,0.8781490635992014,0.716899215513327,0.13079972178938018,0.050744798547810895,False,,0.18294377872033654,0.2850277680700376
B_chunk_plus_state,monotone_conditional_survival_shared_mlp,54,438,129,309,0.2945205479452055,0.8766212588745892,0.7100278154439745,0.13006906705472868,0.04208480555779957,False,,0.18204292713340556,0.2855033199976462
B_chunk_plus_state,monotone_conditional_survival_shared_mlp,55,438,128,310,0.2922374429223744,0.8782006048387097,0.7118166581378431,0.1290375650870864,0.0444849935147623,False,,0.18170408741118432,0.28984775782680705
B_chunk_plus_state,monotone_conditional_survival_shared_mlp,56,434,124,310,0.2857142857142857,0.8721644120707597,0.6941327458908195,0.13144536902472712,0.048077937986485186,False,,0.18129512076854765,0.27496466276917486
B_chunk_plus_state,monotone_conditional_survival_shared_mlp,57,432,122,310,0.2824074074074074,0.8674246430460074,0.68140182129115,0.13278996559851514,0.05430734347799973,False,,0.18096936990339085,0.26622960742249324
B_chunk_plus_state,monotone_conditional_survival_shared_mlp,58,422,120,302,0.2843601895734597,0.8652041942604857,0.6803795539172239,0.13360796808466882,0.03708175627281542,False,,0.18197087121015995,0.26577277343271244
B_chunk_plus_state,monotone_conditional_survival_shared_mlp,59,418,116,302,0.27751196172248804,0.865151861155515,0.6738282046331936,0.1324890563375865,0.04673190559536051,False,,0.17998996456881292,0.2639086481572481
B_chunk_plus_state,monotone_conditional_survival_shared_mlp,60,416,114,302,0.27403846153846156,0.8653421633554084,0.6721892966748381,0.13154198004467005,0.04473633076125675,False,,0.17966380887447,0.26784375290308127
B_chunk_plus_state,monotone_conditional_survival_shared_mlp,61,412,112,300,0.27184466019417475,0.8667857142857143,0.6742360632189336,0.13053866167486353,0.046856075327058426,False,,0.17966152881860323,0.2734189532214045
B_chunk_plus_state,monotone_conditional_survival_shared_mlp,62,410,111,299,0.2707317073170732,0.8656783874175179,0.6692457690331228,0.1308351430884151,0.0555570680193229,False,,0.17966355432289627,0.2717769411748663
B_chunk_plus_state,monotone_conditional_survival_shared_mlp,63,402,105,297,0.26119402985074625,0.8666987333654,0.6636229327533264,0.12861826459347311,0.054258410665800574,False,,0.17725115273902337,0.2743727608765125
B_chunk_plus_state,monotone_conditional_survival_shared_mlp,64,396,103,293,0.2601010101010101,0.8700752178667285,0.6657806513359125,0.1271353967563002,0.04747786955987729,False,,0.17617840018535197,0.2783712610482052
B_chunk_plus_state,monotone_conditional_survival_shared_mlp,65,394,100,294,0.25380710659898476,0.871360544217687,0.6680469225989811,0.12512619973528408,0.0389159320426235,False,,0.17076887607736727,0.26727748867659384
B_chunk_plus_state,monotone_conditional_survival_shared_mlp,66,390,97,293,0.24871794871794872,0.8680201259631962,0.6606618685614447,0.12534180752359478,0.045687103196802116,False,,0.16997613984005217,0.26259175175091265
B_chunk_plus_state,monotone_conditional_survival_shared_mlp,67,386,93,293,0.24093264248704663,0.8646922822855885,0.630983110481747,0.12569667718154298,0.045740407004505775,False,,0.16559532654077044,0.2409406726185851
B_chunk_plus_state,monotone_conditional_survival_shared_mlp,68,382,91,291,0.23821989528795812,0.8676787130395378,0.6325135555448803,0.12440889283603122,0.027265085622803963,False,,0.16386077193427417,0.2407646359317006
B_chunk_plus_state,monotone_conditional_survival_shared_mlp,69,382,89,293,0.23298429319371727,0.8660888905932431,0.6270350932925011,0.12373486893209726,0.024055731115666265,False,,0.16105299638841253,0.23171333842380004
B_chunk_plus_state,monotone_conditional_survival_shared_mlp,70,376,87,289,0.23138297872340424,0.8663643956568429,0.6251648585897878,0.12322623897636874,0.03288582663566565,False,,0.16114990400984466,0.23533160175608403
B_chunk_plus_state,monotone_conditional_survival_shared_mlp,71,376,84,292,0.22340425531914893,0.8738584474885844,0.629206486610596,0.11780333085658984,0.03220529229594419,False,,0.15451909842178335,0.23761313611196622
B_chunk_plus_state,monotone_conditional_survival_shared_mlp,72,374,82,292,0.2192513368983957,0.8730788506515202,0.6221579263652586,0.11723892462207823,0.03374390644770015,False,,0.15050962393162967,0.22105363391689126
B_chunk_plus_state,monotone_conditional_survival_shared_mlp,73,372,80,292,0.21505376344086022,0.8732020547945205,0.6207641091759889,0.11548299706931925,0.02990600980727715,False,,0.14791043755591995,0.21923699924382267
B_chunk_plus_state,monotone_conditional_survival_shared_mlp,74,368,77,291,0.20923913043478262,0.8703530146829116,0.6119856407926801,0.11513329498480783,0.04565340151752888,False,,0.1433226390279652,0.19668451707519174
B_chunk_plus_state,monotone_conditional_survival_shared_mlp,75,362,76,286,0.20994475138121546,0.8729297018770703,0.6178984937357875,0.11421979892185105,0.04769457854976194,False,,0.14232455441956876,0.1974694782101034
B_chunk_plus_state,monotone_conditional_survival_shared_mlp,76,354,75,279,0.211864406779661,0.8736917562724015,0.6177542211711915,0.1150297055065131,0.05108139304947991,False,,0.14336973022134722,0.19767090773680196
B_chunk_plus_state,monotone_conditional_survival_shared_mlp,77,350,73,277,0.20857142857142857,0.8740912912318877,0.6158251282657791,0.11437470019542909,0.05568231071838279,False,,0.14102355932010385,0.18896742681260492
B_chunk_plus_state,monotone_conditional_survival_shared_mlp,78,344,70,274,0.20348837209302326,0.8789363920750782,0.6260107904043096,0.11057684638920356,0.04591645238777528,False,,0.13642089043079694,0.1894434493132373
B_chunk_plus_state,monotone_conditional_survival_shared_mlp,79,340,68,272,0.2,0.8844615051903114,0.6269569061803026,0.10807144060203612,0.03764519827321497,False,,0.13190260481912222,0.18067243061473826
B_chunk_plus_state,monotone_conditional_survival_shared_mlp,80,334,66,268,0.19760479041916168,0.8783355947535052,0.5983881714076529,0.11030821707546498,0.046152070539900975,False,,0.12950104609334906,0.14820597668415114
B_chunk_plus_state,monotone_conditional_survival_shared_mlp,81,332,62,270,0.18674698795180722,0.8754480286738351,0.5876216161469757,0.1069456174036215,0.040176549936591276,False,,0.12031205049562146,0.1110980407776061
B_chunk_plus_state,monotone_conditional_survival_shared_mlp,82,328,61,267,0.18597560975609756,0.8754221157978757,0.5888873961319878,0.10685755322402263,0.03800763999384189,False,,0.12019244893463557,0.11094620193540505
B_chunk_plus_state,monotone_conditional_survival_shared_mlp,83,322,60,262,0.18633540372670807,0.8780534351145038,0.5931848206361438,0.10634632315449792,0.04223131160030328,False,,0.12045492939399241,0.11712767846425842
B_chunk_plus_state,monotone_conditional_survival_shared_mlp,84,320,60,260,0.1875,0.8783333333333333,0.5943250832665045,0.10680763652867227,0.04165331944567584,False,,0.12099113154837879,0.11722755906316318
B_chunk_plus_state,monotone_conditional_survival_shared_mlp,85,316,60,256,0.189873417721519,0.8774088541666667,0.5951413704063399,0.10810509863049513,0.042908378681366134,False,,0.12199133629793045,0.11382970372192658
B_chunk_plus_state,monotone_conditional_survival_shared_mlp,86,308,59,249,0.19155844155844157,0.8796542100605813,0.5975870423861107,0.1084805613425238,0.05905123688609676,False,,0.12273417175823167,0.11613400091854931
B_chunk_plus_state,monotone_conditional_survival_shared_mlp,87,304,58,246,0.19078947368421054,0.8803616484440706,0.5988448655547874,0.10783394671384108,0.061841276639905685,False,,0.1225610730062125,0.12016153197047241
B_chunk_plus_state,monotone_conditional_survival_shared_mlp,88,292,54,238,0.18493150684931506,0.873249299719888,0.5723166499666691,0.10913296052274345,0.06098491413885358,False,,0.1205434448291377,0.09465868776662101
B_chunk_plus_state,monotone_conditional_survival_shared_mlp,89,286,54,232,0.1888111888111888,0.8746807151979565,0.5742373860821953,0.11111577891146115,0.0670889304710323,False,,0.12220719411307646,0.09075910204887438
B_chunk_plus_state,monotone_conditional_survival_shared_mlp,90,282,52,230,0.18439716312056736,0.875,0.5742180890531389,0.10901839669880642,0.051434341771183695,False,,0.12037122186002354,0.09431511108543045
B_chunk_plus_state,monotone_conditional_survival_shared_mlp,91,278,49,229,0.17625899280575538,0.8819178326352375,0.5777264500543557,0.10289117218151549,0.04710154075532414,False,,0.11742630773557632,0.12378091276438186
B_chunk_plus_state,monotone_conditional_survival_shared_mlp,92,270,46,224,0.17037037037037037,0.8786878881987578,0.5604983216187269,0.10171258153752333,0.0507694455617013,False,,0.11295729166666665,0.09954833338538338
B_chunk_plus_state,monotone_conditional_survival_shared_mlp,93,264,43,221,0.16287878787878787,0.8822477112490792,0.5649068231532466,0.09655907909524061,0.041078203879899265,False,,0.11014321368234119,0.12333156199961559
B_chunk_plus_state,monotone_conditional_survival_shared_mlp,94,260,42,218,0.16153846153846155,0.8801878549584972,0.5616614743031938,0.09654742824505631,0.0353749981366914,False,,0.10962181083452127,0.11926807712747323
B_chunk_plus_state,monotone_conditional_survival_shared_mlp,95,252,41,211,0.1626984126984127,0.8780487804878049,0.5562368109830723,0.09823688140301085,0.03556083251150362,False,,0.11019894276177536,0.10854969257394531
B_chunk_plus_state,monotone_conditional_survival_shared_mlp,96,252,41,211,0.1626984126984127,0.8781643740608022,0.5596104472835378,0.09824173188295164,0.03504670247226773,False,,0.11022993105465785,0.10875629746844184
B_chunk_plus_state,monotone_conditional_survival_shared_mlp,97,252,41,211,0.1626984126984127,0.8779331869148075,0.5568790252324752,0.0982616983335332,0.03991871143117348,False,,0.11027565323004204,0.10894476291559085
B_chunk_plus_state,monotone_conditional_survival_shared_mlp,98,250,40,210,0.16,0.8732142857142857,0.5520034590127695,0.09854648661754985,0.031228749229689955,False,,0.10927045196313599,0.09814149344970247
B_chunk_plus_state,monotone_conditional_survival_shared_mlp,99,246,40,206,0.16260162601626016,0.8783980582524272,0.5556277289935461,0.09877628965353231,0.03594128914294555,False,,0.11047613094270885,0.10590379287670637
C_chunk_plus_frozen_ACT_latent,monotone_conditional_survival_shared_mlp,1,674,651,23,0.9658753709198813,0.9107727242369599,0.9965538746116106,0.030367802340373607,0.01712882651751824,False,,0.03179571857208507,0.04490907253673748
C_chunk_plus_frozen_ACT_latent,monotone_conditional_survival_shared_mlp,2,670,631,39,0.9417910447761194,0.9306757690275915,0.9954690682986103,0.040918900050155506,0.009145201746383514,False,,0.05143357304355249,0.20443209310956212
C_chunk_plus_frozen_ACT_latent,monotone_conditional_survival_shared_mlp,3,664,611,53,0.9201807228915663,0.9253003118920421,0.9927743034613647,0.04988872586528083,0.015051870874479532,False,,0.06756963163777621,0.26166941189317516
C_chunk_plus_frozen_ACT_latent,monotone_conditional_survival_shared_mlp,4,660,601,59,0.9106060606060606,0.9334442595673876,0.9927167546513409,0.05074498151684285,0.01143109502834127,False,,0.07396341138387637,0.31391777951571087
C_chunk_plus_frozen_ACT_latent,monotone_conditional_survival_shared_mlp,5,660,593,67,0.8984848484848484,0.9344088998515013,0.9917144639793205,0.05324759511248909,0.017817977583465254,False,,0.08221218546861095,0.3523150514856547
C_chunk_plus_frozen_ACT_latent,monotone_conditional_survival_shared_mlp,6,658,581,77,0.8829787234042553,0.9386860987549456,0.9913174599024122,0.0570845500074122,0.020143749021895623,False,,0.09249116610700348,0.3828107871256503
C_chunk_plus_frozen_ACT_latent,monotone_conditional_survival_shared_mlp,7,656,574,82,0.875,0.935561315543469,0.9892760592310593,0.05861811712786127,0.03340613619929126,False,,0.09771934490594321,0.4001380465220846
C_chunk_plus_frozen_ACT_latent,monotone_conditional_survival_shared_mlp,8,650,564,86,0.8676923076923077,0.9278203859475507,0.986029382884304,0.06341655123538095,0.045849402148915065,False,,0.1034447791798012,0.38695261628279665
C_chunk_plus_frozen_ACT_latent,monotone_conditional_survival_shared_mlp,9,650,550,100,0.8461538461538461,0.9141636363636364,0.9798065219519615,0.07096289200619274,0.03331509400553536,False,,0.11888577654447553,0.40310023563125486
C_chunk_plus_frozen_ACT_latent,monotone_conditional_survival_shared_mlp,10,648,535,113,0.8256172839506173,0.9114548010917212,0.9768039486425218,0.07872858184944036,0.025923366454809037,False,,0.13272718288788818,0.40683905032520196
C_chunk_plus_frozen_ACT_latent,monotone_conditional_survival_shared_mlp,11,644,524,120,0.8136645962732919,0.9097328244274809,0.97497412098867,0.08334628732810466,0.03406433760813103,False,,0.14156975501489297,0.4112705265377006
C_chunk_plus_frozen_ACT_latent,monotone_conditional_survival_shared_mlp,12,642,516,126,0.8037383177570093,0.8966562077027194,0.9634913807609813,0.08888864662014563,0.034442884306191246,False,,0.148819001092084,0.4027063347566455
C_chunk_plus_frozen_ACT_latent,monotone_conditional_survival_shared_mlp,13,636,490,146,0.7704402515723271,0.8749091417388873,0.9469796906352019,0.10648082423437837,0.03557044058276595,False,,0.16762267561403082,0.36475883203557813
C_chunk_plus_frozen_ACT_latent,monotone_conditional_survival_shared_mlp,14,630,476,154,0.7555555555555555,0.8689021062970643,0.9407147854060522,0.1126793453271576,0.03815476379483316,False,,0.17516838708306176,0.3567369820347376
C_chunk_plus_frozen_ACT_latent,monotone_conditional_survival_shared_mlp,15,628,459,169,0.7308917197452229,0.8774155289992394,0.9397325341748993,0.11439720947404786,0.03463165172122577,False,,0.18418948609162755,0.3789156379037867
C_chunk_plus_frozen_ACT_latent,monotone_conditional_survival_shared_mlp,16,624,446,178,0.7147435897435898,0.8783065450697839,0.9352292829141373,0.1174904591335224,0.032065907583869326,False,,0.18916174852867754,0.37888891360236887
C_chunk_plus_frozen_ACT_latent,monotone_conditional_survival_shared_mlp,17,622,435,187,0.6993569131832797,0.8718790337451595,0.92512631212956,0.1235454265594854,0.06231515585303493,False,,0.19316626380514185,0.36041923612441495
C_chunk_plus_frozen_ACT_latent,monotone_conditional_survival_shared_mlp,18,618,417,201,0.6747572815533981,0.8892348807521148,0.9269846328849004,0.11602524456382021,0.06664126881628868,False,,0.19511600265432533,0.40535249295069464
C_chunk_plus_frozen_ACT_latent,monotone_conditional_survival_shared_mlp,19,618,408,210,0.6601941747572816,0.8949579831932774,0.9260630842310194,0.11470280006994488,0.06107192186725704,False,,0.1973615027386028,0.41881877428819536
C_chunk_plus_frozen_ACT_latent,monotone_conditional_survival_shared_mlp,20,612,396,216,0.6470588235294118,0.8860012158623269,0.910971657950129,0.11696351564823956,0.043270924185297065,False,,0.19973326552219994,0.41440142510843136
C_chunk_plus_frozen_ACT_latent,monotone_conditional_survival_shared_mlp,21,612,392,220,0.6405228758169934,0.8859346011131726,0.9093646426827392,0.1184222858729021,0.04320324971411258,False,,0.20285209695560347,0.4162136470355533
C_chunk_plus_frozen_ACT_latent,monotone_conditional_survival_shared_mlp,22,612,383,229,0.6258169934640523,0.8818566363004093,0.9024194878461432,0.12415896503234705,0.033924181331118415,False,,0.20385935715860218,0.3909577330033881
C_chunk_plus_frozen_ACT_latent,monotone_conditional_survival_shared_mlp,23,610,364,246,0.5967213114754099,0.8839788260519967,0.8955284548580226,0.1278691622521671,0.03261714841790939,False,,0.20740007699302235,0.383466177515117
C_chunk_plus_frozen_ACT_latent,monotone_conditional_survival_shared_mlp,24,606,350,256,0.5775577557755776,0.8872544642857143,0.8897228978009945,0.12636422820317422,0.03183864956030564,False,,0.2078626614666031,0.3920782726845007
C_chunk_plus_frozen_ACT_latent,monotone_conditional_survival_shared_mlp,25,600,341,259,0.5683333333333334,0.8829470442373668,0.8839730520704571,0.13054534446856494,0.03254965454231892,False,,0.21052205428393125,0.3798970615567985
C_chunk_plus_frozen_ACT_latent,monotone_conditional_survival_shared_mlp,26,592,326,266,0.5506756756756757,0.8842543475252549,0.8776224842350616,0.13069726861627176,0.0375594519028162,False,,0.21242368502578124,0.3847330696649509
C_chunk_plus_frozen_ACT_latent,monotone_conditional_survival_shared_mlp,27,588,318,270,0.5408163265306123,0.8788958770090846,0.8684790790419294,0.1368134302087846,0.04689186568398614,False,,0.21420481301986444,0.36129618994089974
C_chunk_plus_frozen_ACT_latent,monotone_conditional_survival_shared_mlp,28,582,305,277,0.5240549828178694,0.8762502219328875,0.8531466255697738,0.13847224372574285,0.048497539745625685,False,,0.21390880519031513,0.35265757946455834
C_chunk_plus_frozen_ACT_latent,monotone_conditional_survival_shared_mlp,29,578,298,280,0.5155709342560554,0.8779002876318313,0.8508049742830373,0.1375464140517698,0.04882899262581454,False,,0.21149132516581798,0.34963566971870974
C_chunk_plus_frozen_ACT_latent,monotone_conditional_survival_shared_mlp,30,578,288,290,0.4982698961937716,0.8676484674329502,0.8274183209801239,0.14506027842233898,0.053777823117552095,False,,0.21350275626001258,0.32056952817190565
C_chunk_plus_frozen_ACT_latent,monotone_conditional_survival_shared_mlp,31,576,277,299,0.4809027777777778,0.8665829540103595,0.815690488087568,0.14640513103001387,0.04555046945620446,False,,0.2107840532885545,0.30542596204091677
C_chunk_plus_frozen_ACT_latent,monotone_conditional_survival_shared_mlp,32,574,275,299,0.47909407665505227,0.8647248403770142,0.8128172946751695,0.14756926058440437,0.05218337954336706,False,,0.21165164669065356,0.30277291534570916
C_chunk_plus_frozen_ACT_latent,monotone_conditional_survival_shared_mlp,33,568,261,307,0.4595070422535211,0.8606337439315087,0.7967040256046624,0.15073123677072303,0.04965679495352337,False,,0.21013112819491803,0.2826801147191079
C_chunk_plus_frozen_ACT_latent,monotone_conditional_survival_shared_mlp,34,568,252,316,0.44366197183098594,0.8584488647779787,0.784576098452258,0.15262834645819467,0.056743830864967086,False,,0.20995071780074956,0.2730277464302636
C_chunk_plus_frozen_ACT_latent,monotone_conditional_survival_shared_mlp,35,566,246,320,0.43462897526501765,0.858739837398374,0.7813981728076851,0.15265328703828254,0.060009646438033436,False,,0.2085135699921319,0.26789759033887905
C_chunk_plus_frozen_ACT_latent,monotone_conditional_survival_shared_mlp,36,562,238,324,0.4234875444839858,0.8607609710550888,0.7733701314305714,0.15072518763828915,0.057706482336813275,False,,0.2066415258907867,0.2705958447192759
C_chunk_plus_frozen_ACT_latent,monotone_conditional_survival_shared_mlp,37,560,228,332,0.40714285714285714,0.869359015007398,0.7749917696544708,0.14438020355434236,0.05850205923927848,False,,0.19907123041794256,0.27473094303369927
C_chunk_plus_frozen_ACT_latent,monotone_conditional_survival_shared_mlp,38,554,221,333,0.3989169675090253,0.8663323957441604,0.7648541639465748,0.1462107769763018,0.06328347505599047,False,,0.20080703722303886,0.2718841978934051
C_chunk_plus_frozen_ACT_latent,monotone_conditional_survival_shared_mlp,39,548,214,334,0.3905109489051095,0.8648357490626224,0.7536634402428896,0.1461613401520305,0.05100449294269542,False,,0.19750337217816685,0.2599552172700168
C_chunk_plus_frozen_ACT_latent,monotone_conditional_survival_shared_mlp,40,540,210,330,0.3888888888888889,0.8649206349206349,0.7540549478669415,0.14619960985085234,0.05273081147306243,False,,0.19689672427839014,0.25748074079616323
C_chunk_plus_frozen_ACT_latent,monotone_conditional_survival_shared_mlp,41,534,205,329,0.3838951310861423,0.8701756987174735,0.7565012626466655,0.1430122552976079,0.054786521313733745,False,,0.19369202978174915,0.261651315964043
C_chunk_plus_frozen_ACT_latent,monotone_conditional_survival_shared_mlp,42,528,199,329,0.3768939393939394,0.8726764521696629,0.756600640680807,0.14125205834809434,0.053489788717586174,False,,0.19240607768065612,0.2658648830078232
C_chunk_plus_frozen_ACT_latent,monotone_conditional_survival_shared_mlp,43,518,196,322,0.3783783783783784,0.870690201546457,0.7566869467079581,0.14243713636340583,0.05235702229303924,False,,0.1910213820470231,0.25433930569959673
C_chunk_plus_frozen_ACT_latent,monotone_conditional_survival_shared_mlp,44,512,184,328,0.359375,0.8641304347826086,0.7275083421450198,0.14541631635522245,0.05115216048504838,False,,0.18685116353407522,0.22175322002368192
C_chunk_plus_frozen_ACT_latent,monotone_conditional_survival_shared_mlp,45,504,181,323,0.35912698412698413,0.8668901698510169,0.7312370499191956,0.14353865769854732,0.0627390080785242,False,,0.1875446028978989,0.2346425571271109
C_chunk_plus_frozen_ACT_latent,monotone_conditional_survival_shared_mlp,46,496,175,321,0.3528225806451613,0.8601335113484646,0.7140470170762451,0.14731435385135366,0.061864566596536295,False,,0.1890783761663725,0.22088206574330915
C_chunk_plus_frozen_ACT_latent,monotone_conditional_survival_shared_mlp,47,490,166,324,0.33877551020408164,0.8593633794437008,0.7045792949713087,0.14696303657026585,0.061096034911061775,False,,0.18653009993253505,0.2121216006241351
C_chunk_plus_frozen_ACT_latent,monotone_conditional_survival_shared_mlp,48,488,160,328,0.32786885245901637,0.8607278963414634,0.7001410488285814,0.14501895790201694,0.04547278732614224,False,,0.1842327877771015,0.21284935406030092
C_chunk_plus_frozen_ACT_latent,monotone_conditional_survival_shared_mlp,49,484,153,331,0.31611570247933884,0.8643840214837194,0.7021292152522209,0.14118719575682265,0.050092104448778235,False,,0.18205797605029028,0.22449321463497873
C_chunk_plus_frozen_ACT_latent,monotone_conditional_survival_shared_mlp,50,476,145,331,0.30462184873949577,0.8643400354203563,0.6913016805208304,0.13985595790491107,0.05474018887594701,False,,0.18311680557092885,0.23624728233510517
C_chunk_plus_frozen_ACT_latent,monotone_conditional_survival_shared_mlp,51,464,139,325,0.2995689655172414,0.8656779192030991,0.6913867837820129,0.1386885542762396,0.05388973750041973,False,,0.18401921835254353,0.2463365755062581
C_chunk_plus_frozen_ACT_latent,monotone_conditional_survival_shared_mlp,52,458,136,322,0.29694323144104806,0.8668249908659116,0.6928214651556003,0.13751380807025596,0.05894137601703771,False,,0.18239227106605155,0.24605463122690818
C_chunk_plus_frozen_ACT_latent,monotone_conditional_survival_shared_mlp,53,448,134,314,0.29910714285714285,0.8642456507272555,0.6870136307145551,0.13914765967250062,0.06102761681948177,False,,0.18294377872033654,0.23939660235610638
C_chunk_plus_frozen_ACT_latent,monotone_conditional_survival_shared_mlp,54,438,129,309,0.2945205479452055,0.8625724392263114,0.6830419169257664,0.13925892940448137,0.06396887908093121,False,,0.18204292713340556,0.23502147764066117
C_chunk_plus_frozen_ACT_latent,monotone_conditional_survival_shared_mlp,55,438,128,310,0.2922374429223744,0.8626764112903226,0.6824203542825906,0.13882898536450733,0.0685694395195977,False,,0.18170408741118432,0.23596113140621588
C_chunk_plus_frozen_ACT_latent,monotone_conditional_survival_shared_mlp,56,434,124,310,0.2857142857142857,0.8569198751300728,0.6669678733335878,0.1413259186041116,0.07343518145647172,False,,0.18129512076854765,0.22046485308042663
C_chunk_plus_frozen_ACT_latent,monotone_conditional_survival_shared_mlp,57,432,122,310,0.2824074074074074,0.854362771020624,0.6591493129051766,0.14166166872073452,0.05932365186468916,False,,0.18096936990339085,0.21720637698877143
C_chunk_plus_frozen_ACT_latent,monotone_conditional_survival_shared_mlp,58,422,120,302,0.2843601895734597,0.8499448123620309,0.6508968326529779,0.14452200412969518,0.06226358798517665,False,,0.18197087121015995,0.20579594322662065
C_chunk_plus_frozen_ACT_latent,monotone_conditional_survival_shared_mlp,59,418,116,302,0.27751196172248804,0.851592829413108,0.6493407144531813,0.14273522900996896,0.05842298621911623,False,,0.17998996456881292,0.20698229286333847
C_chunk_plus_frozen_ACT_latent,monotone_conditional_survival_shared_mlp,60,416,114,302,0.27403846153846156,0.851719530614616,0.6490300445420303,0.1413564011458626,0.07486534739341795,False,,0.17966380887447,0.21321716359343446
C_chunk_plus_frozen_ACT_latent,monotone_conditional_survival_shared_mlp,61,412,112,300,0.27184466019417475,0.8513690476190476,0.6483835041218872,0.14109626933504554,0.07477035416677554,False,,0.17966152881860323,0.21465507800779893
C_chunk_plus_frozen_ACT_latent,monotone_conditional_survival_shared_mlp,62,410,111,299,0.2707317073170732,0.8502515893820242,0.6476942646267357,0.1414803741556938,0.07328904287790411,False,,0.17966355432289627,0.21252602015530986
C_chunk_plus_frozen_ACT_latent,monotone_conditional_survival_shared_mlp,63,402,105,297,0.26119402985074625,0.8503447170113837,0.6365781593751397,0.14002415507347835,0.08027895324403414,False,,0.17725115273902337,0.21002400881621563
C_chunk_plus_frozen_ACT_latent,monotone_conditional_survival_shared_mlp,64,396,103,293,0.2601010101010101,0.8521157095993903,0.6372197343509028,0.1386350804599758,0.06353013270033735,False,,0.17617840018535197,0.21309831219875974
C_chunk_plus_frozen_ACT_latent,monotone_conditional_survival_shared_mlp,65,394,100,294,0.25380710659898476,0.8607142857142858,0.6529689359603078,0.13160139275157873,0.06041261014639561,False,,0.17076887607736727,0.22935961297797391
C_chunk_plus_frozen_ACT_latent,monotone_conditional_survival_shared_mlp,66,390,97,293,0.24871794871794872,0.8610886316456141,0.6494085080472395,0.12981621856546888,0.05539814832867937,False,,0.16997613984005217,0.236267992156863
C_chunk_plus_frozen_ACT_latent,monotone_conditional_survival_shared_mlp,67,386,93,293,0.24093264248704663,0.860178355168997,0.6305544522367809,0.12843782458368083,0.06205513786427705,False,,0.16559532654077044,0.22438738298535998
C_chunk_plus_frozen_ACT_latent,monotone_conditional_survival_shared_mlp,68,382,91,291,0.23821989528795812,0.8598995506212002,0.626597368418415,0.12791523996306584,0.06440496817503667,False,,0.16386077193427417,0.2193663043747064
C_chunk_plus_frozen_ACT_latent,monotone_conditional_survival_shared_mlp,69,382,89,293,0.23298429319371727,0.8584959926371899,0.6260080587931985,0.12661768676924048,0.07393674669820068,False,,0.16105299638841253,0.21381352965407852
C_chunk_plus_frozen_ACT_latent,monotone_conditional_survival_shared_mlp,70,376,87,289,0.23138297872340424,0.8622678280237044,0.6208307301736967,0.12613576419200878,0.06409798704543153,False,,0.16114990400984466,0.2172768270199954
C_chunk_plus_frozen_ACT_latent,monotone_conditional_survival_shared_mlp,71,376,84,292,0.22340425531914893,0.8722684279191129,0.6259041330272189,0.11921778875663032,0.05712235342881556,False,,0.15451909842178335,0.22845920035588574
C_chunk_plus_frozen_ACT_latent,monotone_conditional_survival_shared_mlp,72,374,82,292,0.2192513368983957,0.8734964918142332,0.6104285279550642,0.1187331324637196,0.05636722997617614,False,,0.15050962393162967,0.21112597744809214
C_chunk_plus_frozen_ACT_latent,monotone_conditional_survival_shared_mlp,73,372,80,292,0.21505376344086022,0.8742294520547945,0.6091883464893686,0.11686596354976991,0.05776549544916804,False,,0.14791043755591995,0.20988697294883718
C_chunk_plus_frozen_ACT_latent,monotone_conditional_survival_shared_mlp,74,368,77,291,0.20923913043478262,0.8717811398223769,0.6018406404522951,0.11635574660308572,0.044974533590261545,False,,0.1433226390279652,0.1881551484662355
C_chunk_plus_frozen_ACT_latent,monotone_conditional_survival_shared_mlp,75,362,76,286,0.20994475138121546,0.8712274567537726,0.6005657107822346,0.11740297544151769,0.04781344888897433,False,,0.14232455441956876,0.17510386088814278
C_chunk_plus_frozen_ACT_latent,monotone_conditional_survival_shared_mlp,76,354,75,279,0.211864406779661,0.8705376344086021,0.602921462122057,0.11876089237010028,0.05312058020910034,False,,0.14336973022134722,0.17164598003535048
C_chunk_plus_frozen_ACT_latent,monotone_conditional_survival_shared_mlp,77,350,73,277,0.20857142857142857,0.8662776321645814,0.59279183702552,0.12040855674532275,0.05521936409758713,False,,0.14102355932010385,0.14618126697531386
C_chunk_plus_frozen_ACT_latent,monotone_conditional_survival_shared_mlp,78,344,70,274,0.20348837209302326,0.8697080291970803,0.5954454728700295,0.1161197121054169,0.052277206524817446,False,,0.13642089043079694,0.148812826695911
C_chunk_plus_frozen_ACT_latent,monotone_conditional_survival_shared_mlp,79,340,68,272,0.2,0.8744593425605537,0.5992608262429328,0.1127255579175327,0.0545240713871945,False,,0.13190260481912222,0.14538793170830067
C_chunk_plus_frozen_ACT_latent,monotone_conditional_survival_shared_mlp,80,334,66,268,0.19760479041916168,0.8678199909543193,0.5664648817535698,0.1156182698569454,0.061312923497953704,False,,0.12950104609334906,0.10720203932867423
C_chunk_plus_frozen_ACT_latent,monotone_conditional_survival_shared_mlp,81,332,62,270,0.18674698795180722,0.8652927120669056,0.5522894776361931,0.1121536813332903,0.05161022000320972,False,,0.12031205049562146,0.06781007495693936
C_chunk_plus_frozen_ACT_latent,monotone_conditional_survival_shared_mlp,82,328,61,267,0.18597560975609756,0.8656597286179162,0.5536359907608742,0.11159508645079917,0.04805211104821906,False,,0.12019244893463557,0.07152997180806187
C_chunk_plus_frozen_ACT_latent,monotone_conditional_survival_shared_mlp,83,322,60,262,0.18633540372670807,0.8697201017811704,0.5628735722800493,0.10986910051848726,0.051978917596698544,False,,0.12045492939399241,0.08788207281148519
C_chunk_plus_frozen_ACT_latent,monotone_conditional_survival_shared_mlp,84,320,60,260,0.1875,0.8693589743589744,0.5652102939036083,0.11050043401947625,0.05211865742521584,False,,0.12099113154837879,0.08670633454409671
C_chunk_plus_frozen_ACT_latent,monotone_conditional_survival_shared_mlp,85,316,60,256,0.189873417721519,0.8682291666666667,0.5657612342893429,0.11198962673259974,0.05331240627369299,False,,0.12199133629793045,0.08198704816958702
C_chunk_plus_frozen_ACT_latent,monotone_conditional_survival_shared_mlp,86,308,59,249,0.19155844155844157,0.8703287727179906,0.5663141727535164,0.11106538198317026,0.06419994176427275,False,,0.12273417175823167,0.09507368329373844
C_chunk_plus_frozen_ACT_latent,monotone_conditional_survival_shared_mlp,87,304,58,246,0.19078947368421054,0.8711101766190076,0.561863372613986,0.11036081638391652,0.06722178703065589,False,,0.1225610730062125,0.0995443032852491
C_chunk_plus_frozen_ACT_latent,monotone_conditional_survival_shared_mlp,88,292,54,238,0.18493150684931506,0.8671802054154996,0.5540605559681121,0.11076221618749932,0.05775376860554297,False,,0.1205434448291377,0.08114276687133526
C_chunk_plus_frozen_ACT_latent,monotone_conditional_survival_shared_mlp,89,286,54,232,0.1888111888111888,0.8679757343550447,0.5572991219974973,0.11254163680314758,0.06158587809275486,False,,0.12220719411307646,0.0790915574167057
C_chunk_plus_frozen_ACT_latent,monotone_conditional_survival_shared_mlp,90,282,52,230,0.18439716312056736,0.8715719063545151,0.5606909479900671,0.10886273173823434,0.05691820701902617,False,,0.12037122186002354,0.09560831853291407
C_chunk_plus_frozen_ACT_latent,monotone_conditional_survival_shared_mlp,91,278,49,229,0.17625899280575538,0.8795116299795027,0.564544482512956,0.10476628889539918,0.0556264964073897,False,,0.11742630773557632,0.10781245773890202
C_chunk_plus_frozen_ACT_latent,monotone_conditional_survival_shared_mlp,92,270,46,224,0.17037037037037037,0.8766498447204969,0.5423997450493727,0.10351021222698488,0.06930134490725635,False,,0.11295729166666665,0.08363408240664805
C_chunk_plus_frozen_ACT_latent,monotone_conditional_survival_shared_mlp,93,264,43,221,0.16287878787878787,0.8801431127012522,0.5471285260787001,0.09816958078620192,0.07226206534809289,False,,0.11014321368234119,0.10870967439421064
C_chunk_plus_frozen_ACT_latent,monotone_conditional_survival_shared_mlp,94,260,42,218,0.16153846153846155,0.8792048929663608,0.5467545929104455,0.09774706291851047,0.07606500074723395,False,,0.10962181083452127,0.10832468306819187
C_chunk_plus_frozen_ACT_latent,monotone_conditional_survival_shared_mlp,95,252,41,211,0.1626984126984127,0.8771240319038262,0.5442209755061936,0.0986795198892538,0.06826143122108905,False,,0.11019894276177536,0.10453297086001889
C_chunk_plus_frozen_ACT_latent,monotone_conditional_survival_shared_mlp,96,252,41,211,0.1626984126984127,0.8767772511848341,0.5440645138627553,0.09842769868790414,0.06767983497852313,False,,0.11022993105465785,0.10706921662594104
C_chunk_plus_frozen_ACT_latent,monotone_conditional_survival_shared_mlp,97,252,41,211,0.1626984126984127,0.8766616576118368,0.5440266436817359,0.09840384789997769,0.06768291084443576,False,,0.11027565323004204,0.1076557243809656
C_chunk_plus_frozen_ACT_latent,monotone_conditional_survival_shared_mlp,98,250,40,210,0.16,0.8742857142857143,0.5370731648575177,0.09836759397400002,0.06676198297172707,False,,0.10927045196313599,0.09977864823707516
C_chunk_plus_frozen_ACT_latent,monotone_conditional_survival_shared_mlp,99,246,40,206,0.16260162601626016,0.8803398058252427,0.5540320286331358,0.09694006217701524,0.06261099141532835,False,,0.11047613094270885,0.12252482640538154
D_chunk_plus_state_plus_frozen_ACT_latent,monotone_conditional_survival_shared_mlp,1,674,651,23,0.9658753709198813,0.9103720029386229,0.9965424344374789,0.03122903478112089,0.016233530652465453,False,,0.03179571857208507,0.01782264457019367
D_chunk_plus_state_plus_frozen_ACT_latent,monotone_conditional_survival_shared_mlp,2,670,631,39,0.9417910447761194,0.9294567028322971,0.9954151016422909,0.043841645122764686,0.0286098293460811,False,,0.05143357304355249,0.1476064654182041
D_chunk_plus_state_plus_frozen_ACT_latent,monotone_conditional_survival_shared_mlp,3,664,611,53,0.9201807228915663,0.925578235493932,0.9931260965498806,0.05456680634579121,0.025521076729767993,False,,0.06756963163777621,0.1924359357424038
D_chunk_plus_state_plus_frozen_ACT_latent,monotone_conditional_survival_shared_mlp,4,660,601,59,0.9106060606060606,0.9405510589695141,0.9937878802305464,0.051439170995325176,0.02708699054884282,False,,0.07396341138387637,0.3045322000042491
D_chunk_plus_state_plus_frozen_ACT_latent,monotone_conditional_survival_shared_mlp,5,660,593,67,0.8984848484848484,0.9401978304095039,0.9925419437983476,0.0528413667198036,0.02905894171246917,False,,0.08221218546861095,0.3572562702401493
D_chunk_plus_state_plus_frozen_ACT_latent,monotone_conditional_survival_shared_mlp,6,658,581,77,0.8829787234042553,0.9345508192324027,0.9904635442803827,0.058058961868232714,0.0285630332758815,False,,0.09249116610700348,0.3722755987197305
D_chunk_plus_state_plus_frozen_ACT_latent,monotone_conditional_survival_shared_mlp,7,656,574,82,0.875,0.9344777768335175,0.9885962682487552,0.058093855795041144,0.03115161678134392,False,,0.09771934490594321,0.4055030163069797
D_chunk_plus_state_plus_frozen_ACT_latent,monotone_conditional_survival_shared_mlp,8,650,564,86,0.8676923076923077,0.9166048160976414,0.9819993928187352,0.06160670208372371,0.03147348001893723,False,,0.1034447791798012,0.4044484161289298
D_chunk_plus_state_plus_frozen_ACT_latent,monotone_conditional_survival_shared_mlp,9,650,550,100,0.8461538461538461,0.9096,0.9778998015190775,0.06908672526666042,0.02549104664999284,False,,0.11888577654447553,0.4188814904967638
D_chunk_plus_state_plus_frozen_ACT_latent,monotone_conditional_survival_shared_mlp,10,648,535,113,0.8256172839506173,0.9051856752956745,0.9734841981322907,0.07806330856072732,0.027601704248455938,False,,0.13272718288788818,0.4118513867150655
D_chunk_plus_state_plus_frozen_ACT_latent,monotone_conditional_survival_shared_mlp,11,644,524,120,0.8136645962732919,0.9017016539440204,0.9695476821517678,0.08521881754036448,0.02197569636691618,False,,0.14156975501489297,0.39804361792248943
D_chunk_plus_state_plus_frozen_ACT_latent,monotone_conditional_survival_shared_mlp,12,642,516,126,0.8037383177570093,0.8837363110618924,0.9608414950701939,0.09418953058501316,0.0315830295050807,False,,0.148819001092084,0.36708666303483684
D_chunk_plus_state_plus_frozen_ACT_latent,monotone_conditional_survival_shared_mlp,13,636,490,146,0.7704402515723271,0.8637685211070729,0.9425653116266202,0.11105963776572905,0.051140225464276524,False,,0.16762267561403082,0.3374426380028931
D_chunk_plus_state_plus_frozen_ACT_latent,monotone_conditional_survival_shared_mlp,14,630,476,154,0.7555555555555555,0.8560651533340609,0.9330741379550619,0.11765855592074709,0.043002996063348106,False,,0.17516838708306176,0.32831170121492603
D_chunk_plus_state_plus_frozen_ACT_latent,monotone_conditional_survival_shared_mlp,15,628,459,169,0.7308917197452229,0.8712921065862242,0.9326153069355179,0.1182413689848167,0.04156755281827436,False,,0.18418948609162755,0.3580449596021136
D_chunk_plus_state_plus_frozen_ACT_latent,monotone_conditional_survival_shared_mlp,16,624,446,178,0.7147435897435898,0.875270821786668,0.9301375687062625,0.11914976603644775,0.034043596005021826,False,,0.18916174852867754,0.3701170190949876
D_chunk_plus_state_plus_frozen_ACT_latent,monotone_conditional_survival_shared_mlp,17,622,435,187,0.6993569131832797,0.8723707664884135,0.9200989160500371,0.12253040247243052,0.034757640814657584,False,,0.19316626380514185,0.3656739015461099
D_chunk_plus_state_plus_frozen_ACT_latent,monotone_conditional_survival_shared_mlp,18,618,417,201,0.6747572815533981,0.8888530966271758,0.9207453927280718,0.11615515161455549,0.02512290507404011,False,,0.19511600265432533,0.40468669901801846
D_chunk_plus_state_plus_frozen_ACT_latent,monotone_conditional_survival_shared_mlp,19,618,408,210,0.6601941747572816,0.8930672268907563,0.9184109805831845,0.11484690279789789,0.03655348709879584,False,,0.1973615027386028,0.41808862820624204
D_chunk_plus_state_plus_frozen_ACT_latent,monotone_conditional_survival_shared_mlp,20,612,396,216,0.6470588235294118,0.8843761690983913,0.9055358091056998,0.11941703449576639,0.04184387060372135,False,,0.19973326552219994,0.40211744806979366
D_chunk_plus_state_plus_frozen_ACT_latent,monotone_conditional_survival_shared_mlp,21,612,392,220,0.6405228758169934,0.8842532467532468,0.9042378873907703,0.11995264037850889,0.029574413742454387,False,,0.20285209695560347,0.4086694582961994
D_chunk_plus_state_plus_frozen_ACT_latent,monotone_conditional_survival_shared_mlp,22,612,383,229,0.6258169934640523,0.8772161857092364,0.8898439615017334,0.1255478266641481,0.03393362249949783,False,,0.20385935715860218,0.3841448908010039
D_chunk_plus_state_plus_frozen_ACT_latent,monotone_conditional_survival_shared_mlp,23,610,364,246,0.5967213114754099,0.8796122576610381,0.8840481963302147,0.13039638379911625,0.04015894682881569,False,,0.20740007699302235,0.3712809286782317
D_chunk_plus_state_plus_frozen_ACT_latent,monotone_conditional_survival_shared_mlp,24,606,350,256,0.5775577557755776,0.8812946428571429,0.8784721377594259,0.1303432321316823,0.03653066569149719,False,,0.2078626614666031,0.37293580669068693
D_chunk_plus_state_plus_frozen_ACT_latent,monotone_conditional_survival_shared_mlp,25,600,341,259,0.5683333333333334,0.8789614918647177,0.874052614210846,0.13338392450718758,0.04173184077538825,False,,0.21052205428393125,0.3664135334377243
D_chunk_plus_state_plus_frozen_ACT_latent,monotone_conditional_survival_shared_mlp,26,592,326,266,0.5506756756756757,0.881452096498916,0.8699923002038331,0.13331316879297184,0.044369862098855274,False,,0.21242368502578124,0.37241852867399405
D_chunk_plus_state_plus_frozen_ACT_latent,monotone_conditional_survival_shared_mlp,27,588,318,270,0.5408163265306123,0.8745166550197997,0.8643386638607271,0.1384757822321207,0.055937783094551,False,,0.21420481301986444,0.3535356172446086
D_chunk_plus_state_plus_frozen_ACT_latent,monotone_conditional_survival_shared_mlp,28,582,305,277,0.5240549828178694,0.8735515180209504,0.8566317823369,0.1398376371729982,0.04537904217847439,False,,0.21390880519031513,0.3462745161491395
D_chunk_plus_state_plus_frozen_ACT_latent,monotone_conditional_survival_shared_mlp,29,578,298,280,0.5155709342560554,0.875755033557047,0.8550153849139064,0.1388881154728441,0.050086284898729704,False,,0.21149132516581798,0.34329166757099827
D_chunk_plus_state_plus_frozen_ACT_latent,monotone_conditional_survival_shared_mlp,30,578,288,290,0.4982698961937716,0.8689176245210728,0.8342994081258475,0.14488027045040827,0.05877448422300665,False,,0.21350275626001258,0.3214126459615021
D_chunk_plus_state_plus_frozen_ACT_latent,monotone_conditional_survival_shared_mlp,31,576,277,299,0.4809027777777778,0.8657498520942251,0.8187280525455662,0.1479555789168528,0.045539803878253356,False,,0.2107840532885545,0.29807033972201014
D_chunk_plus_state_plus_frozen_ACT_latent,monotone_conditional_survival_shared_mlp,32,574,275,299,0.47909407665505227,0.8679963514746123,0.8236548385008774,0.14622169633481458,0.04365276576160209,False,,0.21165164669065356,0.3091398124176671
D_chunk_plus_state_plus_frozen_ACT_latent,monotone_conditional_survival_shared_mlp,33,568,261,307,0.4595070422535211,0.8618942428894131,0.7982737804128152,0.14927438172952548,0.048246954409429596,False,,0.21013112819491803,0.28961319052616386
D_chunk_plus_state_plus_frozen_ACT_latent,monotone_conditional_survival_shared_mlp,34,568,252,316,0.44366197183098594,0.858574442435202,0.7848208469314788,0.15125847893385705,0.05709076739497777,False,,0.20995071780074956,0.27955245631783676
D_chunk_plus_state_plus_frozen_ACT_latent,monotone_conditional_survival_shared_mlp,35,566,246,320,0.43462897526501765,0.8607469512195122,0.7823972974803199,0.15022850758529988,0.05416477287703993,False,,0.2085135699921319,0.27952647115020546
D_chunk_plus_state_plus_frozen_ACT_latent,monotone_conditional_survival_shared_mlp,36,562,238,324,0.4234875444839858,0.8606183214026352,0.773977434899565,0.15065946423924859,0.04682708071235788,False,,0.2066415258907867,0.27091389985730896
D_chunk_plus_state_plus_frozen_ACT_latent,monotone_conditional_survival_shared_mlp,37,560,228,332,0.40714285714285714,0.869359015007398,0.7747978259536067,0.14555349828337175,0.04481834771258763,False,,0.19907123041794256,0.2688370992745277
D_chunk_plus_state_plus_frozen_ACT_latent,monotone_conditional_survival_shared_mlp,38,554,221,333,0.3989169675090253,0.8638049814520403,0.7578675268752333,0.1492389276677342,0.04835045764471629,False,,0.20080703722303886,0.2568042946524196
D_chunk_plus_state_plus_frozen_ACT_latent,monotone_conditional_survival_shared_mlp,39,548,214,334,0.3905109489051095,0.8596871677206335,0.7490337148093057,0.15143516799941215,0.05997397158759806,False,,0.19750337217816685,0.23325274738700053
D_chunk_plus_state_plus_frozen_ACT_latent,monotone_conditional_survival_shared_mlp,40,540,210,330,0.3888888888888889,0.8592496392496393,0.7487542106107913,0.15118665399777145,0.05782516157898871,False,,0.19689672427839014,0.2321525177635242
D_chunk_plus_state_plus_frozen_ACT_latent,monotone_conditional_survival_shared_mlp,41,534,205,329,0.3838951310861423,0.8619171176514197,0.7487482066283472,0.1487043468176928,0.04680808958123143,False,,0.19369202978174915,0.23226398636406553
D_chunk_plus_state_plus_frozen_ACT_latent,monotone_conditional_survival_shared_mlp,42,528,199,329,0.3768939393939394,0.8652533182630477,0.7452384218204455,0.14579733116506843,0.053187376332307676,False,,0.19240607768065612,0.24224155014971016
D_chunk_plus_state_plus_frozen_ACT_latent,monotone_conditional_survival_shared_mlp,43,518,196,322,0.3783783783783784,0.8630846748637343,0.7447657868709175,0.1470898997106048,0.054172387875878344,False,,0.1910213820470231,0.22998201492230774
D_chunk_plus_state_plus_frozen_ACT_latent,monotone_conditional_survival_shared_mlp,44,512,184,328,0.359375,0.8606011399787911,0.7195529295394196,0.1484924592923836,0.054733613257238564,False,,0.18685116353407522,0.20529015456035038
D_chunk_plus_state_plus_frozen_ACT_latent,monotone_conditional_survival_shared_mlp,45,504,181,323,0.35912698412698413,0.8620495013940441,0.7218760566904636,0.14758553479324404,0.05918965590108875,False,,0.1875446028978989,0.21306434569278943
D_chunk_plus_state_plus_frozen_ACT_latent,monotone_conditional_survival_shared_mlp,46,496,175,321,0.3528225806451613,0.8557009345794393,0.7039699837603198,0.15098879444601931,0.06806542427707614,False,,0.1890783761663725,0.20144863993774553
D_chunk_plus_state_plus_frozen_ACT_latent,monotone_conditional_survival_shared_mlp,47,490,166,324,0.33877551020408164,0.8584523278298378,0.6956803000707131,0.14958643920369738,0.056341191905256195,False,,0.18653009993253505,0.1980573684472351
D_chunk_plus_state_plus_frozen_ACT_latent,monotone_conditional_survival_shared_mlp,48,488,160,328,0.32786885245901637,0.8585365853658536,0.6935510994632871,0.14835611624279077,0.05058717369235561,False,,0.1842327877771015,0.19473554065586307
D_chunk_plus_state_plus_frozen_ACT_latent,monotone_conditional_survival_shared_mlp,49,484,153,331,0.31611570247933884,0.8607112532827834,0.6931861009292674,0.14524158455917552,0.06269899045030766,False,,0.18205797605029028,0.20222344711195128
D_chunk_plus_state_plus_frozen_ACT_latent,monotone_conditional_survival_shared_mlp,50,476,145,331,0.30462184873949577,0.8557974789040526,0.6761954577551011,0.14705236001940622,0.061079731206441557,False,,0.18311680557092885,0.1969477647836826
D_chunk_plus_state_plus_frozen_ACT_latent,monotone_conditional_survival_shared_mlp,51,464,139,325,0.2995689655172414,0.8563586054233536,0.6720934209612776,0.14571717079969107,0.055698136884180814,False,,0.18401921835254353,0.2081415620376862
D_chunk_plus_state_plus_frozen_ACT_latent,monotone_conditional_survival_shared_mlp,52,458,136,322,0.29694323144104806,0.8580334307636098,0.6717245551891561,0.1439776226490989,0.06016487123473944,False,,0.18239227106605155,0.21061554961965
D_chunk_plus_state_plus_frozen_ACT_latent,monotone_conditional_survival_shared_mlp,53,448,134,314,0.29910714285714285,0.8593735145926419,0.6709697357137943,0.14344505535044177,0.07105812259748281,False,,0.18294377872033654,0.21590634918652185
D_chunk_plus_state_plus_frozen_ACT_latent,monotone_conditional_survival_shared_mlp,54,438,129,309,0.2945205479452055,0.8549961114874188,0.6632495567792014,0.14558254306514715,0.07473552901070293,False,,0.18204292713340556,0.2002845408080004
D_chunk_plus_state_plus_frozen_ACT_latent,monotone_conditional_survival_shared_mlp,55,438,128,310,0.2922374429223744,0.8565020161290322,0.6637803853787149,0.14429838345670726,0.07279936272936488,False,,0.18170408741118432,0.20586055320720675
D_chunk_plus_state_plus_frozen_ACT_latent,monotone_conditional_survival_shared_mlp,56,434,124,310,0.2857142857142857,0.8505463059313215,0.6501256216898209,0.1473732415205411,0.0761013206440065,False,,0.18129512076854765,0.18710861662577938
D_chunk_plus_state_plus_frozen_ACT_latent,monotone_conditional_survival_shared_mlp,57,432,122,310,0.2824074074074074,0.8520359598096245,0.6552217716607467,0.1451310902142748,0.069309370325699,False,,0.18096936990339085,0.19803505813303124
D_chunk_plus_state_plus_frozen_ACT_latent,monotone_conditional_survival_shared_mlp,58,422,120,302,0.2843601895734597,0.8452814569536424,0.6456970191035766,0.14907386285957924,0.07026374289554041,False,,0.18197087121015995,0.18078172694237216
D_chunk_plus_state_plus_frozen_ACT_latent,monotone_conditional_survival_shared_mlp,59,418,116,302,0.27751196172248804,0.8449417675268326,0.6410409611597556,0.1477491125090878,0.06751845927218951,False,,0.17998996456881292,0.17912583147044825
D_chunk_plus_state_plus_frozen_ACT_latent,monotone_conditional_survival_shared_mlp,60,416,114,302,0.27403846153846156,0.8493377483443708,0.6461122074647482,0.1445448587400469,0.06436504792456649,False,,0.17966380887447,0.19547036408963414
D_chunk_plus_state_plus_frozen_ACT_latent,monotone_conditional_survival_shared_mlp,61,412,112,300,0.27184466019417475,0.8517559523809524,0.6493612967797652,0.14240702046860884,0.06298678718669827,False,,0.17966152881860323,0.2073594085220588
D_chunk_plus_state_plus_frozen_ACT_latent,monotone_conditional_survival_shared_mlp,62,410,111,299,0.2707317073170732,0.8503721112416764,0.6452881991533214,0.14299568108584826,0.06213383886780852,False,,0.17966355432289627,0.20409188371698084
D_chunk_plus_state_plus_frozen_ACT_latent,monotone_conditional_survival_shared_mlp,63,402,105,297,0.26119402985074625,0.8506653839987174,0.6341894152156237,0.14182977290433468,0.06615731044273586,False,,0.17725115273902337,0.19983723257834907
D_chunk_plus_state_plus_frozen_ACT_latent,monotone_conditional_survival_shared_mlp,64,396,103,293,0.2601010101010101,0.8538718976771927,0.6375011931448759,0.13977858885891078,0.07876974235648568,False,,0.17617840018535197,0.20660768452969291
D_chunk_plus_state_plus_frozen_ACT_latent,monotone_conditional_survival_shared_mlp,65,394,100,294,0.25380710659898476,0.8573809523809524,0.6509945322154412,0.13569129379674133,0.0757212486836992,False,,0.17076887607736727,0.20540969224821715
D_chunk_plus_state_plus_frozen_ACT_latent,monotone_conditional_survival_shared_mlp,66,390,97,293,0.24871794871794872,0.8573941803595932,0.6465890657539198,0.13435855386176665,0.07109030844241493,False,,0.16997613984005217,0.2095446220381385
D_chunk_plus_state_plus_frozen_ACT_latent,monotone_conditional_survival_shared_mlp,67,386,93,293,0.24093264248704663,0.8550772505413042,0.6242735372863774,0.13359259700544254,0.06409421563089891,False,,0.16559532654077044,0.19325865170143353
D_chunk_plus_state_plus_frozen_ACT_latent,monotone_conditional_survival_shared_mlp,68,382,91,291,0.23821989528795812,0.8544616895132359,0.6214854164891783,0.1336281124078147,0.06943829072007329,False,,0.16386077193427417,0.18450211828970287
D_chunk_plus_state_plus_frozen_ACT_latent,monotone_conditional_survival_shared_mlp,69,382,89,293,0.23298429319371727,0.8512865743758868,0.6167380551699748,0.13397678466038096,0.07619961482902278,False,,0.16105299638841253,0.16811988808163303
D_chunk_plus_state_plus_frozen_ACT_latent,monotone_conditional_survival_shared_mlp,70,376,87,289,0.23138297872340424,0.8526428827108937,0.614481971204354,0.13326111897818224,0.07759884082273096,False,,0.16114990400984466,0.17306113337776918
D_chunk_plus_state_plus_frozen_ACT_latent,monotone_conditional_survival_shared_mlp,71,376,84,292,0.22340425531914893,0.8597928897586432,0.6181356838042456,0.12728637134264828,0.06978922167173164,False,,0.15451909842178335,0.17624181966684282
D_chunk_plus_state_plus_frozen_ACT_latent,monotone_conditional_survival_shared_mlp,72,374,82,292,0.2192513368983957,0.8582108252589375,0.6044906948694793,0.1277493389395455,0.06788797657506201,False,,0.15050962393162967,0.15122145944915288
D_chunk_plus_state_plus_frozen_ACT_latent,monotone_conditional_survival_shared_mlp,73,372,80,292,0.21505376344086022,0.8636558219178082,0.6111437098151199,0.12239807636238101,0.057803379913552506,False,,0.14791043755591995,0.17248519857764322
D_chunk_plus_state_plus_frozen_ACT_latent,monotone_conditional_survival_shared_mlp,74,368,77,291,0.20923913043478262,0.8615164903824698,0.6001097607771453,0.12137124351562747,0.060632479679312914,False,,0.1433226390279652,0.15316069855547765
D_chunk_plus_state_plus_frozen_ACT_latent,monotone_conditional_survival_shared_mlp,75,362,76,286,0.20994475138121546,0.861198012513802,0.6028533281273358,0.12152429576467551,0.06619021262110598,False,,0.14232455441956876,0.14614666274362387
D_chunk_plus_state_plus_frozen_ACT_latent,monotone_conditional_survival_shared_mlp,76,354,75,279,0.211864406779661,0.8588769414575866,0.5988539750861328,0.12294197436638726,0.06731385952455411,False,,0.14336973022134722,0.14248304592204875
D_chunk_plus_state_plus_frozen_ACT_latent,monotone_conditional_survival_shared_mlp,77,350,73,277,0.20857142857142857,0.8562880174076455,0.5878156267491063,0.12420074985311617,0.06441189398664753,False,,0.14102355932010385,0.1192907734572366
D_chunk_plus_state_plus_frozen_ACT_latent,monotone_conditional_survival_shared_mlp,78,344,70,274,0.20348837209302326,0.8649113660062565,0.5947233005032423,0.11924369772503993,0.06230648089766226,False,,0.13642089043079694,0.12591321352260632
D_chunk_plus_state_plus_frozen_ACT_latent,monotone_conditional_survival_shared_mlp,79,340,68,272,0.2,0.8712694636678201,0.6020891521381323,0.11492014276045392,0.05333556872705078,False,,0.13190260481912222,0.12875001279888532
D_chunk_plus_state_plus_frozen_ACT_latent,monotone_conditional_survival_shared_mlp,80,334,66,268,0.19760479041916168,0.867141564902759,0.5892955255217789,0.11636250852024935,0.05059071224316894,False,,0.12950104609334906,0.10145506904731083
D_chunk_plus_state_plus_frozen_ACT_latent,monotone_conditional_survival_shared_mlp,81,332,62,270,0.18674698795180722,0.8672043010752688,0.5846764915518251,0.11172623454581362,0.05211265498259833,False,,0.12031205049562146,0.07136289269810348
D_chunk_plus_state_plus_frozen_ACT_latent,monotone_conditional_survival_shared_mlp,82,328,61,267,0.18597560975609756,0.8689138576779026,0.5893065893613227,0.11064901321656717,0.04993224574059623,False,,0.12019244893463557,0.07940129186699918
D_chunk_plus_state_plus_frozen_ACT_latent,monotone_conditional_survival_shared_mlp,83,322,60,262,0.18633540372670807,0.873854961832061,0.5985416258082996,0.10861566963097756,0.04747435405751919,False,,0.12045492939399241,0.09828788097405439
D_chunk_plus_state_plus_frozen_ACT_latent,monotone_conditional_survival_shared_mlp,84,320,60,260,0.1875,0.8745512820512821,0.6010070406251629,0.10890428227791175,0.04679894662943418,False,,0.12099113154837879,0.09989863815459943
D_chunk_plus_state_plus_frozen_ACT_latent,monotone_conditional_survival_shared_mlp,85,316,60,256,0.189873417721519,0.8751302083333333,0.6032349026638717,0.10930220878341328,0.05915751256692737,False,,0.12199133629793045,0.10401662855407579
D_chunk_plus_state_plus_frozen_ACT_latent,monotone_conditional_survival_shared_mlp,86,308,59,249,0.19155844155844157,0.8808794500034034,0.6121088946329964,0.10758958177374627,0.05961575937095124,False,,0.12273417175823167,0.12339342635821127
D_chunk_plus_state_plus_frozen_ACT_latent,monotone_conditional_survival_shared_mlp,87,304,58,246,0.19078947368421054,0.8801513877207737,0.6122030585643642,0.10764663064193998,0.051307308081711876,False,,0.1225610730062125,0.12168988079532006
D_chunk_plus_state_plus_frozen_ACT_latent,monotone_conditional_survival_shared_mlp,88,292,54,238,0.18493150684931506,0.8779956427015251,0.6062106954923279,0.10696931454422572,0.05051218354062116,False,,0.1205434448291377,0.11260778472153676
D_chunk_plus_state_plus_frozen_ACT_latent,monotone_conditional_survival_shared_mlp,89,286,54,232,0.1888111888111888,0.8786717752234994,0.6091810077384558,0.10864153148211511,0.054115568211777605,False,,0.12220719411307646,0.11100543408605912
D_chunk_plus_state_plus_frozen_ACT_latent,monotone_conditional_survival_shared_mlp,90,282,52,230,0.18439716312056736,0.881438127090301,0.6094753470526493,0.10499012171095705,0.05215713540510671,False,,0.12037122186002354,0.12778054348366386
D_chunk_plus_state_plus_frozen_ACT_latent,monotone_conditional_survival_shared_mlp,91,278,49,229,0.17625899280575538,0.8863737634791908,0.6036982992539038,0.10120745611961064,0.059179416773232005,False,,0.11742630773557632,0.1381194038093041
D_chunk_plus_state_plus_frozen_ACT_latent,monotone_conditional_survival_shared_mlp,92,270,46,224,0.17037037037037037,0.8871312111801242,0.5968058341538187,0.0985693002287589,0.06908277398519576,False,,0.11295729166666665,0.12737549940880533
D_chunk_plus_state_plus_frozen_ACT_latent,monotone_conditional_survival_shared_mlp,93,264,43,221,0.16287878787878787,0.8917184047143007,0.6063168394312647,0.09298234858542993,0.060916068996607585,False,,0.11014321368234119,0.15580501533579805
D_chunk_plus_state_plus_frozen_ACT_latent,monotone_conditional_survival_shared_mlp,94,260,42,218,0.16153846153846155,0.8895806028833552,0.6020084248381048,0.09319079290773555,0.05962621318203824,False,,0.10962181083452127,0.14988821842752653
D_chunk_plus_state_plus_frozen_ACT_latent,monotone_conditional_survival_shared_mlp,95,252,41,211,0.1626984126984127,0.8876430470465843,0.6004660508615213,0.09416613764919672,0.06046311936284981,False,,0.11019894276177536,0.14548964546091747
D_chunk_plus_state_plus_frozen_ACT_latent,monotone_conditional_survival_shared_mlp,96,252,41,211,0.1626984126984127,0.8878742341925789,0.6010188733204195,0.09405910981440271,0.057927955488847986,False,,0.11022993105465785,0.14670081969149362
D_chunk_plus_state_plus_frozen_ACT_latent,monotone_conditional_survival_shared_mlp,97,252,41,211,0.1626984126984127,0.8882210149115709,0.6019904681598524,0.09403833576562998,0.05702419810622911,False,,0.11027565323004204,0.14724299506564686
D_chunk_plus_state_plus_frozen_ACT_latent,monotone_conditional_survival_shared_mlp,98,250,40,210,0.16,0.8848809523809524,0.5890991190962842,0.09436032204624749,0.05251106237301406,False,,0.10927045196313599,0.1364516175142998
D_chunk_plus_state_plus_frozen_ACT_latent,monotone_conditional_survival_shared_mlp,99,246,40,206,0.16260162601626016,0.887621359223301,0.5952834582939439,0.09455181698328663,0.050047541932717564,False,,0.11047613094270885,0.14414257472213898
