task_id,blocks,FRESH_successes,FO20_successes,REVERSE20_successes,FULL_OLD20_successes,HARD_H16_successes,FRESH_success_rate,FO20_success_rate,REVERSE20_success_rate,FULL_OLD20_success_rate,HARD_H16_success_rate,interaction_count,interaction_rate
1,14,2,9,0,2,8,0.14285714285714285,0.6428571428571429,0.0,0.14285714285714285,0.5714285714285714,5,0.35714285714285715
2,14,10,13,1,6,13,0.7142857142857143,0.9285714285714286,0.07142857142857142,0.42857142857142855,0.9285714285714286,-2,-0.14285714285714285
3,14,6,9,1,8,11,0.42857142857142855,0.6428571428571429,0.07142857142857142,0.5714285714285714,0.7857142857142857,-4,-0.2857142857142857
4,14,4,10,0,6,10,0.2857142857142857,0.7142857142857143,0.0,0.42857142857142855,0.7142857142857143,0,0.0
5,14,7,6,0,4,11,0.5,0.42857142857142855,0.0,0.2857142857142857,0.7857142857142857,-5,-0.35714285714285715
6,14,7,8,1,4,8,0.5,0.5714285714285714,0.07142857142857142,0.2857142857142857,0.5714285714285714,-2,-0.14285714285714285
7,14,3,5,1,1,8,0.21428571428571427,0.35714285714285715,0.07142857142857142,0.07142857142857142,0.5714285714285714,2,0.14285714285714285
8,14,6,8,1,4,7,0.42857142857142855,0.5714285714285714,0.07142857142857142,0.2857142857142857,0.5,-1,-0.07142857142857142
9,14,11,13,7,12,12,0.7857142857142857,0.9285714285714286,0.5,0.8571428571428571,0.8571428571428571,-3,-0.21428571428571427
