family,contrast,first,second,group,metric,paired_block_count,task_count,mean_paired_difference,median_paired_difference,task_cluster_ci_low,task_cluster_ci_high
confirmation,Fresh-A20G0,FRESH,REVERSE20,translation,d1_mean,140,10,0.0051017738277931565,0.0010289405277988965,0.0005349692688062404,0.010217794631807409
confirmation,Fresh-A20G0,FRESH,REVERSE20,translation,d1_median,140,10,0.00744053206917442,0.003123549802211293,0.002683656704761173,0.01310573849567772
confirmation,Fresh-A20G0,FRESH,REVERSE20,translation,d2_mean,140,10,-3.8257527197758935e-05,-0.0012574089489640946,-0.002833580241212566,0.0028615814060053324
confirmation,Fresh-A20G0,FRESH,REVERSE20,translation,d2_median,140,10,0.0013376165542217295,0.0004097094245550017,-0.0001156183163653608,0.00304940688481816
confirmation,Fresh-A20G0,FRESH,REVERSE20,rotation,d1_mean,140,10,0.0005613803295213752,0.00027049606950420215,0.00016584634277232066,0.0009864798662885066
confirmation,Fresh-A20G0,FRESH,REVERSE20,rotation,d1_median,140,10,0.0007325977928451504,0.0004013977467615571,0.0003622533351493371,0.0011407652493706675
confirmation,Fresh-A20G0,FRESH,REVERSE20,rotation,d2_mean,140,10,0.00012433706330192075,0.00011186324672940299,-0.00014583225777744054,0.0004186638295039762
confirmation,Fresh-A20G0,FRESH,REVERSE20,rotation,d2_median,140,10,0.00018627332603008778,0.0001505292685688984,-1.2290812990962013e-05,0.00042050985823350977
confirmation,Fresh-A20G0,FRESH,REVERSE20,gripper,d1_mean,140,10,0.008658833495292551,0.002340008538929024,0.002458150792029401,0.014951420602066617
confirmation,Fresh-A20G0,FRESH,REVERSE20,gripper,d1_median,140,10,-0.0005120093801191874,-6.434321403503418e-05,-0.0019420881888696125,0.0006437416587557112
confirmation,Fresh-A20G0,FRESH,REVERSE20,gripper,d2_mean,140,10,0.01060164300646934,0.006284195548986819,0.0008801334948446044,0.02068833535619085
confirmation,Fresh-A20G0,FRESH,REVERSE20,gripper,d2_median,140,10,-0.0012042989688260215,-0.00016134977340698242,-0.0033745994658342425,0.00046622099554432167
confirmation,Fresh-A20G0,FRESH,REVERSE20,gripper,gripper_state_switch_probability,140,10,0.003521624490714938,0.0011610466971598774,0.0002773133361344906,0.006344759232560074
confirmation,Fresh-coherent_H16,FRESH,HARD_H16,translation,d1_mean,140,10,-0.009168834666192333,-0.005562909830728293,-0.01385776157289266,-0.004887525375673389
confirmation,Fresh-coherent_H16,FRESH,HARD_H16,translation,d1_median,140,10,-0.00666029055581024,-0.004952496774519668,-0.010513493468068234,-0.002907688525014956
confirmation,Fresh-coherent_H16,FRESH,HARD_H16,translation,d2_mean,140,10,-0.007163224755472648,-0.0038422473082608682,-0.011223188605985686,-0.003670509947275458
confirmation,Fresh-coherent_H16,FRESH,HARD_H16,translation,d2_median,140,10,-0.00032446700421247444,-0.0001204994307879995,-0.0019274338644229237,0.0012066105746100229
confirmation,Fresh-coherent_H16,FRESH,HARD_H16,rotation,d1_mean,140,10,-0.0011636458921949577,-0.0007710727911093562,-0.0016252225552055226,-0.0007171568441334132
confirmation,Fresh-coherent_H16,FRESH,HARD_H16,rotation,d1_median,140,10,-0.0008638991803900153,-0.000610845423064534,-0.00129454508563508,-0.00046218800054998404
confirmation,Fresh-coherent_H16,FRESH,HARD_H16,rotation,d2_mean,140,10,-0.0008404503668712591,-0.000688964602058919,-0.0012733255649541235,-0.00044961627935546895
confirmation,Fresh-coherent_H16,FRESH,HARD_H16,rotation,d2_median,140,10,8.634711196988422e-05,8.693139872225351e-05,-0.0002036090913916203,0.00040539087626950633
confirmation,Fresh-coherent_H16,FRESH,HARD_H16,gripper,d1_mean,140,10,-0.031176028682353574,-0.004301080092725416,-0.053364621347179286,-0.01244715855286548
confirmation,Fresh-coherent_H16,FRESH,HARD_H16,gripper,d1_median,140,10,-0.0014137053063937597,-0.0007883906364440918,-0.002288040018507412,-0.000634957253932953
confirmation,Fresh-coherent_H16,FRESH,HARD_H16,gripper,d2_mean,140,10,-0.04914784735285865,-0.018183300561048346,-0.08046167714239688,-0.022448448576539447
confirmation,Fresh-coherent_H16,FRESH,HARD_H16,gripper,d2_median,140,10,-0.0018619799986481667,-0.00070953369140625,-0.0035345001904559985,-0.0004498447471165248
confirmation,Fresh-coherent_H16,FRESH,HARD_H16,gripper,gripper_state_switch_probability,140,10,-0.015890413303033774,-0.00200172548538301,-0.02703728107726581,-0.006131039356530126
confirmation,A20G0-coherent_H16,REVERSE20,HARD_H16,translation,d1_mean,140,10,-0.01427060849398549,-0.011934187178613248,-0.01886949782408813,-0.009921207420757467
confirmation,A20G0-coherent_H16,REVERSE20,HARD_H16,translation,d1_median,140,10,-0.014100822624984658,-0.00964800701597796,-0.01914230424113071,-0.009531711927533028
confirmation,A20G0-coherent_H16,REVERSE20,HARD_H16,translation,d2_mean,140,10,-0.007124967228274889,-0.005438333021617737,-0.010785409444815408,-0.0033298750305836722
confirmation,A20G0-coherent_H16,REVERSE20,HARD_H16,translation,d2_median,140,10,-0.0016620835584342038,-0.0014334695700850431,-0.0030402512292789794,-8.530362589906044e-05
confirmation,A20G0-coherent_H16,REVERSE20,HARD_H16,rotation,d1_mean,140,10,-0.0017250262217163332,-0.0018144195488454477,-0.0021651872787042457,-0.0012851471068454443
confirmation,A20G0-coherent_H16,REVERSE20,HARD_H16,rotation,d1_median,140,10,-0.0015964969732351654,-0.0012428617902892794,-0.00207222729429871,-0.0011488822669547371
confirmation,A20G0-coherent_H16,REVERSE20,HARD_H16,rotation,d2_mean,140,10,-0.0009647874301731799,-0.0008728537264079686,-0.0013472491703558046,-0.0005671036448868114
confirmation,A20G0-coherent_H16,REVERSE20,HARD_H16,rotation,d2_median,140,10,-9.992621406020355e-05,-0.00010295950344326181,-0.00036159041777539144,0.00021876247106997513
confirmation,A20G0-coherent_H16,REVERSE20,HARD_H16,gripper,d1_mean,140,10,-0.039834862177646126,-0.018727653384709206,-0.06395998983033917,-0.018248795020537837
confirmation,A20G0-coherent_H16,REVERSE20,HARD_H16,gripper,d1_median,140,10,-0.0009016959262745721,-0.0008068382740020752,-0.002433571433648467,0.0005855479543762538
confirmation,A20G0-coherent_H16,REVERSE20,HARD_H16,gripper,d2_mean,140,10,-0.059749490359328,-0.026503463243275578,-0.09502451604249834,-0.029054411156198674
confirmation,A20G0-coherent_H16,REVERSE20,HARD_H16,gripper,d2_median,140,10,-0.0006576810298221452,-0.0005880296230316162,-0.0030100319268448012,0.001542424703282968
confirmation,A20G0-coherent_H16,REVERSE20,HARD_H16,gripper,gripper_state_switch_probability,140,10,-0.019412037793748713,-0.009633911368015413,-0.03160121920833041,-0.00840602102886089
track_a,ARM4_GRIP32-H4,ARM4_GRIP32,H4,translation,d1_mean,450,30,0.00123094139440039,0.0,0.00038933711173136994,0.002278922831630719
track_a,ARM4_GRIP32-H4,ARM4_GRIP32,H4,translation,d1_median,450,30,0.0006239982488410898,0.0,0.0002092804456291286,0.001058404919907274
track_a,ARM4_GRIP32-H4,ARM4_GRIP32,H4,translation,d2_mean,450,30,0.0011418894833013019,0.0,-0.00029571975620069587,0.0028088265652890885
track_a,ARM4_GRIP32-H4,ARM4_GRIP32,H4,translation,d2_median,450,30,0.0002971576056091292,0.0,-0.0002810221900626487,0.0009751565001715318
track_a,ARM4_GRIP32-H4,ARM4_GRIP32,H4,rotation,d1_mean,450,30,9.678844703452865e-05,0.0,-9.267233669798603e-06,0.00021371410586542325
track_a,ARM4_GRIP32-H4,ARM4_GRIP32,H4,rotation,d1_median,450,30,3.408537312238004e-05,0.0,-3.8283824531628486e-05,0.000103387931024473
track_a,ARM4_GRIP32-H4,ARM4_GRIP32,H4,rotation,d2_mean,450,30,2.9624428303041274e-05,0.0,-0.00015437851892022707,0.00023085552497001445
track_a,ARM4_GRIP32-H4,ARM4_GRIP32,H4,rotation,d2_median,450,30,7.796172177993737e-07,0.0,-8.080315592402519e-05,8.643011998500315e-05
track_a,ARM4_GRIP32-H4,ARM4_GRIP32,H4,gripper,d1_mean,450,30,-0.013040228780298379,-0.0011765035770941491,-0.01868289891722942,-0.007893878116470352
track_a,ARM4_GRIP32-H4,ARM4_GRIP32,H4,gripper,d1_median,450,30,-0.004660524055361747,-0.0007012784481048584,-0.0073708160190532595,-0.0024914327160351813
track_a,ARM4_GRIP32-H4,ARM4_GRIP32,H4,gripper,d2_mean,450,30,-0.027622432647892933,-0.003938806579963629,-0.03752952723697752,-0.018348484209875282
track_a,ARM4_GRIP32-H4,ARM4_GRIP32,H4,gripper,d2_median,450,30,-0.00945237446576357,-0.0017789900302886963,-0.013805260288632578,-0.005529711855885886
track_a,ARM4_GRIP32-H4,ARM4_GRIP32,H4,gripper,gripper_state_switch_probability,450,30,-0.005381586773266967,0.0,-0.008237098745835583,-0.0028717023036463184
track_a,ARM2_GRIP16-H2,ARM2_GRIP16,H2,translation,d1_mean,450,30,0.001169633806788718,0.0,0.0002086608630946689,0.0023134533498547273
track_a,ARM2_GRIP16-H2,ARM2_GRIP16,H2,translation,d1_median,450,30,0.0006697999178027365,0.0,-0.00012761283534964027,0.0014629132888030287
track_a,ARM2_GRIP16-H2,ARM2_GRIP16,H2,translation,d2_mean,450,30,-0.00022247195397862967,0.0,-0.001513824917501925,0.0011190864368613334
track_a,ARM2_GRIP16-H2,ARM2_GRIP16,H2,translation,d2_median,450,30,-0.0010595111412899576,0.0,-0.0021704875119792906,-0.00014410307824648053
track_a,ARM2_GRIP16-H2,ARM2_GRIP16,H2,rotation,d1_mean,450,30,0.00012425296631283486,0.0,3.239008065288163e-05,0.00022439598305641672
track_a,ARM2_GRIP16-H2,ARM2_GRIP16,H2,rotation,d1_median,450,30,5.247057272918585e-06,0.0,-6.367432749158063e-05,6.553368343583117e-05
track_a,ARM2_GRIP16-H2,ARM2_GRIP16,H2,rotation,d2_mean,450,30,-9.218869073898534e-05,0.0,-0.00024682592612531174,4.728402835145361e-05
track_a,ARM2_GRIP16-H2,ARM2_GRIP16,H2,rotation,d2_median,450,30,-0.0002527616615851128,0.0,-0.00041704924724388467,-0.00010431846529487083
track_a,ARM2_GRIP16-H2,ARM2_GRIP16,H2,gripper,d1_mean,450,30,-0.00046224165869630665,-0.000359018580872708,-0.007288829699761851,0.006981228136794287
track_a,ARM2_GRIP16-H2,ARM2_GRIP16,H2,gripper,d1_median,450,30,-0.003531452351146274,-0.0005836784839630127,-0.006031318058570225,-0.0018287336710426543
track_a,ARM2_GRIP16-H2,ARM2_GRIP16,H2,gripper,d2_mean,450,30,-0.013365043805456158,-0.0014289677471188377,-0.02398755064003885,-0.0025304771839637346
track_a,ARM2_GRIP16-H2,ARM2_GRIP16,H2,gripper,d2_median,450,30,-0.009473678713871373,-0.0022627413272857666,-0.014654246350232925,-0.0057311682324442705
track_a,ARM2_GRIP16-H2,ARM2_GRIP16,H2,gripper,gripper_state_switch_probability,450,30,-0.0008290386099174244,0.0,-0.0049328579444336655,0.0034306036568433995
