family,contrast,group,metric,task,mean_paired_difference
confirmation,Fresh-A20G0,translation,d1_mean,libero_10:task0,-0.004721245657416248
confirmation,Fresh-A20G0,translation,d1_mean,libero_10:task2,0.0019572177029818735
confirmation,Fresh-A20G0,translation,d1_mean,libero_10:task4,0.004565459707566469
confirmation,Fresh-A20G0,translation,d1_mean,libero_10:task6,0.005028678314055697
confirmation,Fresh-A20G0,translation,d1_mean,libero_10:task7,-0.004605079896641609
confirmation,Fresh-A20G0,translation,d1_mean,libero_goal:task4,0.015806315203032432
confirmation,Fresh-A20G0,translation,d1_mean,libero_goal:task6,0.020939347577853696
confirmation,Fresh-A20G0,translation,d1_mean,libero_goal:task7,0.0002569593981956442
confirmation,Fresh-A20G0,translation,d1_mean,libero_goal:task8,0.009602443044884574
confirmation,Fresh-A20G0,translation,d1_mean,libero_goal:task9,0.0021876428834190454
confirmation,Fresh-A20G0,translation,d1_median,libero_10:task0,-0.0015318583615597807
confirmation,Fresh-A20G0,translation,d1_median,libero_10:task2,0.004099819412473542
confirmation,Fresh-A20G0,translation,d1_median,libero_10:task4,0.004661535921660437
confirmation,Fresh-A20G0,translation,d1_median,libero_10:task6,0.005013627938884735
confirmation,Fresh-A20G0,translation,d1_median,libero_10:task7,-0.0004720305800460399
confirmation,Fresh-A20G0,translation,d1_median,libero_goal:task4,0.017130771296307468
confirmation,Fresh-A20G0,translation,d1_median,libero_goal:task6,0.027530552739420944
confirmation,Fresh-A20G0,translation,d1_median,libero_goal:task7,0.0016590074657575535
confirmation,Fresh-A20G0,translation,d1_median,libero_goal:task8,0.011840654401433863
confirmation,Fresh-A20G0,translation,d1_median,libero_goal:task9,0.004473240457411466
confirmation,Fresh-A20G0,translation,d2_mean,libero_10:task0,-0.006659049596725167
confirmation,Fresh-A20G0,translation,d2_mean,libero_10:task2,-0.002159114931512051
confirmation,Fresh-A20G0,translation,d2_mean,libero_10:task4,0.00186763324673492
confirmation,Fresh-A20G0,translation,d2_mean,libero_10:task6,0.0014622480040587607
confirmation,Fresh-A20G0,translation,d2_mean,libero_10:task7,-0.005616161902322993
confirmation,Fresh-A20G0,translation,d2_mean,libero_goal:task4,0.008864179712264539
confirmation,Fresh-A20G0,translation,d2_mean,libero_goal:task6,0.0056554971236678925
confirmation,Fresh-A20G0,translation,d2_mean,libero_goal:task7,-0.003949935581588208
confirmation,Fresh-A20G0,translation,d2_mean,libero_goal:task8,-0.0009565328961887587
confirmation,Fresh-A20G0,translation,d2_mean,libero_goal:task9,0.0011086615496334765
confirmation,Fresh-A20G0,translation,d2_median,libero_10:task0,-0.0020613456913888455
confirmation,Fresh-A20G0,translation,d2_median,libero_10:task2,4.2606807532649594e-05
confirmation,Fresh-A20G0,translation,d2_median,libero_10:task4,0.0016058942305190807
confirmation,Fresh-A20G0,translation,d2_median,libero_10:task6,0.0015471751161553787
confirmation,Fresh-A20G0,translation,d2_median,libero_10:task7,-0.0007501085753291326
confirmation,Fresh-A20G0,translation,d2_median,libero_goal:task4,0.005079468989961184
confirmation,Fresh-A20G0,translation,d2_median,libero_goal:task6,0.006902476315967786
confirmation,Fresh-A20G0,translation,d2_median,libero_goal:task7,0.00010935068793419647
confirmation,Fresh-A20G0,translation,d2_median,libero_goal:task8,-0.00020075606176788108
confirmation,Fresh-A20G0,translation,d2_median,libero_goal:task9,0.0011014037226328773
confirmation,Fresh-A20G0,rotation,d1_mean,libero_10:task0,-0.00018752454274849114
confirmation,Fresh-A20G0,rotation,d1_mean,libero_10:task2,0.000464671503895961
confirmation,Fresh-A20G0,rotation,d1_mean,libero_10:task4,0.0005769447386110789
confirmation,Fresh-A20G0,rotation,d1_mean,libero_10:task6,0.0006758464127370951
confirmation,Fresh-A20G0,rotation,d1_mean,libero_10:task7,-0.00028755645358179925
confirmation,Fresh-A20G0,rotation,d1_mean,libero_goal:task4,0.0015258762426882053
confirmation,Fresh-A20G0,rotation,d1_mean,libero_goal:task6,0.0017952771604947963
confirmation,Fresh-A20G0,rotation,d1_mean,libero_goal:task7,-0.00024629325140780416
confirmation,Fresh-A20G0,rotation,d1_mean,libero_goal:task8,0.0004991992962703334
confirmation,Fresh-A20G0,rotation,d1_mean,libero_goal:task9,0.0007973621882543777
confirmation,Fresh-A20G0,rotation,d1_median,libero_10:task0,-5.578634044362938e-05
confirmation,Fresh-A20G0,rotation,d1_median,libero_10:task2,0.00027462408074917786
confirmation,Fresh-A20G0,rotation,d1_median,libero_10:task4,0.0005747363277655294
confirmation,Fresh-A20G0,rotation,d1_median,libero_10:task6,0.0008398702944982421
confirmation,Fresh-A20G0,rotation,d1_median,libero_10:task7,6.406146201365708e-05
confirmation,Fresh-A20G0,rotation,d1_median,libero_goal:task4,0.0018691487522784365
confirmation,Fresh-A20G0,rotation,d1_median,libero_goal:task6,0.0017661971026870778
confirmation,Fresh-A20G0,rotation,d1_median,libero_goal:task7,0.00020639104912395796
confirmation,Fresh-A20G0,rotation,d1_median,libero_goal:task8,0.0007697426347808955
confirmation,Fresh-A20G0,rotation,d1_median,libero_goal:task9,0.0010169925649981585
confirmation,Fresh-A20G0,rotation,d2_mean,libero_10:task0,-0.00031871315807849304
confirmation,Fresh-A20G0,rotation,d2_mean,libero_10:task2,-0.0001808892186699001
confirmation,Fresh-A20G0,rotation,d2_mean,libero_10:task4,0.0003834042562706161
confirmation,Fresh-A20G0,rotation,d2_mean,libero_10:task6,0.000476562194692945
confirmation,Fresh-A20G0,rotation,d2_mean,libero_10:task7,-0.0003908192143891573
confirmation,Fresh-A20G0,rotation,d2_mean,libero_goal:task4,0.0009963965398522053
confirmation,Fresh-A20G0,rotation,d2_mean,libero_goal:task6,0.000626469512477632
confirmation,Fresh-A20G0,rotation,d2_mean,libero_goal:task7,-0.00032769366516594717
confirmation,Fresh-A20G0,rotation,d2_mean,libero_goal:task8,-0.0001402773313594827
confirmation,Fresh-A20G0,rotation,d2_mean,libero_goal:task9,0.00011893071738878938
confirmation,Fresh-A20G0,rotation,d2_median,libero_10:task0,-0.00010655298509077934
confirmation,Fresh-A20G0,rotation,d2_median,libero_10:task2,-1.803955756045186e-05
confirmation,Fresh-A20G0,rotation,d2_median,libero_10:task4,0.0002774932901281717
confirmation,Fresh-A20G0,rotation,d2_median,libero_10:task6,0.0004549341306290161
confirmation,Fresh-A20G0,rotation,d2_median,libero_10:task7,0.0001246939220595645
confirmation,Fresh-A20G0,rotation,d2_median,libero_goal:task4,0.0009364640544682862
confirmation,Fresh-A20G0,rotation,d2_median,libero_goal:task6,0.00057418152805519
confirmation,Fresh-A20G0,rotation,d2_median,libero_goal:task7,-0.00010089148824006334
confirmation,Fresh-A20G0,rotation,d2_median,libero_goal:task8,-0.00012232359357275974
confirmation,Fresh-A20G0,rotation,d2_median,libero_goal:task9,-0.00015722604057529633
confirmation,Fresh-A20G0,gripper,d1_mean,libero_10:task0,0.011020217878976096
confirmation,Fresh-A20G0,gripper,d1_mean,libero_10:task2,-0.0012368941438875936
confirmation,Fresh-A20G0,gripper,d1_mean,libero_10:task4,0.021225149766468325
confirmation,Fresh-A20G0,gripper,d1_mean,libero_10:task6,0.011147417737380283
confirmation,Fresh-A20G0,gripper,d1_mean,libero_10:task7,0.013096024306813758
confirmation,Fresh-A20G0,gripper,d1_mean,libero_goal:task4,0.014418102824276422
confirmation,Fresh-A20G0,gripper,d1_mean,libero_goal:task6,0.025623142283891568
confirmation,Fresh-A20G0,gripper,d1_mean,libero_goal:task7,-0.00033592284691089547
confirmation,Fresh-A20G0,gripper,d1_mean,libero_goal:task8,-0.0022915366953596486
confirmation,Fresh-A20G0,gripper,d1_mean,libero_goal:task9,-0.006077366158722809
confirmation,Fresh-A20G0,gripper,d1_median,libero_10:task0,0.001019235168184553
confirmation,Fresh-A20G0,gripper,d1_median,libero_10:task2,-0.0016397791249411447
confirmation,Fresh-A20G0,gripper,d1_median,libero_10:task4,-0.0007370497499193464
confirmation,Fresh-A20G0,gripper,d1_median,libero_10:task6,0.0012353062629699707
confirmation,Fresh-A20G0,gripper,d1_median,libero_10:task7,0.0011067901338849748
confirmation,Fresh-A20G0,gripper,d1_median,libero_goal:task4,0.0010995524270193918
confirmation,Fresh-A20G0,gripper,d1_median,libero_goal:task6,0.0011574455669948033
confirmation,Fresh-A20G0,gripper,d1_median,libero_goal:task7,-0.0009671364511762347
confirmation,Fresh-A20G0,gripper,d1_median,libero_goal:task8,-0.0015789398125239781
confirmation,Fresh-A20G0,gripper,d1_median,libero_goal:task9,-0.0058155182216848645
confirmation,Fresh-A20G0,gripper,d2_mean,libero_10:task0,0.013029675746085049
confirmation,Fresh-A20G0,gripper,d2_mean,libero_10:task2,-0.007134751388598216
confirmation,Fresh-A20G0,gripper,d2_mean,libero_10:task4,0.03322900070458447
confirmation,Fresh-A20G0,gripper,d2_mean,libero_10:task6,0.014944187141527083
confirmation,Fresh-A20G0,gripper,d2_mean,libero_10:task7,0.018873225849406188
confirmation,Fresh-A20G0,gripper,d2_mean,libero_goal:task4,0.018306208562235367
confirmation,Fresh-A20G0,gripper,d2_mean,libero_goal:task6,0.03558027446437612
confirmation,Fresh-A20G0,gripper,d2_mean,libero_goal:task7,-2.0567903481274524e-05
confirmation,Fresh-A20G0,gripper,d2_mean,libero_goal:task8,-0.007227559278891753
confirmation,Fresh-A20G0,gripper,d2_mean,libero_goal:task9,-0.013563263832549634
confirmation,Fresh-A20G0,gripper,d2_median,libero_10:task0,0.0015444414956229074
confirmation,Fresh-A20G0,gripper,d2_median,libero_10:task2,-0.002606657998902457
confirmation,Fresh-A20G0,gripper,d2_median,libero_10:task4,-0.0011829119175672531
confirmation,Fresh-A20G0,gripper,d2_median,libero_10:task6,0.0011787393263408116
confirmation,Fresh-A20G0,gripper,d2_median,libero_10:task7,0.001470746738570077
confirmation,Fresh-A20G0,gripper,d2_median,libero_goal:task4,0.001456690686089652
confirmation,Fresh-A20G0,gripper,d2_median,libero_goal:task6,-0.00014611865792955671
confirmation,Fresh-A20G0,gripper,d2_median,libero_goal:task7,-0.0013929094587053572
confirmation,Fresh-A20G0,gripper,d2_median,libero_goal:task8,-0.0030186602047511508
confirmation,Fresh-A20G0,gripper,d2_median,libero_goal:task9,-0.009346349697027887
confirmation,Fresh-A20G0,gripper,gripper_state_switch_probability,libero_10:task0,0.003397470043458082
confirmation,Fresh-A20G0,gripper,gripper_state_switch_probability,libero_10:task2,0.0025626426836375077
confirmation,Fresh-A20G0,gripper,gripper_state_switch_probability,libero_10:task4,0.009636610495948533
confirmation,Fresh-A20G0,gripper,gripper_state_switch_probability,libero_10:task6,0.0047599975312971965
confirmation,Fresh-A20G0,gripper,gripper_state_switch_probability,libero_10:task7,0.006215301040254689
confirmation,Fresh-A20G0,gripper,gripper_state_switch_probability,libero_goal:task4,0.0054708951119702195
confirmation,Fresh-A20G0,gripper,gripper_state_switch_probability,libero_goal:task6,0.009865137669792686
confirmation,Fresh-A20G0,gripper,gripper_state_switch_probability,libero_goal:task7,0.0008095099605858221
confirmation,Fresh-A20G0,gripper,gripper_state_switch_probability,libero_goal:task8,0.0006699165072630289
confirmation,Fresh-A20G0,gripper,gripper_state_switch_probability,libero_goal:task9,-0.008171236137058384
confirmation,Fresh-coherent_H16,translation,d1_mean,libero_10:task0,-0.019458310719627305
confirmation,Fresh-coherent_H16,translation,d1_mean,libero_10:task2,-0.005890518702432036
confirmation,Fresh-coherent_H16,translation,d1_mean,libero_10:task4,-0.014535286104306674
confirmation,Fresh-coherent_H16,translation,d1_mean,libero_10:task6,-0.00721792246941997
confirmation,Fresh-coherent_H16,translation,d1_mean,libero_10:task7,-0.023139253424558574
confirmation,Fresh-coherent_H16,translation,d1_mean,libero_goal:task4,0.000722155908015121
confirmation,Fresh-coherent_H16,translation,d1_mean,libero_goal:task6,-0.009200956053309966
confirmation,Fresh-coherent_H16,translation,d1_mean,libero_goal:task7,-0.0012155550316922269
confirmation,Fresh-coherent_H16,translation,d1_mean,libero_goal:task8,-0.004432630646461687
confirmation,Fresh-coherent_H16,translation,d1_mean,libero_goal:task9,-0.007320069418130002
confirmation,Fresh-coherent_H16,translation,d1_median,libero_10:task0,-0.015011520653507499
confirmation,Fresh-coherent_H16,translation,d1_median,libero_10:task2,-0.0045207043137582646
confirmation,Fresh-coherent_H16,translation,d1_median,libero_10:task4,-0.01417936273789285
confirmation,Fresh-coherent_H16,translation,d1_median,libero_10:task6,-0.005858502971706775
confirmation,Fresh-coherent_H16,translation,d1_median,libero_10:task7,-0.016264377232429416
confirmation,Fresh-coherent_H16,translation,d1_median,libero_goal:task4,0.00264582362824857
confirmation,Fresh-coherent_H16,translation,d1_median,libero_goal:task6,-0.0041469303592363334
confirmation,Fresh-coherent_H16,translation,d1_median,libero_goal:task7,0.0012023226520911472
confirmation,Fresh-coherent_H16,translation,d1_median,libero_goal:task8,-0.005147487835752261
confirmation,Fresh-coherent_H16,translation,d1_median,libero_goal:task9,-0.0053221657341587245
confirmation,Fresh-coherent_H16,translation,d2_mean,libero_10:task0,-0.017303897436919343
confirmation,Fresh-coherent_H16,translation,d2_mean,libero_10:task2,-0.0005731630150886319
confirmation,Fresh-coherent_H16,translation,d2_mean,libero_10:task4,-0.007343929858874298
confirmation,Fresh-coherent_H16,translation,d2_mean,libero_10:task6,-0.0058099822750841
confirmation,Fresh-coherent_H16,translation,d2_mean,libero_10:task7,-0.018565583679342162
confirmation,Fresh-coherent_H16,translation,d2_mean,libero_goal:task4,-0.0023293977141789807
confirmation,Fresh-coherent_H16,translation,d2_mean,libero_goal:task6,-0.010823106836251829
confirmation,Fresh-coherent_H16,translation,d2_mean,libero_goal:task7,-0.002113252187655698
confirmation,Fresh-coherent_H16,translation,d2_mean,libero_goal:task8,-0.0011219640084253837
confirmation,Fresh-coherent_H16,translation,d2_mean,libero_goal:task9,-0.005647970542906054
confirmation,Fresh-coherent_H16,translation,d2_median,libero_10:task0,-0.004526880961869326
confirmation,Fresh-coherent_H16,translation,d2_median,libero_10:task2,0.003659742563142783
confirmation,Fresh-coherent_H16,translation,d2_median,libero_10:task4,-0.0019182033973581586
confirmation,Fresh-coherent_H16,translation,d2_median,libero_10:task6,0.0008612209716741551
confirmation,Fresh-coherent_H16,translation,d2_median,libero_10:task7,-0.0039990776230362955
confirmation,Fresh-coherent_H16,translation,d2_median,libero_goal:task4,0.0020725527006479733
confirmation,Fresh-coherent_H16,translation,d2_median,libero_goal:task6,0.0019270328436717242
confirmation,Fresh-coherent_H16,translation,d2_median,libero_goal:task7,-0.0009484813233881583
confirmation,Fresh-coherent_H16,translation,d2_median,libero_goal:task8,0.001125370738600178
confirmation,Fresh-coherent_H16,translation,d2_median,libero_goal:task9,-0.001497946554209619
confirmation,Fresh-coherent_H16,rotation,d1_mean,libero_10:task0,-0.0016511085961629002
confirmation,Fresh-coherent_H16,rotation,d1_mean,libero_10:task2,-0.0012191084581062342
confirmation,Fresh-coherent_H16,rotation,d1_mean,libero_10:task4,-0.0014334440276709273
confirmation,Fresh-coherent_H16,rotation,d1_mean,libero_10:task6,-0.0007467669505820588
confirmation,Fresh-coherent_H16,rotation,d1_mean,libero_10:task7,-0.0026074699100691024
confirmation,Fresh-coherent_H16,rotation,d1_mean,libero_goal:task4,-9.951582366123115e-05
confirmation,Fresh-coherent_H16,rotation,d1_mean,libero_goal:task6,-0.0008219602082100056
confirmation,Fresh-coherent_H16,rotation,d1_mean,libero_goal:task7,-0.000644235854113575
confirmation,Fresh-coherent_H16,rotation,d1_mean,libero_goal:task8,-0.0003563968755047378
confirmation,Fresh-coherent_H16,rotation,d1_mean,libero_goal:task9,-0.0020564522178688036
confirmation,Fresh-coherent_H16,rotation,d1_median,libero_10:task0,-0.0012158594927375403
confirmation,Fresh-coherent_H16,rotation,d1_median,libero_10:task2,-0.0006180066952391624
confirmation,Fresh-coherent_H16,rotation,d1_median,libero_10:task4,-0.001234006642754812
confirmation,Fresh-coherent_H16,rotation,d1_median,libero_10:task6,-0.00031430170377449025
confirmation,Fresh-coherent_H16,rotation,d1_median,libero_10:task7,-0.001971285613868002
confirmation,Fresh-coherent_H16,rotation,d1_median,libero_goal:task4,0.0001020299166308669
confirmation,Fresh-coherent_H16,rotation,d1_median,libero_goal:task6,-0.0007960380823833994
confirmation,Fresh-coherent_H16,rotation,d1_median,libero_goal:task7,-0.0002571729220199713
confirmation,Fresh-coherent_H16,rotation,d1_median,libero_goal:task8,-0.00034635265383221533
confirmation,Fresh-coherent_H16,rotation,d1_median,libero_goal:task9,-0.001987997913921426
confirmation,Fresh-coherent_H16,rotation,d2_mean,libero_10:task0,-0.0014526214517588869
confirmation,Fresh-coherent_H16,rotation,d2_mean,libero_10:task2,-0.00041738490909386
confirmation,Fresh-coherent_H16,rotation,d2_mean,libero_10:task4,-0.0008324517570980593
confirmation,Fresh-coherent_H16,rotation,d2_mean,libero_10:task6,-0.00032425213286264805
confirmation,Fresh-coherent_H16,rotation,d2_mean,libero_10:task7,-0.0020943972685067
confirmation,Fresh-coherent_H16,rotation,d2_mean,libero_goal:task4,-0.0002053912339597481
confirmation,Fresh-coherent_H16,rotation,d2_mean,libero_goal:task6,-0.0007099932343789475
confirmation,Fresh-coherent_H16,rotation,d2_mean,libero_goal:task7,-0.0004226196656853415
confirmation,Fresh-coherent_H16,rotation,d2_mean,libero_goal:task8,-0.0001305260917461517
confirmation,Fresh-coherent_H16,rotation,d2_mean,libero_goal:task9,-0.001814865923622248
confirmation,Fresh-coherent_H16,rotation,d2_median,libero_10:task0,-0.00043579367265994166
confirmation,Fresh-coherent_H16,rotation,d2_median,libero_10:task2,0.000984969521659807
confirmation,Fresh-coherent_H16,rotation,d2_median,libero_10:task4,2.7892701244089136e-05
confirmation,Fresh-coherent_H16,rotation,d2_median,libero_10:task6,0.0007722262214327651
confirmation,Fresh-coherent_H16,rotation,d2_median,libero_10:task7,-0.00035627274817128126
confirmation,Fresh-coherent_H16,rotation,d2_median,libero_goal:task4,0.0004562134189000556
confirmation,Fresh-coherent_H16,rotation,d2_median,libero_goal:task6,2.974213757556676e-05
confirmation,Fresh-coherent_H16,rotation,d2_median,libero_goal:task7,-0.0002697909142759136
confirmation,Fresh-coherent_H16,rotation,d2_median,libero_goal:task8,0.00021317602473881232
confirmation,Fresh-coherent_H16,rotation,d2_median,libero_goal:task9,-0.0005588915707451169
confirmation,Fresh-coherent_H16,gripper,d1_mean,libero_10:task0,-0.09101516355106462
confirmation,Fresh-coherent_H16,gripper,d1_mean,libero_10:task2,-0.011570310602800131
confirmation,Fresh-coherent_H16,gripper,d1_mean,libero_10:task4,-0.007381000261853092
confirmation,Fresh-coherent_H16,gripper,d1_mean,libero_10:task6,-0.048815282455962894
confirmation,Fresh-coherent_H16,gripper,d1_mean,libero_10:task7,-0.0941466916189643
confirmation,Fresh-coherent_H16,gripper,d1_mean,libero_goal:task4,-0.02105592466362504
confirmation,Fresh-coherent_H16,gripper,d1_mean,libero_goal:task6,-0.017616107996083697
confirmation,Fresh-coherent_H16,gripper,d1_mean,libero_goal:task7,-0.004439994491363086
confirmation,Fresh-coherent_H16,gripper,d1_mean,libero_goal:task8,2.150964460384789e-05
confirmation,Fresh-coherent_H16,gripper,d1_mean,libero_goal:task9,-0.015741320826422756
confirmation,Fresh-coherent_H16,gripper,d1_median,libero_10:task0,-0.002986703600202288
confirmation,Fresh-coherent_H16,gripper,d1_median,libero_10:task2,-0.00016705478940691267
confirmation,Fresh-coherent_H16,gripper,d1_median,libero_10:task4,-0.0006165504455566406
confirmation,Fresh-coherent_H16,gripper,d1_median,libero_10:task6,-0.00016970719609941755
confirmation,Fresh-coherent_H16,gripper,d1_median,libero_10:task7,-0.0010138750076293945
confirmation,Fresh-coherent_H16,gripper,d1_median,libero_goal:task4,-0.0015833888735089982
confirmation,Fresh-coherent_H16,gripper,d1_median,libero_goal:task6,-0.003990558641297477
confirmation,Fresh-coherent_H16,gripper,d1_median,libero_goal:task7,0.00016267810549054827
confirmation,Fresh-coherent_H16,gripper,d1_median,libero_goal:task8,-0.0008839496544429234
confirmation,Fresh-coherent_H16,gripper,d1_median,libero_goal:task9,-0.0028879429612840924
confirmation,Fresh-coherent_H16,gripper,d2_mean,libero_10:task0,-0.13059848683821326
confirmation,Fresh-coherent_H16,gripper,d2_mean,libero_10:task2,-0.015457725124262826
confirmation,Fresh-coherent_H16,gripper,d2_mean,libero_10:task4,-0.008850885016172589
confirmation,Fresh-coherent_H16,gripper,d2_mean,libero_10:task6,-0.06614484320077349
confirmation,Fresh-coherent_H16,gripper,d2_mean,libero_10:task7,-0.14425941183074412
confirmation,Fresh-coherent_H16,gripper,d2_mean,libero_goal:task4,-0.039006398217729485
confirmation,Fresh-coherent_H16,gripper,d2_mean,libero_goal:task6,-0.035377296706036766
confirmation,Fresh-coherent_H16,gripper,d2_mean,libero_goal:task7,-0.018470602006134092
confirmation,Fresh-coherent_H16,gripper,d2_mean,libero_goal:task8,-0.012363956971730107
confirmation,Fresh-coherent_H16,gripper,d2_mean,libero_goal:task9,-0.02094886761678977
confirmation,Fresh-coherent_H16,gripper,d2_median,libero_10:task0,-0.0049436262675694054
confirmation,Fresh-coherent_H16,gripper,d2_median,libero_10:task2,0.0002754735095160348
confirmation,Fresh-coherent_H16,gripper,d2_median,libero_10:task4,-3.2844554100717816e-05
confirmation,Fresh-coherent_H16,gripper,d2_median,libero_10:task6,0.0002726848636354719
confirmation,Fresh-coherent_H16,gripper,d2_median,libero_10:task7,0.00022757904870169505
confirmation,Fresh-coherent_H16,gripper,d2_median,libero_goal:task4,-0.0018332621880940028
confirmation,Fresh-coherent_H16,gripper,d2_median,libero_goal:task6,-0.006971420454127448
confirmation,Fresh-coherent_H16,gripper,d2_median,libero_goal:task7,-0.0006843443427767072
confirmation,Fresh-coherent_H16,gripper,d2_median,libero_goal:task8,-0.00046778576714651924
confirmation,Fresh-coherent_H16,gripper,d2_median,libero_goal:task9,-0.004462253834520068
confirmation,Fresh-coherent_H16,gripper,gripper_state_switch_probability,libero_10:task0,-0.04878666149494498
confirmation,Fresh-coherent_H16,gripper,gripper_state_switch_probability,libero_10:task2,-0.004425628991732712
confirmation,Fresh-coherent_H16,gripper,gripper_state_switch_probability,libero_10:task4,-0.004870152176554072
confirmation,Fresh-coherent_H16,gripper,gripper_state_switch_probability,libero_10:task6,-0.027417830066307356
confirmation,Fresh-coherent_H16,gripper,gripper_state_switch_probability,libero_10:task7,-0.04537732798201773
confirmation,Fresh-coherent_H16,gripper,gripper_state_switch_probability,libero_goal:task4,-0.010953310609423719
confirmation,Fresh-coherent_H16,gripper,gripper_state_switch_probability,libero_goal:task6,-0.009663257587421092
confirmation,Fresh-coherent_H16,gripper,gripper_state_switch_probability,libero_goal:task7,-0.002107950517580509
confirmation,Fresh-coherent_H16,gripper,gripper_state_switch_probability,libero_goal:task8,0.0007684595499126301
confirmation,Fresh-coherent_H16,gripper,gripper_state_switch_probability,libero_goal:task9,-0.0060704731542682066
confirmation,A20G0-coherent_H16,translation,d1_mean,libero_10:task0,-0.014737065062211055
confirmation,A20G0-coherent_H16,translation,d1_mean,libero_10:task2,-0.00784773640541391
confirmation,A20G0-coherent_H16,translation,d1_mean,libero_10:task4,-0.019100745811873147
confirmation,A20G0-coherent_H16,translation,d1_mean,libero_10:task6,-0.012246600783475666
confirmation,A20G0-coherent_H16,translation,d1_mean,libero_10:task7,-0.018534173527916965
confirmation,A20G0-coherent_H16,translation,d1_mean,libero_goal:task4,-0.015084159295017314
confirmation,A20G0-coherent_H16,translation,d1_mean,libero_goal:task6,-0.03014030363116366
confirmation,A20G0-coherent_H16,translation,d1_mean,libero_goal:task7,-0.001472514429887871
confirmation,A20G0-coherent_H16,translation,d1_mean,libero_goal:task8,-0.014035073691346264
confirmation,A20G0-coherent_H16,translation,d1_mean,libero_goal:task9,-0.009507712301549048
confirmation,A20G0-coherent_H16,translation,d1_median,libero_10:task0,-0.01347966229194772
confirmation,A20G0-coherent_H16,translation,d1_median,libero_10:task2,-0.008620523726231807
confirmation,A20G0-coherent_H16,translation,d1_median,libero_10:task4,-0.01884089865955329
confirmation,A20G0-coherent_H16,translation,d1_median,libero_10:task6,-0.01087213091059151
confirmation,A20G0-coherent_H16,translation,d1_median,libero_10:task7,-0.015792346652383372
confirmation,A20G0-coherent_H16,translation,d1_median,libero_goal:task4,-0.014484947668058896
confirmation,A20G0-coherent_H16,translation,d1_median,libero_goal:task6,-0.031677483098657276
confirmation,A20G0-coherent_H16,translation,d1_median,libero_goal:task7,-0.00045668481366640645
confirmation,A20G0-coherent_H16,translation,d1_median,libero_goal:task8,-0.01698814223718612
confirmation,A20G0-coherent_H16,translation,d1_median,libero_goal:task9,-0.009795406191570192
confirmation,A20G0-coherent_H16,translation,d2_mean,libero_10:task0,-0.010644847840194172
confirmation,A20G0-coherent_H16,translation,d2_mean,libero_10:task2,0.00158595191642342
confirmation,A20G0-coherent_H16,translation,d2_mean,libero_10:task4,-0.009211563105609218
confirmation,A20G0-coherent_H16,translation,d2_mean,libero_10:task6,-0.00727223027914286
confirmation,A20G0-coherent_H16,translation,d2_mean,libero_10:task7,-0.01294942177701917
confirmation,A20G0-coherent_H16,translation,d2_mean,libero_goal:task4,-0.01119357742644352
confirmation,A20G0-coherent_H16,translation,d2_mean,libero_goal:task6,-0.016478603959919718
confirmation,A20G0-coherent_H16,translation,d2_mean,libero_goal:task7,0.0018366833939325092
confirmation,A20G0-coherent_H16,translation,d2_mean,libero_goal:task8,-0.00016543111223662536
confirmation,A20G0-coherent_H16,translation,d2_mean,libero_goal:task9,-0.00675663209253953
confirmation,A20G0-coherent_H16,translation,d2_median,libero_10:task0,-0.0024655352704804805
confirmation,A20G0-coherent_H16,translation,d2_median,libero_10:task2,0.0036171357556101327
confirmation,A20G0-coherent_H16,translation,d2_median,libero_10:task4,-0.003524097627877239
confirmation,A20G0-coherent_H16,translation,d2_median,libero_10:task6,-0.0006859541444812237
confirmation,A20G0-coherent_H16,translation,d2_median,libero_10:task7,-0.003248969047707163
confirmation,A20G0-coherent_H16,translation,d2_median,libero_goal:task4,-0.0030069162893132106
confirmation,A20G0-coherent_H16,translation,d2_median,libero_goal:task6,-0.004975443472296062
confirmation,A20G0-coherent_H16,translation,d2_median,libero_goal:task7,-0.0010578320113223548
confirmation,A20G0-coherent_H16,translation,d2_median,libero_goal:task8,0.0013261268003680591
confirmation,A20G0-coherent_H16,translation,d2_median,libero_goal:task9,-0.002599350276842496
confirmation,A20G0-coherent_H16,rotation,d1_mean,libero_10:task0,-0.001463584053414409
confirmation,A20G0-coherent_H16,rotation,d1_mean,libero_10:task2,-0.0016837799620021958
confirmation,A20G0-coherent_H16,rotation,d1_mean,libero_10:task4,-0.002010388766282006
confirmation,A20G0-coherent_H16,rotation,d1_mean,libero_10:task6,-0.001422613363319154
confirmation,A20G0-coherent_H16,rotation,d1_mean,libero_10:task7,-0.0023199134564873035
confirmation,A20G0-coherent_H16,rotation,d1_mean,libero_goal:task4,-0.0016253920663494362
confirmation,A20G0-coherent_H16,rotation,d1_mean,libero_goal:task6,-0.002617237368704801
confirmation,A20G0-coherent_H16,rotation,d1_mean,libero_goal:task7,-0.00039794260270577085
confirmation,A20G0-coherent_H16,rotation,d1_mean,libero_goal:task8,-0.0008555961717750712
confirmation,A20G0-coherent_H16,rotation,d1_mean,libero_goal:task9,-0.0028538144061231807
confirmation,A20G0-coherent_H16,rotation,d1_median,libero_10:task0,-0.0011600731522939112
confirmation,A20G0-coherent_H16,rotation,d1_median,libero_10:task2,-0.0008926307759883405
confirmation,A20G0-coherent_H16,rotation,d1_median,libero_10:task4,-0.0018087429705203417
confirmation,A20G0-coherent_H16,rotation,d1_median,libero_10:task6,-0.0011541719982727323
confirmation,A20G0-coherent_H16,rotation,d1_median,libero_10:task7,-0.0020353470758816597
confirmation,A20G0-coherent_H16,rotation,d1_median,libero_goal:task4,-0.0017671188356475696
confirmation,A20G0-coherent_H16,rotation,d1_median,libero_goal:task6,-0.002562235185070477
confirmation,A20G0-coherent_H16,rotation,d1_median,libero_goal:task7,-0.00046356397114392933
confirmation,A20G0-coherent_H16,rotation,d1_median,libero_goal:task8,-0.0011160952886131107
confirmation,A20G0-coherent_H16,rotation,d1_median,libero_goal:task9,-0.0030049904789195845
confirmation,A20G0-coherent_H16,rotation,d2_mean,libero_10:task0,-0.0011339082936803935
confirmation,A20G0-coherent_H16,rotation,d2_mean,libero_10:task2,-0.0002364956904239599
confirmation,A20G0-coherent_H16,rotation,d2_mean,libero_10:task4,-0.0012158560133686753
confirmation,A20G0-coherent_H16,rotation,d2_mean,libero_10:task6,-0.0008008143275555931
confirmation,A20G0-coherent_H16,rotation,d2_mean,libero_10:task7,-0.0017035780541175426
confirmation,A20G0-coherent_H16,rotation,d2_mean,libero_goal:task4,-0.0012017877738119535
confirmation,A20G0-coherent_H16,rotation,d2_mean,libero_goal:task6,-0.0013364627468565795
confirmation,A20G0-coherent_H16,rotation,d2_mean,libero_goal:task7,-9.492600051939425e-05
confirmation,A20G0-coherent_H16,rotation,d2_mean,libero_goal:task8,9.751239613331e-06
confirmation,A20G0-coherent_H16,rotation,d2_mean,libero_goal:task9,-0.0019337966410110372
confirmation,A20G0-coherent_H16,rotation,d2_median,libero_10:task0,-0.0003292406875691623
confirmation,A20G0-coherent_H16,rotation,d2_median,libero_10:task2,0.001003009079220259
confirmation,A20G0-coherent_H16,rotation,d2_median,libero_10:task4,-0.00024960058888408255
confirmation,A20G0-coherent_H16,rotation,d2_median,libero_10:task6,0.000317292090803749
confirmation,A20G0-coherent_H16,rotation,d2_median,libero_10:task7,-0.00048096667023084575
confirmation,A20G0-coherent_H16,rotation,d2_median,libero_goal:task4,-0.00048025063556823063
confirmation,A20G0-coherent_H16,rotation,d2_median,libero_goal:task6,-0.0005444393904796232
confirmation,A20G0-coherent_H16,rotation,d2_median,libero_goal:task7,-0.00016889942603585026
confirmation,A20G0-coherent_H16,rotation,d2_median,libero_goal:task8,0.00033549961831157203
confirmation,A20G0-coherent_H16,rotation,d2_median,libero_goal:task9,-0.00040166553016982075
confirmation,A20G0-coherent_H16,gripper,d1_mean,libero_10:task0,-0.10203538143004069
confirmation,A20G0-coherent_H16,gripper,d1_mean,libero_10:task2,-0.01033341645891254
confirmation,A20G0-coherent_H16,gripper,d1_mean,libero_10:task4,-0.028606150028321425
confirmation,A20G0-coherent_H16,gripper,d1_mean,libero_10:task6,-0.05996270019334319
confirmation,A20G0-coherent_H16,gripper,d1_mean,libero_10:task7,-0.10724271592577805
confirmation,A20G0-coherent_H16,gripper,d1_mean,libero_goal:task4,-0.03547402748790146
confirmation,A20G0-coherent_H16,gripper,d1_mean,libero_goal:task6,-0.043239250279975265
confirmation,A20G0-coherent_H16,gripper,d1_mean,libero_goal:task7,-0.0041040716444521895
confirmation,A20G0-coherent_H16,gripper,d1_mean,libero_goal:task8,0.002313046339963496
confirmation,A20G0-coherent_H16,gripper,d1_mean,libero_goal:task9,-0.009663954667699945
confirmation,A20G0-coherent_H16,gripper,d1_median,libero_10:task0,-0.004005938768386841
confirmation,A20G0-coherent_H16,gripper,d1_median,libero_10:task2,0.001472724335534232
confirmation,A20G0-coherent_H16,gripper,d1_median,libero_10:task4,0.00012049930436270577
confirmation,A20G0-coherent_H16,gripper,d1_median,libero_10:task6,-0.0014050134590693883
confirmation,A20G0-coherent_H16,gripper,d1_median,libero_10:task7,-0.0021206651415143695
confirmation,A20G0-coherent_H16,gripper,d1_median,libero_goal:task4,-0.0026829413005283903
confirmation,A20G0-coherent_H16,gripper,d1_median,libero_goal:task6,-0.0051480042082922796
confirmation,A20G0-coherent_H16,gripper,d1_median,libero_goal:task7,0.001129814556666783
confirmation,A20G0-coherent_H16,gripper,d1_median,libero_goal:task8,0.0006949901580810547
confirmation,A20G0-coherent_H16,gripper,d1_median,libero_goal:task9,0.002927575260400772
confirmation,A20G0-coherent_H16,gripper,d2_mean,libero_10:task0,-0.14362816258429834
confirmation,A20G0-coherent_H16,gripper,d2_mean,libero_10:task2,-0.00832297373566461
confirmation,A20G0-coherent_H16,gripper,d2_mean,libero_10:task4,-0.04207988572075706
confirmation,A20G0-coherent_H16,gripper,d2_mean,libero_10:task6,-0.08108903034230057
confirmation,A20G0-coherent_H16,gripper,d2_mean,libero_10:task7,-0.16313263768015032
confirmation,A20G0-coherent_H16,gripper,d2_mean,libero_goal:task4,-0.057312606779964845
confirmation,A20G0-coherent_H16,gripper,d2_mean,libero_goal:task6,-0.07095757117041288
confirmation,A20G0-coherent_H16,gripper,d2_mean,libero_goal:task7,-0.018450034102652817
confirmation,A20G0-coherent_H16,gripper,d2_mean,libero_goal:task8,-0.005136397692838355
confirmation,A20G0-coherent_H16,gripper,d2_mean,libero_goal:task9,-0.007385603784240135
confirmation,A20G0-coherent_H16,gripper,d2_median,libero_10:task0,-0.006488067763192313
confirmation,A20G0-coherent_H16,gripper,d2_median,libero_10:task2,0.002882131508418492
confirmation,A20G0-coherent_H16,gripper,d2_median,libero_10:task4,0.0011500673634665354
confirmation,A20G0-coherent_H16,gripper,d2_median,libero_10:task6,-0.0009060544627053398
confirmation,A20G0-coherent_H16,gripper,d2_median,libero_10:task7,-0.0012431676898683821
confirmation,A20G0-coherent_H16,gripper,d2_median,libero_goal:task4,-0.003289952874183655
confirmation,A20G0-coherent_H16,gripper,d2_median,libero_goal:task6,-0.006825301796197891
confirmation,A20G0-coherent_H16,gripper,d2_median,libero_goal:task7,0.0007085651159286499
confirmation,A20G0-coherent_H16,gripper,d2_median,libero_goal:task8,0.0025508744376046316
confirmation,A20G0-coherent_H16,gripper,d2_median,libero_goal:task9,0.00488409586250782
confirmation,A20G0-coherent_H16,gripper,gripper_state_switch_probability,libero_10:task0,-0.05218413153840306
confirmation,A20G0-coherent_H16,gripper,gripper_state_switch_probability,libero_10:task2,-0.006988271675370218
confirmation,A20G0-coherent_H16,gripper,gripper_state_switch_probability,libero_10:task4,-0.014506762672502603
confirmation,A20G0-coherent_H16,gripper,gripper_state_switch_probability,libero_10:task6,-0.03217782759760455
confirmation,A20G0-coherent_H16,gripper,gripper_state_switch_probability,libero_10:task7,-0.051592629022272414
confirmation,A20G0-coherent_H16,gripper,gripper_state_switch_probability,libero_goal:task4,-0.01642420572139394
confirmation,A20G0-coherent_H16,gripper,gripper_state_switch_probability,libero_goal:task6,-0.01952839525721378
confirmation,A20G0-coherent_H16,gripper,gripper_state_switch_probability,libero_goal:task7,-0.00291746047816633
confirmation,A20G0-coherent_H16,gripper,gripper_state_switch_probability,libero_goal:task8,9.854304264960128e-05
confirmation,A20G0-coherent_H16,gripper,gripper_state_switch_probability,libero_goal:task9,0.0021007629827901756
track_a,ARM4_GRIP32-H4,translation,d1_mean,libero_10:task0,0.0030458603249386078
track_a,ARM4_GRIP32-H4,translation,d1_mean,libero_10:task1,0.011212107671779903
track_a,ARM4_GRIP32-H4,translation,d1_mean,libero_10:task2,0.0025318379735208237
track_a,ARM4_GRIP32-H4,translation,d1_mean,libero_10:task3,-0.000458348285436163
track_a,ARM4_GRIP32-H4,translation,d1_mean,libero_10:task4,-0.0005270631583566352
track_a,ARM4_GRIP32-H4,translation,d1_mean,libero_10:task5,0.001833963557535204
track_a,ARM4_GRIP32-H4,translation,d1_mean,libero_10:task6,0.0024531852475108973
track_a,ARM4_GRIP32-H4,translation,d1_mean,libero_10:task7,0.00780564241444402
track_a,ARM4_GRIP32-H4,translation,d1_mean,libero_10:task8,0.0022299214795563006
track_a,ARM4_GRIP32-H4,translation,d1_mean,libero_10:task9,-0.0012509459215883302
track_a,ARM4_GRIP32-H4,translation,d1_mean,libero_goal:task0,0.0
track_a,ARM4_GRIP32-H4,translation,d1_mean,libero_goal:task1,-0.00018422080092533367
track_a,ARM4_GRIP32-H4,translation,d1_mean,libero_goal:task2,0.0016521203003517213
track_a,ARM4_GRIP32-H4,translation,d1_mean,libero_goal:task3,-0.0005602064433900211
track_a,ARM4_GRIP32-H4,translation,d1_mean,libero_goal:task4,0.001027223857207514
track_a,ARM4_GRIP32-H4,translation,d1_mean,libero_goal:task5,0.0
track_a,ARM4_GRIP32-H4,translation,d1_mean,libero_goal:task6,-0.0005034049390466651
track_a,ARM4_GRIP32-H4,translation,d1_mean,libero_goal:task7,-0.0003394848253406559
track_a,ARM4_GRIP32-H4,translation,d1_mean,libero_goal:task8,6.824266784563604e-05
track_a,ARM4_GRIP32-H4,translation,d1_mean,libero_goal:task9,-0.00021172158747904078
track_a,ARM4_GRIP32-H4,translation,d1_mean,libero_spatial:task0,0.00017410929202811936
track_a,ARM4_GRIP32-H4,translation,d1_mean,libero_spatial:task1,-0.0013066757753371256
track_a,ARM4_GRIP32-H4,translation,d1_mean,libero_spatial:task2,-0.0001226513940305915
track_a,ARM4_GRIP32-H4,translation,d1_mean,libero_spatial:task3,-0.0015328578769296872
track_a,ARM4_GRIP32-H4,translation,d1_mean,libero_spatial:task4,0.0013872249602858054
track_a,ARM4_GRIP32-H4,translation,d1_mean,libero_spatial:task5,0.002629715609671796
track_a,ARM4_GRIP32-H4,translation,d1_mean,libero_spatial:task6,0.0035131314516836844
track_a,ARM4_GRIP32-H4,translation,d1_mean,libero_spatial:task7,0.00028421173903148876
track_a,ARM4_GRIP32-H4,translation,d1_mean,libero_spatial:task8,0.002557545711336866
track_a,ARM4_GRIP32-H4,translation,d1_mean,libero_spatial:task9,-0.00048022141885643713
track_a,ARM4_GRIP32-H4,translation,d1_median,libero_10:task0,0.0017040189401207912
track_a,ARM4_GRIP32-H4,translation,d1_median,libero_10:task1,0.0034243369122207382
track_a,ARM4_GRIP32-H4,translation,d1_median,libero_10:task2,0.0024440540847260506
track_a,ARM4_GRIP32-H4,translation,d1_median,libero_10:task3,-0.0006799599270752601
track_a,ARM4_GRIP32-H4,translation,d1_median,libero_10:task4,-0.0009192143646302079
track_a,ARM4_GRIP32-H4,translation,d1_median,libero_10:task5,0.001054227952177351
track_a,ARM4_GRIP32-H4,translation,d1_median,libero_10:task6,0.0014684358170470515
track_a,ARM4_GRIP32-H4,translation,d1_median,libero_10:task7,0.0036718004309996056
track_a,ARM4_GRIP32-H4,translation,d1_median,libero_10:task8,0.0019790775602144244
track_a,ARM4_GRIP32-H4,translation,d1_median,libero_10:task9,-0.0014714015971520262
track_a,ARM4_GRIP32-H4,translation,d1_median,libero_goal:task0,0.0
track_a,ARM4_GRIP32-H4,translation,d1_median,libero_goal:task1,0.00033775496506596725
track_a,ARM4_GRIP32-H4,translation,d1_median,libero_goal:task2,0.000962421557778075
track_a,ARM4_GRIP32-H4,translation,d1_median,libero_goal:task3,0.00015882689323823418
track_a,ARM4_GRIP32-H4,translation,d1_median,libero_goal:task4,0.0007319502108800534
track_a,ARM4_GRIP32-H4,translation,d1_median,libero_goal:task5,0.0
track_a,ARM4_GRIP32-H4,translation,d1_median,libero_goal:task6,0.000480827503398733
track_a,ARM4_GRIP32-H4,translation,d1_median,libero_goal:task7,-0.0003321455462264524
track_a,ARM4_GRIP32-H4,translation,d1_median,libero_goal:task8,-0.0006201625045970364
track_a,ARM4_GRIP32-H4,translation,d1_median,libero_goal:task9,-0.0006115895564744019
track_a,ARM4_GRIP32-H4,translation,d1_median,libero_spatial:task0,0.00022601784389440955
track_a,ARM4_GRIP32-H4,translation,d1_median,libero_spatial:task1,0.00030590382658071284
track_a,ARM4_GRIP32-H4,translation,d1_median,libero_spatial:task2,1.653074173701835e-05
track_a,ARM4_GRIP32-H4,translation,d1_median,libero_spatial:task3,-0.0006697976857604917
track_a,ARM4_GRIP32-H4,translation,d1_median,libero_spatial:task4,0.0008230800778402903
track_a,ARM4_GRIP32-H4,translation,d1_median,libero_spatial:task5,0.000491507001677316
track_a,ARM4_GRIP32-H4,translation,d1_median,libero_spatial:task6,0.0017142861975726527
track_a,ARM4_GRIP32-H4,translation,d1_median,libero_spatial:task7,0.0009606045422042477
track_a,ARM4_GRIP32-H4,translation,d1_median,libero_spatial:task8,0.0012680909738679844
track_a,ARM4_GRIP32-H4,translation,d1_median,libero_spatial:task9,-0.00019953538609313083
track_a,ARM4_GRIP32-H4,translation,d2_mean,libero_10:task0,-0.0008735811212798435
track_a,ARM4_GRIP32-H4,translation,d2_mean,libero_10:task1,0.0175861548757107
track_a,ARM4_GRIP32-H4,translation,d2_mean,libero_10:task2,0.00014343287640277726
track_a,ARM4_GRIP32-H4,translation,d2_mean,libero_10:task3,-0.001158303190959359
track_a,ARM4_GRIP32-H4,translation,d2_mean,libero_10:task4,-0.0045364633508205
track_a,ARM4_GRIP32-H4,translation,d2_mean,libero_10:task5,0.0025869807742535857
track_a,ARM4_GRIP32-H4,translation,d2_mean,libero_10:task6,0.004354228810766536
track_a,ARM4_GRIP32-H4,translation,d2_mean,libero_10:task7,0.00624134849940554
track_a,ARM4_GRIP32-H4,translation,d2_mean,libero_10:task8,-0.0005454752408621319
track_a,ARM4_GRIP32-H4,translation,d2_mean,libero_10:task9,-0.0066678413295324125
track_a,ARM4_GRIP32-H4,translation,d2_mean,libero_goal:task0,0.0
track_a,ARM4_GRIP32-H4,translation,d2_mean,libero_goal:task1,-0.00032076159573159575
track_a,ARM4_GRIP32-H4,translation,d2_mean,libero_goal:task2,0.0034591440802933587
track_a,ARM4_GRIP32-H4,translation,d2_mean,libero_goal:task3,-0.002001507660262748
track_a,ARM4_GRIP32-H4,translation,d2_mean,libero_goal:task4,0.0026042788675668884
track_a,ARM4_GRIP32-H4,translation,d2_mean,libero_goal:task5,0.0
track_a,ARM4_GRIP32-H4,translation,d2_mean,libero_goal:task6,-0.0021379102677540817
track_a,ARM4_GRIP32-H4,translation,d2_mean,libero_goal:task7,-0.00015267657487650355
track_a,ARM4_GRIP32-H4,translation,d2_mean,libero_goal:task8,0.0007788192685718643
track_a,ARM4_GRIP32-H4,translation,d2_mean,libero_goal:task9,-0.00022245158307131844
track_a,ARM4_GRIP32-H4,translation,d2_mean,libero_spatial:task0,0.00046397382061652835
track_a,ARM4_GRIP32-H4,translation,d2_mean,libero_spatial:task1,-0.002611422630613855
track_a,ARM4_GRIP32-H4,translation,d2_mean,libero_spatial:task2,-0.0006329411472454444
track_a,ARM4_GRIP32-H4,translation,d2_mean,libero_spatial:task3,0.0003533036106376869
track_a,ARM4_GRIP32-H4,translation,d2_mean,libero_spatial:task4,-9.77720394625431e-05
track_a,ARM4_GRIP32-H4,translation,d2_mean,libero_spatial:task5,0.007344223067982416
track_a,ARM4_GRIP32-H4,translation,d2_mean,libero_spatial:task6,0.00782797808943762
track_a,ARM4_GRIP32-H4,translation,d2_mean,libero_spatial:task7,-0.0016055583091439565
track_a,ARM4_GRIP32-H4,translation,d2_mean,libero_spatial:task8,0.004227228476165751
track_a,ARM4_GRIP32-H4,translation,d2_mean,libero_spatial:task9,-0.00014974457715590921
track_a,ARM4_GRIP32-H4,translation,d2_median,libero_10:task0,-0.00048802060072040916
track_a,ARM4_GRIP32-H4,translation,d2_median,libero_10:task1,0.0067160097211510115
track_a,ARM4_GRIP32-H4,translation,d2_median,libero_10:task2,-0.0006373810695391804
track_a,ARM4_GRIP32-H4,translation,d2_median,libero_10:task3,-0.0007224098934204122
track_a,ARM4_GRIP32-H4,translation,d2_median,libero_10:task4,-0.0020647164177763485
track_a,ARM4_GRIP32-H4,translation,d2_median,libero_10:task5,0.0008527039561242584
track_a,ARM4_GRIP32-H4,translation,d2_median,libero_10:task6,0.0019450506249264917
track_a,ARM4_GRIP32-H4,translation,d2_median,libero_10:task7,-2.5875296304761023e-05
track_a,ARM4_GRIP32-H4,translation,d2_median,libero_10:task8,-0.00113814865359351
track_a,ARM4_GRIP32-H4,translation,d2_median,libero_10:task9,-0.0029770868954467123
track_a,ARM4_GRIP32-H4,translation,d2_median,libero_goal:task0,0.0
track_a,ARM4_GRIP32-H4,translation,d2_median,libero_goal:task1,-0.0004031886563798326
track_a,ARM4_GRIP32-H4,translation,d2_median,libero_goal:task2,0.0008892505189333597
track_a,ARM4_GRIP32-H4,translation,d2_median,libero_goal:task3,0.000255642336074903
track_a,ARM4_GRIP32-H4,translation,d2_median,libero_goal:task4,1.7174885010870268e-05
track_a,ARM4_GRIP32-H4,translation,d2_median,libero_goal:task5,0.0
track_a,ARM4_GRIP32-H4,translation,d2_median,libero_goal:task6,-0.00014241919415176237
track_a,ARM4_GRIP32-H4,translation,d2_median,libero_goal:task7,-5.7351169197762673e-05
track_a,ARM4_GRIP32-H4,translation,d2_median,libero_goal:task8,3.0439415262254604e-05
track_a,ARM4_GRIP32-H4,translation,d2_median,libero_goal:task9,0.0005105736390801731
track_a,ARM4_GRIP32-H4,translation,d2_median,libero_spatial:task0,0.00014290124230004151
track_a,ARM4_GRIP32-H4,translation,d2_median,libero_spatial:task1,-0.0008338302466712996
track_a,ARM4_GRIP32-H4,translation,d2_median,libero_spatial:task2,-0.00024365736732811342
track_a,ARM4_GRIP32-H4,translation,d2_median,libero_spatial:task3,0.00032131848575785437
track_a,ARM4_GRIP32-H4,translation,d2_median,libero_spatial:task4,-0.0008418306568807152
track_a,ARM4_GRIP32-H4,translation,d2_median,libero_spatial:task5,0.003792294483163508
track_a,ARM4_GRIP32-H4,translation,d2_median,libero_spatial:task6,0.003458301576180832
track_a,ARM4_GRIP32-H4,translation,d2_median,libero_spatial:task7,0.0003544747013592487
track_a,ARM4_GRIP32-H4,translation,d2_median,libero_spatial:task8,1.529308605998254e-05
track_a,ARM4_GRIP32-H4,translation,d2_median,libero_spatial:task9,0.00018921561429990468
track_a,ARM4_GRIP32-H4,rotation,d1_mean,libero_10:task0,0.00041029485943129676
track_a,ARM4_GRIP32-H4,rotation,d1_mean,libero_10:task1,0.0009350127236213904
track_a,ARM4_GRIP32-H4,rotation,d1_mean,libero_10:task2,0.0005371650914436768
track_a,ARM4_GRIP32-H4,rotation,d1_mean,libero_10:task3,1.8770990468780674e-05
track_a,ARM4_GRIP32-H4,rotation,d1_mean,libero_10:task4,-0.0003356080799665772
track_a,ARM4_GRIP32-H4,rotation,d1_mean,libero_10:task5,0.00021611714496112738
track_a,ARM4_GRIP32-H4,rotation,d1_mean,libero_10:task6,-0.0004480072431366273
track_a,ARM4_GRIP32-H4,rotation,d1_mean,libero_10:task7,0.0005580233136102199
track_a,ARM4_GRIP32-H4,rotation,d1_mean,libero_10:task8,-0.00022508378676589703
track_a,ARM4_GRIP32-H4,rotation,d1_mean,libero_10:task9,7.808821104101932e-05
track_a,ARM4_GRIP32-H4,rotation,d1_mean,libero_goal:task0,0.0
track_a,ARM4_GRIP32-H4,rotation,d1_mean,libero_goal:task1,-3.1301682247021394e-05
track_a,ARM4_GRIP32-H4,rotation,d1_mean,libero_goal:task2,-5.6633976756104964e-05
track_a,ARM4_GRIP32-H4,rotation,d1_mean,libero_goal:task3,9.399177961582634e-05
track_a,ARM4_GRIP32-H4,rotation,d1_mean,libero_goal:task4,9.873476653598073e-05
track_a,ARM4_GRIP32-H4,rotation,d1_mean,libero_goal:task5,0.0
track_a,ARM4_GRIP32-H4,rotation,d1_mean,libero_goal:task6,-0.00015693516044329144
track_a,ARM4_GRIP32-H4,rotation,d1_mean,libero_goal:task7,-0.0002583968839551837
track_a,ARM4_GRIP32-H4,rotation,d1_mean,libero_goal:task8,8.271568667529012e-06
track_a,ARM4_GRIP32-H4,rotation,d1_mean,libero_goal:task9,0.0001745122094124482
track_a,ARM4_GRIP32-H4,rotation,d1_mean,libero_spatial:task0,2.7439220553733662e-05
track_a,ARM4_GRIP32-H4,rotation,d1_mean,libero_spatial:task1,-0.00010525452071040454
track_a,ARM4_GRIP32-H4,rotation,d1_mean,libero_spatial:task2,-2.7816055615701463e-05
track_a,ARM4_GRIP32-H4,rotation,d1_mean,libero_spatial:task3,-0.00022494095713878094
track_a,ARM4_GRIP32-H4,rotation,d1_mean,libero_spatial:task4,9.708636108574174e-05
track_a,ARM4_GRIP32-H4,rotation,d1_mean,libero_spatial:task5,0.0008079970126212393
track_a,ARM4_GRIP32-H4,rotation,d1_mean,libero_spatial:task6,0.0002717509657078966
track_a,ARM4_GRIP32-H4,rotation,d1_mean,libero_spatial:task7,-8.323842703039536e-06
track_a,ARM4_GRIP32-H4,rotation,d1_mean,libero_spatial:task8,0.0004455981758036437
track_a,ARM4_GRIP32-H4,rotation,d1_mean,libero_spatial:task9,3.10120589293855e-06
track_a,ARM4_GRIP32-H4,rotation,d1_median,libero_10:task0,0.0003745947056462487
track_a,ARM4_GRIP32-H4,rotation,d1_median,libero_10:task1,0.00036407147937439304
track_a,ARM4_GRIP32-H4,rotation,d1_median,libero_10:task2,0.0002764085229862414
track_a,ARM4_GRIP32-H4,rotation,d1_median,libero_10:task3,-0.00013152526373870455
track_a,ARM4_GRIP32-H4,rotation,d1_median,libero_10:task4,-0.0003434414483172727
track_a,ARM4_GRIP32-H4,rotation,d1_median,libero_10:task5,0.0001485344905989373
track_a,ARM4_GRIP32-H4,rotation,d1_median,libero_10:task6,-0.000493842768462648
track_a,ARM4_GRIP32-H4,rotation,d1_median,libero_10:task7,0.00016941584994477528
track_a,ARM4_GRIP32-H4,rotation,d1_median,libero_10:task8,-5.288371849612753e-05
track_a,ARM4_GRIP32-H4,rotation,d1_median,libero_10:task9,8.338064102941388e-05
track_a,ARM4_GRIP32-H4,rotation,d1_median,libero_goal:task0,0.0
track_a,ARM4_GRIP32-H4,rotation,d1_median,libero_goal:task1,1.783771901390759e-05
track_a,ARM4_GRIP32-H4,rotation,d1_median,libero_goal:task2,-1.3287589614905994e-05
track_a,ARM4_GRIP32-H4,rotation,d1_median,libero_goal:task3,7.127737781318107e-05
track_a,ARM4_GRIP32-H4,rotation,d1_median,libero_goal:task4,2.881191062692959e-06
track_a,ARM4_GRIP32-H4,rotation,d1_median,libero_goal:task5,0.0
track_a,ARM4_GRIP32-H4,rotation,d1_median,libero_goal:task6,-8.152909611754373e-05
track_a,ARM4_GRIP32-H4,rotation,d1_median,libero_goal:task7,-3.582701162616973e-05
track_a,ARM4_GRIP32-H4,rotation,d1_median,libero_goal:task8,-8.812698478323711e-05
track_a,ARM4_GRIP32-H4,rotation,d1_median,libero_goal:task9,7.848190315504119e-05
track_a,ARM4_GRIP32-H4,rotation,d1_median,libero_spatial:task0,1.8800045035356703e-05
track_a,ARM4_GRIP32-H4,rotation,d1_median,libero_spatial:task1,0.0002745867749383364
track_a,ARM4_GRIP32-H4,rotation,d1_median,libero_spatial:task2,-3.7813708737300298e-06
track_a,ARM4_GRIP32-H4,rotation,d1_median,libero_spatial:task3,-0.00023089608175150673
track_a,ARM4_GRIP32-H4,rotation,d1_median,libero_spatial:task4,-9.673193881113152e-05
track_a,ARM4_GRIP32-H4,rotation,d1_median,libero_spatial:task5,0.0004029441175346666
track_a,ARM4_GRIP32-H4,rotation,d1_median,libero_spatial:task6,4.7886101995736505e-05
track_a,ARM4_GRIP32-H4,rotation,d1_median,libero_spatial:task7,5.170688483871605e-05
track_a,ARM4_GRIP32-H4,rotation,d1_median,libero_spatial:task8,0.00023577027613600726
track_a,ARM4_GRIP32-H4,rotation,d1_median,libero_spatial:task9,-2.4143614839272864e-05
track_a,ARM4_GRIP32-H4,rotation,d2_mean,libero_10:task0,-2.626310929925354e-05
track_a,ARM4_GRIP32-H4,rotation,d2_mean,libero_10:task1,0.0013403952387927233
track_a,ARM4_GRIP32-H4,rotation,d2_mean,libero_10:task2,0.00014072869297916644
track_a,ARM4_GRIP32-H4,rotation,d2_mean,libero_10:task3,-0.00011269009649368071
track_a,ARM4_GRIP32-H4,rotation,d2_mean,libero_10:task4,-0.000765334436241101
track_a,ARM4_GRIP32-H4,rotation,d2_mean,libero_10:task5,0.0003442358264004842
track_a,ARM4_GRIP32-H4,rotation,d2_mean,libero_10:task6,-0.0005820689383174551
track_a,ARM4_GRIP32-H4,rotation,d2_mean,libero_10:task7,0.00020204070586711992
track_a,ARM4_GRIP32-H4,rotation,d2_mean,libero_10:task8,-0.0008331480007369482
track_a,ARM4_GRIP32-H4,rotation,d2_mean,libero_10:task9,-0.0010198054716561633
track_a,ARM4_GRIP32-H4,rotation,d2_mean,libero_goal:task0,0.0
track_a,ARM4_GRIP32-H4,rotation,d2_mean,libero_goal:task1,-1.5341550257614265e-05
track_a,ARM4_GRIP32-H4,rotation,d2_mean,libero_goal:task2,-6.131763091627498e-05
track_a,ARM4_GRIP32-H4,rotation,d2_mean,libero_goal:task3,8.053451665550227e-05
track_a,ARM4_GRIP32-H4,rotation,d2_mean,libero_goal:task4,0.00018850516734766974
track_a,ARM4_GRIP32-H4,rotation,d2_mean,libero_goal:task5,0.0
track_a,ARM4_GRIP32-H4,rotation,d2_mean,libero_goal:task6,-0.00029507361862293654
track_a,ARM4_GRIP32-H4,rotation,d2_mean,libero_goal:task7,-0.00024380849615293927
track_a,ARM4_GRIP32-H4,rotation,d2_mean,libero_goal:task8,9.468050230234266e-05
track_a,ARM4_GRIP32-H4,rotation,d2_mean,libero_goal:task9,0.0002831767913496379
track_a,ARM4_GRIP32-H4,rotation,d2_mean,libero_spatial:task0,5.224535212495935e-06
track_a,ARM4_GRIP32-H4,rotation,d2_mean,libero_spatial:task1,-0.0002466731291201556
track_a,ARM4_GRIP32-H4,rotation,d2_mean,libero_spatial:task2,-0.00010564067566934835
track_a,ARM4_GRIP32-H4,rotation,d2_mean,libero_spatial:task3,-4.4347974212765344e-05
track_a,ARM4_GRIP32-H4,rotation,d2_mean,libero_spatial:task4,5.210144894922039e-06
track_a,ARM4_GRIP32-H4,rotation,d2_mean,libero_spatial:task5,0.0016710330840035805
track_a,ARM4_GRIP32-H4,rotation,d2_mean,libero_spatial:task6,0.0006169793755021569
track_a,ARM4_GRIP32-H4,rotation,d2_mean,libero_spatial:task7,-0.0003502225629821414
track_a,ARM4_GRIP32-H4,rotation,d2_mean,libero_spatial:task8,0.0005692633821678225
track_a,ARM4_GRIP32-H4,rotation,d2_mean,libero_spatial:task9,4.846057629439166e-05
track_a,ARM4_GRIP32-H4,rotation,d2_median,libero_10:task0,-4.830346947405987e-06
track_a,ARM4_GRIP32-H4,rotation,d2_median,libero_10:task1,0.0006787669500038386
track_a,ARM4_GRIP32-H4,rotation,d2_median,libero_10:task2,-4.0528098086965466e-05
track_a,ARM4_GRIP32-H4,rotation,d2_median,libero_10:task3,-0.00012193583508945446
track_a,ARM4_GRIP32-H4,rotation,d2_median,libero_10:task4,-0.0003508700690109195
track_a,ARM4_GRIP32-H4,rotation,d2_median,libero_10:task5,0.00019798359904306463
track_a,ARM4_GRIP32-H4,rotation,d2_median,libero_10:task6,-7.541886531463481e-05
track_a,ARM4_GRIP32-H4,rotation,d2_median,libero_10:task7,-0.0003448751731453682
track_a,ARM4_GRIP32-H4,rotation,d2_median,libero_10:task8,-0.00027466382781707934
track_a,ARM4_GRIP32-H4,rotation,d2_median,libero_10:task9,-0.0005014252755251636
track_a,ARM4_GRIP32-H4,rotation,d2_median,libero_goal:task0,0.0
track_a,ARM4_GRIP32-H4,rotation,d2_median,libero_goal:task1,2.8699708952529523e-05
track_a,ARM4_GRIP32-H4,rotation,d2_median,libero_goal:task2,0.00012750920525810274
track_a,ARM4_GRIP32-H4,rotation,d2_median,libero_goal:task3,-8.666847911725662e-05
track_a,ARM4_GRIP32-H4,rotation,d2_median,libero_goal:task4,4.571281775091534e-05
track_a,ARM4_GRIP32-H4,rotation,d2_median,libero_goal:task5,0.0
track_a,ARM4_GRIP32-H4,rotation,d2_median,libero_goal:task6,-7.782830076939271e-05
track_a,ARM4_GRIP32-H4,rotation,d2_median,libero_goal:task7,1.2909611959580127e-05
track_a,ARM4_GRIP32-H4,rotation,d2_median,libero_goal:task8,-3.554413279974183e-05
track_a,ARM4_GRIP32-H4,rotation,d2_median,libero_goal:task9,0.00016220415418522646
track_a,ARM4_GRIP32-H4,rotation,d2_median,libero_spatial:task0,2.0373945279269824e-05
track_a,ARM4_GRIP32-H4,rotation,d2_median,libero_spatial:task1,-5.61104269621626e-05
track_a,ARM4_GRIP32-H4,rotation,d2_median,libero_spatial:task2,-9.168596813970056e-05
track_a,ARM4_GRIP32-H4,rotation,d2_median,libero_spatial:task3,-3.3241502999275736e-06
track_a,ARM4_GRIP32-H4,rotation,d2_median,libero_spatial:task4,-0.00010420579789123759
track_a,ARM4_GRIP32-H4,rotation,d2_median,libero_spatial:task5,0.0005850148263194994
track_a,ARM4_GRIP32-H4,rotation,d2_median,libero_spatial:task6,0.00022452523582180812
track_a,ARM4_GRIP32-H4,rotation,d2_median,libero_spatial:task7,-0.0001462324773225528
track_a,ARM4_GRIP32-H4,rotation,d2_median,libero_spatial:task8,0.00010937997151434408
track_a,ARM4_GRIP32-H4,rotation,d2_median,libero_spatial:task9,0.00014645571468476558
track_a,ARM4_GRIP32-H4,gripper,d1_mean,libero_10:task0,-0.03104850074523039
track_a,ARM4_GRIP32-H4,gripper,d1_mean,libero_10:task1,-0.011499117556018347
track_a,ARM4_GRIP32-H4,gripper,d1_mean,libero_10:task2,0.0011396468165818074
track_a,ARM4_GRIP32-H4,gripper,d1_mean,libero_10:task3,-0.013838676415057354
track_a,ARM4_GRIP32-H4,gripper,d1_mean,libero_10:task4,-0.015342878584986662
track_a,ARM4_GRIP32-H4,gripper,d1_mean,libero_10:task5,-0.02392898023613938
track_a,ARM4_GRIP32-H4,gripper,d1_mean,libero_10:task6,-0.029261216189141525
track_a,ARM4_GRIP32-H4,gripper,d1_mean,libero_10:task7,-0.03274768785955391
track_a,ARM4_GRIP32-H4,gripper,d1_mean,libero_10:task8,-0.014233619711280338
track_a,ARM4_GRIP32-H4,gripper,d1_mean,libero_10:task9,-0.017311766188629372
track_a,ARM4_GRIP32-H4,gripper,d1_mean,libero_goal:task0,-0.0006358913527723561
track_a,ARM4_GRIP32-H4,gripper,d1_mean,libero_goal:task1,0.0018852811795199
track_a,ARM4_GRIP32-H4,gripper,d1_mean,libero_goal:task2,-0.007122318194348779
track_a,ARM4_GRIP32-H4,gripper,d1_mean,libero_goal:task3,-0.02283538170027631
track_a,ARM4_GRIP32-H4,gripper,d1_mean,libero_goal:task4,0.004145938970040555
track_a,ARM4_GRIP32-H4,gripper,d1_mean,libero_goal:task5,-0.000809088197490246
track_a,ARM4_GRIP32-H4,gripper,d1_mean,libero_goal:task6,-0.032643082712585335
track_a,ARM4_GRIP32-H4,gripper,d1_mean,libero_goal:task7,-0.0032617438487756332
track_a,ARM4_GRIP32-H4,gripper,d1_mean,libero_goal:task8,0.0008568572427430065
track_a,ARM4_GRIP32-H4,gripper,d1_mean,libero_goal:task9,-0.017308294077138162
track_a,ARM4_GRIP32-H4,gripper,d1_mean,libero_spatial:task0,0.0001340307235660763
track_a,ARM4_GRIP32-H4,gripper,d1_mean,libero_spatial:task1,-0.016718299278840516
track_a,ARM4_GRIP32-H4,gripper,d1_mean,libero_spatial:task2,-0.0042204412290078545
track_a,ARM4_GRIP32-H4,gripper,d1_mean,libero_spatial:task3,-0.004112677492310408
track_a,ARM4_GRIP32-H4,gripper,d1_mean,libero_spatial:task4,-0.0015578453605066837
track_a,ARM4_GRIP32-H4,gripper,d1_mean,libero_spatial:task5,-0.043067188753391765
track_a,ARM4_GRIP32-H4,gripper,d1_mean,libero_spatial:task6,0.0018972347002597157
track_a,ARM4_GRIP32-H4,gripper,d1_mean,libero_spatial:task7,-0.05667532893539275
track_a,ARM4_GRIP32-H4,gripper,d1_mean,libero_spatial:task8,-0.0027719149707748233
track_a,ARM4_GRIP32-H4,gripper,d1_mean,libero_spatial:task9,0.0016860865479864852
track_a,ARM4_GRIP32-H4,gripper,d1_median,libero_10:task0,-0.03123586376508077
track_a,ARM4_GRIP32-H4,gripper,d1_median,libero_10:task1,-0.007329519589742025
track_a,ARM4_GRIP32-H4,gripper,d1_median,libero_10:task2,-0.0009417096773783366
track_a,ARM4_GRIP32-H4,gripper,d1_median,libero_10:task3,-0.0010429978370666503
track_a,ARM4_GRIP32-H4,gripper,d1_median,libero_10:task4,-0.001409977674484253
track_a,ARM4_GRIP32-H4,gripper,d1_median,libero_10:task5,-0.014339601993560791
track_a,ARM4_GRIP32-H4,gripper,d1_median,libero_10:task6,-0.01967921753724416
track_a,ARM4_GRIP32-H4,gripper,d1_median,libero_10:task7,-0.002558298905690511
track_a,ARM4_GRIP32-H4,gripper,d1_median,libero_10:task8,-0.004167036215464274
track_a,ARM4_GRIP32-H4,gripper,d1_median,libero_10:task9,-0.007757569601138433
track_a,ARM4_GRIP32-H4,gripper,d1_median,libero_goal:task0,-0.0005652149518330892
track_a,ARM4_GRIP32-H4,gripper,d1_median,libero_goal:task1,-8.272727330525717e-05
track_a,ARM4_GRIP32-H4,gripper,d1_median,libero_goal:task2,-0.004399693012237549
track_a,ARM4_GRIP32-H4,gripper,d1_median,libero_goal:task3,-0.002556029955546061
track_a,ARM4_GRIP32-H4,gripper,d1_median,libero_goal:task4,0.0006511449813842773
track_a,ARM4_GRIP32-H4,gripper,d1_median,libero_goal:task5,-0.00048755407333374025
track_a,ARM4_GRIP32-H4,gripper,d1_median,libero_goal:task6,-0.007442561785380045
track_a,ARM4_GRIP32-H4,gripper,d1_median,libero_goal:task7,-0.0008964697519938151
track_a,ARM4_GRIP32-H4,gripper,d1_median,libero_goal:task8,-0.00047448078791300453
track_a,ARM4_GRIP32-H4,gripper,d1_median,libero_goal:task9,-0.0015110254287719726
track_a,ARM4_GRIP32-H4,gripper,d1_median,libero_spatial:task0,7.613499959309895e-05
track_a,ARM4_GRIP32-H4,gripper,d1_median,libero_spatial:task1,-0.0027669986089070638
track_a,ARM4_GRIP32-H4,gripper,d1_median,libero_spatial:task2,-0.0006656964619954427
track_a,ARM4_GRIP32-H4,gripper,d1_median,libero_spatial:task3,9.161035219828288e-05
track_a,ARM4_GRIP32-H4,gripper,d1_median,libero_spatial:task4,-0.008032812178134919
track_a,ARM4_GRIP32-H4,gripper,d1_median,libero_spatial:task5,-0.013876085976759593
track_a,ARM4_GRIP32-H4,gripper,d1_median,libero_spatial:task6,-0.000398715337117513
track_a,ARM4_GRIP32-H4,gripper,d1_median,libero_spatial:task7,-0.003399197260538737
track_a,ARM4_GRIP32-H4,gripper,d1_median,libero_spatial:task8,-0.0020891547203063963
track_a,ARM4_GRIP32-H4,gripper,d1_median,libero_spatial:task9,-0.0005284016331036886
track_a,ARM4_GRIP32-H4,gripper,d2_mean,libero_10:task0,-0.06017201018011425
track_a,ARM4_GRIP32-H4,gripper,d2_mean,libero_10:task1,-0.038586495477105624
track_a,ARM4_GRIP32-H4,gripper,d2_mean,libero_10:task2,-0.009616153703311944
track_a,ARM4_GRIP32-H4,gripper,d2_mean,libero_10:task3,-0.023078679871263084
track_a,ARM4_GRIP32-H4,gripper,d2_mean,libero_10:task4,-0.03385615277267456
track_a,ARM4_GRIP32-H4,gripper,d2_mean,libero_10:task5,-0.03757144834499961
track_a,ARM4_GRIP32-H4,gripper,d2_mean,libero_10:task6,-0.06456433930585795
track_a,ARM4_GRIP32-H4,gripper,d2_mean,libero_10:task7,-0.08119693714900907
track_a,ARM4_GRIP32-H4,gripper,d2_mean,libero_10:task8,-0.032646367341075004
track_a,ARM4_GRIP32-H4,gripper,d2_mean,libero_10:task9,-0.03481271904845142
track_a,ARM4_GRIP32-H4,gripper,d2_mean,libero_goal:task0,-0.001696227586896475
track_a,ARM4_GRIP32-H4,gripper,d2_mean,libero_goal:task1,-0.0007620292656825465
track_a,ARM4_GRIP32-H4,gripper,d2_mean,libero_goal:task2,-0.014813417200839856
track_a,ARM4_GRIP32-H4,gripper,d2_mean,libero_goal:task3,-0.0405241287918132
track_a,ARM4_GRIP32-H4,gripper,d2_mean,libero_goal:task4,0.007822437126052208
track_a,ARM4_GRIP32-H4,gripper,d2_mean,libero_goal:task5,-0.0016902151773974742
track_a,ARM4_GRIP32-H4,gripper,d2_mean,libero_goal:task6,-0.060221571228546676
track_a,ARM4_GRIP32-H4,gripper,d2_mean,libero_goal:task7,-0.005804321452414499
track_a,ARM4_GRIP32-H4,gripper,d2_mean,libero_goal:task8,-0.0010877450675199887
track_a,ARM4_GRIP32-H4,gripper,d2_mean,libero_goal:task9,-0.03264603885498078
track_a,ARM4_GRIP32-H4,gripper,d2_mean,libero_spatial:task0,-0.003419462055629748
track_a,ARM4_GRIP32-H4,gripper,d2_mean,libero_spatial:task1,-0.033333294303450646
track_a,ARM4_GRIP32-H4,gripper,d2_mean,libero_spatial:task2,-0.0057040860157464195
track_a,ARM4_GRIP32-H4,gripper,d2_mean,libero_spatial:task3,-0.011306032108884844
track_a,ARM4_GRIP32-H4,gripper,d2_mean,libero_spatial:task4,-0.01705117327079712
track_a,ARM4_GRIP32-H4,gripper,d2_mean,libero_spatial:task5,-0.07522828336390229
track_a,ARM4_GRIP32-H4,gripper,d2_mean,libero_spatial:task6,0.002666457639826292
track_a,ARM4_GRIP32-H4,gripper,d2_mean,libero_spatial:task7,-0.0959020727877188
track_a,ARM4_GRIP32-H4,gripper,d2_mean,libero_spatial:task8,-0.019445966366137348
track_a,ARM4_GRIP32-H4,gripper,d2_mean,libero_spatial:task9,-0.0024245061104451785
track_a,ARM4_GRIP32-H4,gripper,d2_median,libero_10:task0,-0.03696103418866793
track_a,ARM4_GRIP32-H4,gripper,d2_median,libero_10:task1,-0.023933452367782593
track_a,ARM4_GRIP32-H4,gripper,d2_median,libero_10:task2,-0.002085153261820475
track_a,ARM4_GRIP32-H4,gripper,d2_median,libero_10:task3,-0.00215606689453125
track_a,ARM4_GRIP32-H4,gripper,d2_median,libero_10:task4,-0.003451615571975708
track_a,ARM4_GRIP32-H4,gripper,d2_median,libero_10:task5,-0.018247381846110026
track_a,ARM4_GRIP32-H4,gripper,d2_median,libero_10:task6,-0.03611241728067398
track_a,ARM4_GRIP32-H4,gripper,d2_median,libero_10:task7,-0.027888691425323485
track_a,ARM4_GRIP32-H4,gripper,d2_median,libero_10:task8,-0.004599388440450033
track_a,ARM4_GRIP32-H4,gripper,d2_median,libero_10:task9,-0.010642897089322407
track_a,ARM4_GRIP32-H4,gripper,d2_median,libero_goal:task0,-0.0010823806126912434
track_a,ARM4_GRIP32-H4,gripper,d2_median,libero_goal:task1,-0.0008366068204243977
track_a,ARM4_GRIP32-H4,gripper,d2_median,libero_goal:task2,-0.010006543000539143
track_a,ARM4_GRIP32-H4,gripper,d2_median,libero_goal:task3,-0.005373660723368327
track_a,ARM4_GRIP32-H4,gripper,d2_median,libero_goal:task4,8.87592633565267e-05
track_a,ARM4_GRIP32-H4,gripper,d2_median,libero_goal:task5,-0.000875695546468099
track_a,ARM4_GRIP32-H4,gripper,d2_median,libero_goal:task6,-0.011624728764096896
track_a,ARM4_GRIP32-H4,gripper,d2_median,libero_goal:task7,-0.0019282996654510498
track_a,ARM4_GRIP32-H4,gripper,d2_median,libero_goal:task8,-0.001139962673187256
track_a,ARM4_GRIP32-H4,gripper,d2_median,libero_goal:task9,-0.0029140551884969073
track_a,ARM4_GRIP32-H4,gripper,d2_median,libero_spatial:task0,-0.002001545826594035
track_a,ARM4_GRIP32-H4,gripper,d2_median,libero_spatial:task1,-0.008994433283805846
track_a,ARM4_GRIP32-H4,gripper,d2_median,libero_spatial:task2,-0.0016666412353515624
track_a,ARM4_GRIP32-H4,gripper,d2_median,libero_spatial:task3,-0.0004596312840779622
track_a,ARM4_GRIP32-H4,gripper,d2_median,libero_spatial:task4,-0.015599534660577775
track_a,ARM4_GRIP32-H4,gripper,d2_median,libero_spatial:task5,-0.039305248856544496
track_a,ARM4_GRIP32-H4,gripper,d2_median,libero_spatial:task6,-0.0013960997263590496
track_a,ARM4_GRIP32-H4,gripper,d2_median,libero_spatial:task7,-0.0075984289248784385
track_a,ARM4_GRIP32-H4,gripper,d2_median,libero_spatial:task8,-0.0033827950557072956
track_a,ARM4_GRIP32-H4,gripper,d2_median,libero_spatial:task9,-0.0013956030209859212
track_a,ARM4_GRIP32-H4,gripper,gripper_state_switch_probability,libero_10:task0,-0.011804444227693483
track_a,ARM4_GRIP32-H4,gripper,gripper_state_switch_probability,libero_10:task1,-0.003453647356527182
track_a,ARM4_GRIP32-H4,gripper,gripper_state_switch_probability,libero_10:task2,0.0010816272736470151
track_a,ARM4_GRIP32-H4,gripper,gripper_state_switch_probability,libero_10:task3,-0.006303817014033352
track_a,ARM4_GRIP32-H4,gripper,gripper_state_switch_probability,libero_10:task4,-0.007149658612899721
track_a,ARM4_GRIP32-H4,gripper,gripper_state_switch_probability,libero_10:task5,-0.008702039230373307
track_a,ARM4_GRIP32-H4,gripper,gripper_state_switch_probability,libero_10:task6,-0.007902391251052361
track_a,ARM4_GRIP32-H4,gripper,gripper_state_switch_probability,libero_10:task7,-0.014531937174747853
track_a,ARM4_GRIP32-H4,gripper,gripper_state_switch_probability,libero_10:task8,-0.004955356233365297
track_a,ARM4_GRIP32-H4,gripper,gripper_state_switch_probability,libero_10:task9,-0.008689521764417391
track_a,ARM4_GRIP32-H4,gripper,gripper_state_switch_probability,libero_goal:task0,0.0
track_a,ARM4_GRIP32-H4,gripper,gripper_state_switch_probability,libero_goal:task1,0.0006656996892613982
track_a,ARM4_GRIP32-H4,gripper,gripper_state_switch_probability,libero_goal:task2,-0.0028941403834212625
track_a,ARM4_GRIP32-H4,gripper,gripper_state_switch_probability,libero_goal:task3,-0.012477670680412705
track_a,ARM4_GRIP32-H4,gripper,gripper_state_switch_probability,libero_goal:task4,0.0026084599037478748
track_a,ARM4_GRIP32-H4,gripper,gripper_state_switch_probability,libero_goal:task5,0.0
track_a,ARM4_GRIP32-H4,gripper,gripper_state_switch_probability,libero_goal:task6,-0.01437984350104779
track_a,ARM4_GRIP32-H4,gripper,gripper_state_switch_probability,libero_goal:task7,-0.0002133381690328437
track_a,ARM4_GRIP32-H4,gripper,gripper_state_switch_probability,libero_goal:task8,0.0006371974748378125
track_a,ARM4_GRIP32-H4,gripper,gripper_state_switch_probability,libero_goal:task9,-0.0076053599973620765
track_a,ARM4_GRIP32-H4,gripper,gripper_state_switch_probability,libero_spatial:task0,1.4634888052610096e-06
track_a,ARM4_GRIP32-H4,gripper,gripper_state_switch_probability,libero_spatial:task1,-0.008000133688571468
track_a,ARM4_GRIP32-H4,gripper,gripper_state_switch_probability,libero_spatial:task2,-0.0019675084672567933
track_a,ARM4_GRIP32-H4,gripper,gripper_state_switch_probability,libero_spatial:task3,-0.0011622230694623976
track_a,ARM4_GRIP32-H4,gripper,gripper_state_switch_probability,libero_spatial:task4,0.0024142846332667806
track_a,ARM4_GRIP32-H4,gripper,gripper_state_switch_probability,libero_spatial:task5,-0.02031382653483573
track_a,ARM4_GRIP32-H4,gripper,gripper_state_switch_probability,libero_spatial:task6,0.0002836574491402499
track_a,ARM4_GRIP32-H4,gripper,gripper_state_switch_probability,libero_spatial:task7,-0.030467480161449664
track_a,ARM4_GRIP32-H4,gripper,gripper_state_switch_probability,libero_spatial:task8,0.0029107843954213055
track_a,ARM4_GRIP32-H4,gripper,gripper_state_switch_probability,libero_spatial:task9,0.000923560011825969
track_a,ARM2_GRIP16-H2,translation,d1_mean,libero_10:task0,0.0012227424923768474
track_a,ARM2_GRIP16-H2,translation,d1_mean,libero_10:task1,0.012878462567037608
track_a,ARM2_GRIP16-H2,translation,d1_mean,libero_10:task2,0.0005607307841763148
track_a,ARM2_GRIP16-H2,translation,d1_mean,libero_10:task3,-0.0008424870058386672
track_a,ARM2_GRIP16-H2,translation,d1_mean,libero_10:task4,0.0065150098399528325
track_a,ARM2_GRIP16-H2,translation,d1_mean,libero_10:task5,0.001315839338433756
track_a,ARM2_GRIP16-H2,translation,d1_mean,libero_10:task6,0.0030627111969708004
track_a,ARM2_GRIP16-H2,translation,d1_mean,libero_10:task7,0.003735164492444511
track_a,ARM2_GRIP16-H2,translation,d1_mean,libero_10:task8,0.0034904194124329904
track_a,ARM2_GRIP16-H2,translation,d1_mean,libero_10:task9,0.002587651192316792
track_a,ARM2_GRIP16-H2,translation,d1_mean,libero_goal:task0,0.0
track_a,ARM2_GRIP16-H2,translation,d1_mean,libero_goal:task1,-0.0011427288456316903
track_a,ARM2_GRIP16-H2,translation,d1_mean,libero_goal:task2,0.0005492546532591111
track_a,ARM2_GRIP16-H2,translation,d1_mean,libero_goal:task3,-0.0003854282987927065
track_a,ARM2_GRIP16-H2,translation,d1_mean,libero_goal:task4,0.0006860483040969284
track_a,ARM2_GRIP16-H2,translation,d1_mean,libero_goal:task5,0.0
track_a,ARM2_GRIP16-H2,translation,d1_mean,libero_goal:task6,0.0016952434754903723
track_a,ARM2_GRIP16-H2,translation,d1_mean,libero_goal:task7,0.0002299851198795488
track_a,ARM2_GRIP16-H2,translation,d1_mean,libero_goal:task8,-0.0005518269093101815
track_a,ARM2_GRIP16-H2,translation,d1_mean,libero_goal:task9,0.0006561545905932898
track_a,ARM2_GRIP16-H2,translation,d1_mean,libero_spatial:task0,0.0004902707008595982
track_a,ARM2_GRIP16-H2,translation,d1_mean,libero_spatial:task1,-0.0023237793572475486
track_a,ARM2_GRIP16-H2,translation,d1_mean,libero_spatial:task2,0.0009918418938867403
track_a,ARM2_GRIP16-H2,translation,d1_mean,libero_spatial:task3,0.0010324316832903148
track_a,ARM2_GRIP16-H2,translation,d1_mean,libero_spatial:task4,0.0007953405148428336
track_a,ARM2_GRIP16-H2,translation,d1_mean,libero_spatial:task5,-0.0050970543118239175
track_a,ARM2_GRIP16-H2,translation,d1_mean,libero_spatial:task6,-0.0005582476771363887
track_a,ARM2_GRIP16-H2,translation,d1_mean,libero_spatial:task7,0.000542611142688243
track_a,ARM2_GRIP16-H2,translation,d1_mean,libero_spatial:task8,0.0018503568003410303
track_a,ARM2_GRIP16-H2,translation,d1_mean,libero_spatial:task9,0.0011022964140721876
track_a,ARM2_GRIP16-H2,translation,d1_median,libero_10:task0,0.0004840579081973493
track_a,ARM2_GRIP16-H2,translation,d1_median,libero_10:task1,0.006689082618089422
track_a,ARM2_GRIP16-H2,translation,d1_median,libero_10:task2,-8.409172939213526e-05
track_a,ARM2_GRIP16-H2,translation,d1_median,libero_10:task3,-6.894848160949735e-05
track_a,ARM2_GRIP16-H2,translation,d1_median,libero_10:task4,0.004876393984756925
track_a,ARM2_GRIP16-H2,translation,d1_median,libero_10:task5,0.0015797115536651605
track_a,ARM2_GRIP16-H2,translation,d1_median,libero_10:task6,0.0020016741107016342
track_a,ARM2_GRIP16-H2,translation,d1_median,libero_10:task7,0.002503731774064295
track_a,ARM2_GRIP16-H2,translation,d1_median,libero_10:task8,0.0013400527431732723
track_a,ARM2_GRIP16-H2,translation,d1_median,libero_10:task9,-0.00012773935494629363
track_a,ARM2_GRIP16-H2,translation,d1_median,libero_goal:task0,0.0
track_a,ARM2_GRIP16-H2,translation,d1_median,libero_goal:task1,-0.001212146651094191
track_a,ARM2_GRIP16-H2,translation,d1_median,libero_goal:task2,0.0008251955000611118
track_a,ARM2_GRIP16-H2,translation,d1_median,libero_goal:task3,-0.0005357839764624302
track_a,ARM2_GRIP16-H2,translation,d1_median,libero_goal:task4,0.0013027487326921967
track_a,ARM2_GRIP16-H2,translation,d1_median,libero_goal:task5,0.0
track_a,ARM2_GRIP16-H2,translation,d1_median,libero_goal:task6,0.002453586456841704
track_a,ARM2_GRIP16-H2,translation,d1_median,libero_goal:task7,-0.00013875751870164206
track_a,ARM2_GRIP16-H2,translation,d1_median,libero_goal:task8,-0.001620841026366467
track_a,ARM2_GRIP16-H2,translation,d1_median,libero_goal:task9,-0.0001506680297676978
track_a,ARM2_GRIP16-H2,translation,d1_median,libero_spatial:task0,0.0006181516641450067
track_a,ARM2_GRIP16-H2,translation,d1_median,libero_spatial:task1,-0.0012505687357419356
track_a,ARM2_GRIP16-H2,translation,d1_median,libero_spatial:task2,0.001294747984182626
track_a,ARM2_GRIP16-H2,translation,d1_median,libero_spatial:task3,0.0005111618842357571
track_a,ARM2_GRIP16-H2,translation,d1_median,libero_spatial:task4,0.0006570928365254388
track_a,ARM2_GRIP16-H2,translation,d1_median,libero_spatial:task5,-0.006650493619767942
track_a,ARM2_GRIP16-H2,translation,d1_median,libero_spatial:task6,-0.0008747193861005822
track_a,ARM2_GRIP16-H2,translation,d1_median,libero_spatial:task7,0.0004982329764400942
track_a,ARM2_GRIP16-H2,translation,d1_median,libero_spatial:task8,0.003394027431195691
track_a,ARM2_GRIP16-H2,translation,d1_median,libero_spatial:task9,0.0017791058850652268
track_a,ARM2_GRIP16-H2,translation,d2_mean,libero_10:task0,0.0004611180967326131
track_a,ARM2_GRIP16-H2,translation,d2_mean,libero_10:task1,0.012800184576311931
track_a,ARM2_GRIP16-H2,translation,d2_mean,libero_10:task2,-0.0005364396940517757
track_a,ARM2_GRIP16-H2,translation,d2_mean,libero_10:task3,-0.004499129477909169
track_a,ARM2_GRIP16-H2,translation,d2_mean,libero_10:task4,-0.0018975660941869042
track_a,ARM2_GRIP16-H2,translation,d2_mean,libero_10:task5,0.00174937542125364
track_a,ARM2_GRIP16-H2,translation,d2_mean,libero_10:task6,0.0019578250605128537
track_a,ARM2_GRIP16-H2,translation,d2_mean,libero_10:task7,-0.00012196132431887921
track_a,ARM2_GRIP16-H2,translation,d2_mean,libero_10:task8,0.0011067421925064218
track_a,ARM2_GRIP16-H2,translation,d2_mean,libero_10:task9,-0.001436676915400413
track_a,ARM2_GRIP16-H2,translation,d2_mean,libero_goal:task0,0.0
track_a,ARM2_GRIP16-H2,translation,d2_mean,libero_goal:task1,-0.00162226916192094
track_a,ARM2_GRIP16-H2,translation,d2_mean,libero_goal:task2,0.0020869249762497915
track_a,ARM2_GRIP16-H2,translation,d2_mean,libero_goal:task3,-0.0016374316508197997
track_a,ARM2_GRIP16-H2,translation,d2_mean,libero_goal:task4,0.0010552525069544684
track_a,ARM2_GRIP16-H2,translation,d2_mean,libero_goal:task5,0.0
track_a,ARM2_GRIP16-H2,translation,d2_mean,libero_goal:task6,0.0021484098682921656
track_a,ARM2_GRIP16-H2,translation,d2_mean,libero_goal:task7,0.0008032718242197013
track_a,ARM2_GRIP16-H2,translation,d2_mean,libero_goal:task8,0.0005859930163778948
track_a,ARM2_GRIP16-H2,translation,d2_mean,libero_goal:task9,-0.003311246220951102
track_a,ARM2_GRIP16-H2,translation,d2_mean,libero_spatial:task0,0.00036375309397474186
track_a,ARM2_GRIP16-H2,translation,d2_mean,libero_spatial:task1,-0.006725595467209054
track_a,ARM2_GRIP16-H2,translation,d2_mean,libero_spatial:task2,-0.001544501088074396
track_a,ARM2_GRIP16-H2,translation,d2_mean,libero_spatial:task3,0.001535028719930417
track_a,ARM2_GRIP16-H2,translation,d2_mean,libero_spatial:task4,0.0011784224296572182
track_a,ARM2_GRIP16-H2,translation,d2_mean,libero_spatial:task5,-0.010587792488209699
track_a,ARM2_GRIP16-H2,translation,d2_mean,libero_spatial:task6,-0.0033284531362150816
track_a,ARM2_GRIP16-H2,translation,d2_mean,libero_spatial:task7,0.0008865056203987189
track_a,ARM2_GRIP16-H2,translation,d2_mean,libero_spatial:task8,-0.00040179430032743444
track_a,ARM2_GRIP16-H2,translation,d2_mean,libero_spatial:task9,0.0022578909968631756
track_a,ARM2_GRIP16-H2,translation,d2_median,libero_10:task0,-0.0002644368685429286
track_a,ARM2_GRIP16-H2,translation,d2_median,libero_10:task1,0.0017932623409926672
track_a,ARM2_GRIP16-H2,translation,d2_median,libero_10:task2,-0.00014970618696430137
track_a,ARM2_GRIP16-H2,translation,d2_median,libero_10:task3,-0.0019275684084446598
track_a,ARM2_GRIP16-H2,translation,d2_median,libero_10:task4,-0.006206519945862069
track_a,ARM2_GRIP16-H2,translation,d2_median,libero_10:task5,0.002518845362633563
track_a,ARM2_GRIP16-H2,translation,d2_median,libero_10:task6,-8.386263187319318e-05
track_a,ARM2_GRIP16-H2,translation,d2_median,libero_10:task7,-0.0022363841073865256
track_a,ARM2_GRIP16-H2,translation,d2_median,libero_10:task8,-0.0007547158160150086
track_a,ARM2_GRIP16-H2,translation,d2_median,libero_10:task9,-0.0025054370178470725
track_a,ARM2_GRIP16-H2,translation,d2_median,libero_goal:task0,0.0
track_a,ARM2_GRIP16-H2,translation,d2_median,libero_goal:task1,-0.0023892312940615775
track_a,ARM2_GRIP16-H2,translation,d2_median,libero_goal:task2,0.001716315840599083
track_a,ARM2_GRIP16-H2,translation,d2_median,libero_goal:task3,-0.0012173307537080924
track_a,ARM2_GRIP16-H2,translation,d2_median,libero_goal:task4,-0.0010130720436207692
track_a,ARM2_GRIP16-H2,translation,d2_median,libero_goal:task5,0.0
track_a,ARM2_GRIP16-H2,translation,d2_median,libero_goal:task6,0.0007431288066866835
track_a,ARM2_GRIP16-H2,translation,d2_median,libero_goal:task7,0.0003532687005110988
track_a,ARM2_GRIP16-H2,translation,d2_median,libero_goal:task8,0.0004763569206963444
track_a,ARM2_GRIP16-H2,translation,d2_median,libero_goal:task9,-0.0031909077494226704
track_a,ARM2_GRIP16-H2,translation,d2_median,libero_spatial:task0,0.0012580487564054247
track_a,ARM2_GRIP16-H2,translation,d2_median,libero_spatial:task1,-0.0012746011332190794
track_a,ARM2_GRIP16-H2,translation,d2_median,libero_spatial:task2,-0.0015565574439630702
track_a,ARM2_GRIP16-H2,translation,d2_median,libero_spatial:task3,-0.00048211015144559397
track_a,ARM2_GRIP16-H2,translation,d2_median,libero_spatial:task4,0.0012683925209068154
track_a,ARM2_GRIP16-H2,translation,d2_median,libero_spatial:task5,-0.011875143848437318
track_a,ARM2_GRIP16-H2,translation,d2_median,libero_spatial:task6,-0.005587071664502178
track_a,ARM2_GRIP16-H2,translation,d2_median,libero_spatial:task7,-0.0014657199549589848
track_a,ARM2_GRIP16-H2,translation,d2_median,libero_spatial:task8,6.040649180325796e-05
track_a,ARM2_GRIP16-H2,translation,d2_median,libero_spatial:task9,0.0022070170403414215
track_a,ARM2_GRIP16-H2,rotation,d1_mean,libero_10:task0,0.0002308254102936219
track_a,ARM2_GRIP16-H2,rotation,d1_mean,libero_10:task1,0.0008787076160677719
track_a,ARM2_GRIP16-H2,rotation,d1_mean,libero_10:task2,0.00019949041673788688
track_a,ARM2_GRIP16-H2,rotation,d1_mean,libero_10:task3,-9.495818551137053e-05
track_a,ARM2_GRIP16-H2,rotation,d1_mean,libero_10:task4,0.0005262774779825428
track_a,ARM2_GRIP16-H2,rotation,d1_mean,libero_10:task5,0.00025114452398116355
track_a,ARM2_GRIP16-H2,rotation,d1_mean,libero_10:task6,-0.00036468178825891225
track_a,ARM2_GRIP16-H2,rotation,d1_mean,libero_10:task7,0.0005939860763928677
track_a,ARM2_GRIP16-H2,rotation,d1_mean,libero_10:task8,0.00027893894459986095
track_a,ARM2_GRIP16-H2,rotation,d1_mean,libero_10:task9,0.0006834608047050231
track_a,ARM2_GRIP16-H2,rotation,d1_mean,libero_goal:task0,0.0
track_a,ARM2_GRIP16-H2,rotation,d1_mean,libero_goal:task1,-0.00011233408118062113
track_a,ARM2_GRIP16-H2,rotation,d1_mean,libero_goal:task2,-8.718704990080406e-05
track_a,ARM2_GRIP16-H2,rotation,d1_mean,libero_goal:task3,-4.18854252128466e-05
track_a,ARM2_GRIP16-H2,rotation,d1_mean,libero_goal:task4,7.417837379511093e-05
track_a,ARM2_GRIP16-H2,rotation,d1_mean,libero_goal:task5,0.0
track_a,ARM2_GRIP16-H2,rotation,d1_mean,libero_goal:task6,7.618324900640864e-05
track_a,ARM2_GRIP16-H2,rotation,d1_mean,libero_goal:task7,4.299100025178515e-05
track_a,ARM2_GRIP16-H2,rotation,d1_mean,libero_goal:task8,-1.2176247890651436e-05
track_a,ARM2_GRIP16-H2,rotation,d1_mean,libero_goal:task9,0.0004078519848643726
track_a,ARM2_GRIP16-H2,rotation,d1_mean,libero_spatial:task0,7.205783334987484e-05
track_a,ARM2_GRIP16-H2,rotation,d1_mean,libero_spatial:task1,1.0910657238612404e-05
track_a,ARM2_GRIP16-H2,rotation,d1_mean,libero_spatial:task2,2.418682463677475e-05
track_a,ARM2_GRIP16-H2,rotation,d1_mean,libero_spatial:task3,0.00011264200212217033
track_a,ARM2_GRIP16-H2,rotation,d1_mean,libero_spatial:task4,2.4976814066514248e-05
track_a,ARM2_GRIP16-H2,rotation,d1_mean,libero_spatial:task5,4.526356845344851e-05
track_a,ARM2_GRIP16-H2,rotation,d1_mean,libero_spatial:task6,-7.627919857453424e-05
track_a,ARM2_GRIP16-H2,rotation,d1_mean,libero_spatial:task7,0.00013996005359609345
track_a,ARM2_GRIP16-H2,rotation,d1_mean,libero_spatial:task8,-0.0003058558685751635
track_a,ARM2_GRIP16-H2,rotation,d1_mean,libero_spatial:task9,0.00014891320234804473
track_a,ARM2_GRIP16-H2,rotation,d1_median,libero_10:task0,0.00013317574447524935
track_a,ARM2_GRIP16-H2,rotation,d1_median,libero_10:task1,0.0002535771054249806
track_a,ARM2_GRIP16-H2,rotation,d1_median,libero_10:task2,5.350178364273519e-05
track_a,ARM2_GRIP16-H2,rotation,d1_median,libero_10:task3,3.0692304739559904e-05
track_a,ARM2_GRIP16-H2,rotation,d1_median,libero_10:task4,0.00020508442838398626
track_a,ARM2_GRIP16-H2,rotation,d1_median,libero_10:task5,0.00032920854054559905
track_a,ARM2_GRIP16-H2,rotation,d1_median,libero_10:task6,-0.0006500659092434966
track_a,ARM2_GRIP16-H2,rotation,d1_median,libero_10:task7,0.00029636220094038867
track_a,ARM2_GRIP16-H2,rotation,d1_median,libero_10:task8,-2.3624824108575794e-05
track_a,ARM2_GRIP16-H2,rotation,d1_median,libero_10:task9,0.0001140229810789104
track_a,ARM2_GRIP16-H2,rotation,d1_median,libero_goal:task0,0.0
track_a,ARM2_GRIP16-H2,rotation,d1_median,libero_goal:task1,-0.0002153519508115175
track_a,ARM2_GRIP16-H2,rotation,d1_median,libero_goal:task2,-5.8794298425917895e-05
track_a,ARM2_GRIP16-H2,rotation,d1_median,libero_goal:task3,-0.0001203015206892807
track_a,ARM2_GRIP16-H2,rotation,d1_median,libero_goal:task4,4.529678345751938e-05
track_a,ARM2_GRIP16-H2,rotation,d1_median,libero_goal:task5,0.0
track_a,ARM2_GRIP16-H2,rotation,d1_median,libero_goal:task6,3.80009356270468e-05
track_a,ARM2_GRIP16-H2,rotation,d1_median,libero_goal:task7,5.818278515591317e-06
track_a,ARM2_GRIP16-H2,rotation,d1_median,libero_goal:task8,-3.475308848469204e-05
track_a,ARM2_GRIP16-H2,rotation,d1_median,libero_goal:task9,0.00010354393520980403
track_a,ARM2_GRIP16-H2,rotation,d1_median,libero_spatial:task0,0.0001246436474334001
track_a,ARM2_GRIP16-H2,rotation,d1_median,libero_spatial:task1,-7.699994321304793e-05
track_a,ARM2_GRIP16-H2,rotation,d1_median,libero_spatial:task2,1.684753141440231e-05
track_a,ARM2_GRIP16-H2,rotation,d1_median,libero_spatial:task3,2.982187011289425e-06
track_a,ARM2_GRIP16-H2,rotation,d1_median,libero_spatial:task4,-0.0002103453405990303
track_a,ARM2_GRIP16-H2,rotation,d1_median,libero_spatial:task5,-2.533144658993548e-05
track_a,ARM2_GRIP16-H2,rotation,d1_median,libero_spatial:task6,-0.00014206463891882742
track_a,ARM2_GRIP16-H2,rotation,d1_median,libero_spatial:task7,0.00014910973529162321
track_a,ARM2_GRIP16-H2,rotation,d1_median,libero_spatial:task8,-0.0002113744658936856
track_a,ARM2_GRIP16-H2,rotation,d1_median,libero_spatial:task9,2.4551021973479025e-05
track_a,ARM2_GRIP16-H2,rotation,d2_mean,libero_10:task0,0.00029679253374201916
track_a,ARM2_GRIP16-H2,rotation,d2_mean,libero_10:task1,0.00046251464712113567
track_a,ARM2_GRIP16-H2,rotation,d2_mean,libero_10:task2,-1.3090792303313674e-05
track_a,ARM2_GRIP16-H2,rotation,d2_mean,libero_10:task3,-0.0006765731549868185
track_a,ARM2_GRIP16-H2,rotation,d2_mean,libero_10:task4,-0.00040926652071173375
track_a,ARM2_GRIP16-H2,rotation,d2_mean,libero_10:task5,0.0004558349778119413
track_a,ARM2_GRIP16-H2,rotation,d2_mean,libero_10:task6,-0.001228156666895152
track_a,ARM2_GRIP16-H2,rotation,d2_mean,libero_10:task7,0.00013170473006891446
track_a,ARM2_GRIP16-H2,rotation,d2_mean,libero_10:task8,-0.00012405126991698307
track_a,ARM2_GRIP16-H2,rotation,d2_mean,libero_10:task9,0.0001822611556231095
track_a,ARM2_GRIP16-H2,rotation,d2_mean,libero_goal:task0,0.0
track_a,ARM2_GRIP16-H2,rotation,d2_mean,libero_goal:task1,-0.0001379652976183006
track_a,ARM2_GRIP16-H2,rotation,d2_mean,libero_goal:task2,-3.9210006683103546e-05
track_a,ARM2_GRIP16-H2,rotation,d2_mean,libero_goal:task3,-0.00022724880222588627
track_a,ARM2_GRIP16-H2,rotation,d2_mean,libero_goal:task4,0.00015204919097244594
track_a,ARM2_GRIP16-H2,rotation,d2_mean,libero_goal:task5,0.0
track_a,ARM2_GRIP16-H2,rotation,d2_mean,libero_goal:task6,0.0001305213783691474
track_a,ARM2_GRIP16-H2,rotation,d2_mean,libero_goal:task7,0.0002568356527510696
track_a,ARM2_GRIP16-H2,rotation,d2_mean,libero_goal:task8,6.172481526166897e-05
track_a,ARM2_GRIP16-H2,rotation,d2_mean,libero_goal:task9,-0.0008197449329338061
track_a,ARM2_GRIP16-H2,rotation,d2_mean,libero_spatial:task0,4.774954033970099e-05
track_a,ARM2_GRIP16-H2,rotation,d2_mean,libero_spatial:task1,-0.00024201140788676387
track_a,ARM2_GRIP16-H2,rotation,d2_mean,libero_spatial:task2,-0.0002729887187555843
track_a,ARM2_GRIP16-H2,rotation,d2_mean,libero_spatial:task3,0.00018297329077304742
track_a,ARM2_GRIP16-H2,rotation,d2_mean,libero_spatial:task4,-2.8051220768177295e-05
track_a,ARM2_GRIP16-H2,rotation,d2_mean,libero_spatial:task5,4.7845862459451025e-05
track_a,ARM2_GRIP16-H2,rotation,d2_mean,libero_spatial:task6,-0.0003676945913023109
track_a,ARM2_GRIP16-H2,rotation,d2_mean,libero_spatial:task7,0.0002735801772864443
track_a,ARM2_GRIP16-H2,rotation,d2_mean,libero_spatial:task8,-0.0011347153089451523
track_a,ARM2_GRIP16-H2,rotation,d2_mean,libero_spatial:task9,0.0002727200171834307
track_a,ARM2_GRIP16-H2,rotation,d2_median,libero_10:task0,0.0002740637822940875
track_a,ARM2_GRIP16-H2,rotation,d2_median,libero_10:task1,-0.0008353791556308471
track_a,ARM2_GRIP16-H2,rotation,d2_median,libero_10:task2,-0.0001138183597427397
track_a,ARM2_GRIP16-H2,rotation,d2_median,libero_10:task3,-0.0002094734991206864
track_a,ARM2_GRIP16-H2,rotation,d2_median,libero_10:task4,-0.0008692708324477985
track_a,ARM2_GRIP16-H2,rotation,d2_median,libero_10:task5,0.000501180058712727
track_a,ARM2_GRIP16-H2,rotation,d2_median,libero_10:task6,-0.0015051165759096105
track_a,ARM2_GRIP16-H2,rotation,d2_median,libero_10:task7,-7.744164348856284e-05
track_a,ARM2_GRIP16-H2,rotation,d2_median,libero_10:task8,-0.0004017509845432759
track_a,ARM2_GRIP16-H2,rotation,d2_median,libero_10:task9,-0.00033248307913080977
track_a,ARM2_GRIP16-H2,rotation,d2_median,libero_goal:task0,0.0
track_a,ARM2_GRIP16-H2,rotation,d2_median,libero_goal:task1,-0.0004204366656893427
track_a,ARM2_GRIP16-H2,rotation,d2_median,libero_goal:task2,2.176410545568205e-05
track_a,ARM2_GRIP16-H2,rotation,d2_median,libero_goal:task3,-0.0003195491619362108
track_a,ARM2_GRIP16-H2,rotation,d2_median,libero_goal:task4,8.688776250369432e-05
track_a,ARM2_GRIP16-H2,rotation,d2_median,libero_goal:task5,0.0
track_a,ARM2_GRIP16-H2,rotation,d2_median,libero_goal:task6,1.2874490131096114e-05
track_a,ARM2_GRIP16-H2,rotation,d2_median,libero_goal:task7,2.444678653848858e-05
track_a,ARM2_GRIP16-H2,rotation,d2_median,libero_goal:task8,5.352389762018443e-05
track_a,ARM2_GRIP16-H2,rotation,d2_median,libero_goal:task9,-0.0008620288889507365
track_a,ARM2_GRIP16-H2,rotation,d2_median,libero_spatial:task0,4.378636152238049e-05
track_a,ARM2_GRIP16-H2,rotation,d2_median,libero_spatial:task1,-0.00013482695907909476
track_a,ARM2_GRIP16-H2,rotation,d2_median,libero_spatial:task2,-0.00024741029246942156
track_a,ARM2_GRIP16-H2,rotation,d2_median,libero_spatial:task3,-8.467710589448336e-05
track_a,ARM2_GRIP16-H2,rotation,d2_median,libero_spatial:task4,-0.00035769368712677157
track_a,ARM2_GRIP16-H2,rotation,d2_median,libero_spatial:task5,-8.927552413976123e-05
track_a,ARM2_GRIP16-H2,rotation,d2_median,libero_spatial:task6,-0.0006732353996907173
track_a,ARM2_GRIP16-H2,rotation,d2_median,libero_spatial:task7,8.532765077691312e-05
track_a,ARM2_GRIP16-H2,rotation,d2_median,libero_spatial:task8,-0.00121586801848701
track_a,ARM2_GRIP16-H2,rotation,d2_median,libero_spatial:task9,6.303109036924301e-05
track_a,ARM2_GRIP16-H2,gripper,d1_mean,libero_10:task0,0.02438746336222578
track_a,ARM2_GRIP16-H2,gripper,d1_mean,libero_10:task1,0.0639044950209939
track_a,ARM2_GRIP16-H2,gripper,d1_mean,libero_10:task2,0.001781554718405822
track_a,ARM2_GRIP16-H2,gripper,d1_mean,libero_10:task3,-0.029346425103773315
track_a,ARM2_GRIP16-H2,gripper,d1_mean,libero_10:task4,-0.027219033177927857
track_a,ARM2_GRIP16-H2,gripper,d1_mean,libero_10:task5,0.0016958451789118646
track_a,ARM2_GRIP16-H2,gripper,d1_mean,libero_10:task6,0.020082357917883053
track_a,ARM2_GRIP16-H2,gripper,d1_mean,libero_10:task7,0.04133260877722487
track_a,ARM2_GRIP16-H2,gripper,d1_mean,libero_10:task8,0.01901899437368031
track_a,ARM2_GRIP16-H2,gripper,d1_mean,libero_10:task9,0.0037488688588243227
track_a,ARM2_GRIP16-H2,gripper,d1_mean,libero_goal:task0,0.0008881024377522288
track_a,ARM2_GRIP16-H2,gripper,d1_mean,libero_goal:task1,-0.00024041729171925635
track_a,ARM2_GRIP16-H2,gripper,d1_mean,libero_goal:task2,0.0012786450846727214
track_a,ARM2_GRIP16-H2,gripper,d1_mean,libero_goal:task3,-0.019728997683895473
track_a,ARM2_GRIP16-H2,gripper,d1_mean,libero_goal:task4,0.0007587192499540254
track_a,ARM2_GRIP16-H2,gripper,d1_mean,libero_goal:task5,-0.00040048329738171656
track_a,ARM2_GRIP16-H2,gripper,d1_mean,libero_goal:task6,-0.027241511628510986
track_a,ARM2_GRIP16-H2,gripper,d1_mean,libero_goal:task7,-0.0026839283945531444
track_a,ARM2_GRIP16-H2,gripper,d1_mean,libero_goal:task8,-4.955951055879565e-05
track_a,ARM2_GRIP16-H2,gripper,d1_mean,libero_goal:task9,-0.021849782435014654
track_a,ARM2_GRIP16-H2,gripper,d1_mean,libero_spatial:task0,0.00195398742847695
track_a,ARM2_GRIP16-H2,gripper,d1_mean,libero_spatial:task1,-0.025123564526194107
track_a,ARM2_GRIP16-H2,gripper,d1_mean,libero_spatial:task2,-0.005091922352275846
track_a,ARM2_GRIP16-H2,gripper,d1_mean,libero_spatial:task3,-0.02488952872324487
track_a,ARM2_GRIP16-H2,gripper,d1_mean,libero_spatial:task4,0.004444645116980674
track_a,ARM2_GRIP16-H2,gripper,d1_mean,libero_spatial:task5,-0.010169000479541956
track_a,ARM2_GRIP16-H2,gripper,d1_mean,libero_spatial:task6,1.5525712912324113e-05
track_a,ARM2_GRIP16-H2,gripper,d1_mean,libero_spatial:task7,-0.0034337788621184463
track_a,ARM2_GRIP16-H2,gripper,d1_mean,libero_spatial:task8,-0.0011017841798964298
track_a,ARM2_GRIP16-H2,gripper,d1_mean,libero_spatial:task9,-0.0005893453531812097
track_a,ARM2_GRIP16-H2,gripper,d1_median,libero_10:task0,-0.0027394493420918784
track_a,ARM2_GRIP16-H2,gripper,d1_median,libero_10:task1,6.422201792399089e-05
track_a,ARM2_GRIP16-H2,gripper,d1_median,libero_10:task2,-0.002403843402862549
track_a,ARM2_GRIP16-H2,gripper,d1_median,libero_10:task3,-0.0012574871381123862
track_a,ARM2_GRIP16-H2,gripper,d1_median,libero_10:task4,-0.0018779198328653971
track_a,ARM2_GRIP16-H2,gripper,d1_median,libero_10:task5,-0.00020145376523335776
track_a,ARM2_GRIP16-H2,gripper,d1_median,libero_10:task6,-0.015014390150705973
track_a,ARM2_GRIP16-H2,gripper,d1_median,libero_10:task7,-0.00231015682220459
track_a,ARM2_GRIP16-H2,gripper,d1_median,libero_10:task8,-0.005311147371927897
track_a,ARM2_GRIP16-H2,gripper,d1_median,libero_10:task9,-0.004880722363789876
track_a,ARM2_GRIP16-H2,gripper,d1_median,libero_goal:task0,-0.00015987555185953777
track_a,ARM2_GRIP16-H2,gripper,d1_median,libero_goal:task1,-0.005644720792770386
track_a,ARM2_GRIP16-H2,gripper,d1_median,libero_goal:task2,-0.0025753339131673178
track_a,ARM2_GRIP16-H2,gripper,d1_median,libero_goal:task3,-0.0022708773612976074
track_a,ARM2_GRIP16-H2,gripper,d1_median,libero_goal:task4,0.0005548357963562012
track_a,ARM2_GRIP16-H2,gripper,d1_median,libero_goal:task5,-0.000427548090616862
track_a,ARM2_GRIP16-H2,gripper,d1_median,libero_goal:task6,-0.0019507209459940593
track_a,ARM2_GRIP16-H2,gripper,d1_median,libero_goal:task7,-0.001707834005355835
track_a,ARM2_GRIP16-H2,gripper,d1_median,libero_goal:task8,0.00025707483291625977
track_a,ARM2_GRIP16-H2,gripper,d1_median,libero_goal:task9,-0.0013696710268656413
track_a,ARM2_GRIP16-H2,gripper,d1_median,libero_spatial:task0,0.000258946418762207
track_a,ARM2_GRIP16-H2,gripper,d1_median,libero_spatial:task1,-0.0021018922328948975
track_a,ARM2_GRIP16-H2,gripper,d1_median,libero_spatial:task2,-0.003419303894042969
track_a,ARM2_GRIP16-H2,gripper,d1_median,libero_spatial:task3,-0.03204779028892517
track_a,ARM2_GRIP16-H2,gripper,d1_median,libero_spatial:task4,-0.003089219331741333
track_a,ARM2_GRIP16-H2,gripper,d1_median,libero_spatial:task5,-0.005697000026702881
track_a,ARM2_GRIP16-H2,gripper,d1_median,libero_spatial:task6,-0.004009346167246501
track_a,ARM2_GRIP16-H2,gripper,d1_median,libero_spatial:task7,-0.0012520352999369304
track_a,ARM2_GRIP16-H2,gripper,d1_median,libero_spatial:task8,-0.003013819456100464
track_a,ARM2_GRIP16-H2,gripper,d1_median,libero_spatial:task9,-0.0003450910250345866
track_a,ARM2_GRIP16-H2,gripper,d2_mean,libero_10:task0,0.015084125490051913
track_a,ARM2_GRIP16-H2,gripper,d2_mean,libero_10:task1,0.074886307552952
track_a,ARM2_GRIP16-H2,gripper,d2_mean,libero_10:task2,-0.005398296823970244
track_a,ARM2_GRIP16-H2,gripper,d2_mean,libero_10:task3,-0.060965139842634304
track_a,ARM2_GRIP16-H2,gripper,d2_mean,libero_10:task4,-0.06655081382919585
track_a,ARM2_GRIP16-H2,gripper,d2_mean,libero_10:task5,0.0005506677244355808
track_a,ARM2_GRIP16-H2,gripper,d2_mean,libero_10:task6,-0.004510056354511114
track_a,ARM2_GRIP16-H2,gripper,d2_mean,libero_10:task7,0.026671355413756568
track_a,ARM2_GRIP16-H2,gripper,d2_mean,libero_10:task8,0.01598147629895649
track_a,ARM2_GRIP16-H2,gripper,d2_mean,libero_10:task9,-0.012604763874170026
track_a,ARM2_GRIP16-H2,gripper,d2_mean,libero_goal:task0,-0.0003275695293495405
track_a,ARM2_GRIP16-H2,gripper,d2_mean,libero_goal:task1,-0.008339062513280876
track_a,ARM2_GRIP16-H2,gripper,d2_mean,libero_goal:task2,0.0011944073228946982
track_a,ARM2_GRIP16-H2,gripper,d2_mean,libero_goal:task3,-0.044428994994935724
track_a,ARM2_GRIP16-H2,gripper,d2_mean,libero_goal:task4,0.006106169697010779
track_a,ARM2_GRIP16-H2,gripper,d2_mean,libero_goal:task5,-0.0015725371454299133
track_a,ARM2_GRIP16-H2,gripper,d2_mean,libero_goal:task6,-0.06338189480931841
track_a,ARM2_GRIP16-H2,gripper,d2_mean,libero_goal:task7,-0.007181498695683238
track_a,ARM2_GRIP16-H2,gripper,d2_mean,libero_goal:task8,-0.001938867643873005
track_a,ARM2_GRIP16-H2,gripper,d2_mean,libero_goal:task9,-0.05855674499257922
track_a,ARM2_GRIP16-H2,gripper,d2_mean,libero_spatial:task0,-0.0010532031172343175
track_a,ARM2_GRIP16-H2,gripper,d2_mean,libero_spatial:task1,-0.05633148724566211
track_a,ARM2_GRIP16-H2,gripper,d2_mean,libero_spatial:task2,-0.006834819382885038
track_a,ARM2_GRIP16-H2,gripper,d2_mean,libero_spatial:task3,-0.0537797651151691
track_a,ARM2_GRIP16-H2,gripper,d2_mean,libero_spatial:task4,-0.008624568902151544
track_a,ARM2_GRIP16-H2,gripper,d2_mean,libero_spatial:task5,-0.030009878940123486
track_a,ARM2_GRIP16-H2,gripper,d2_mean,libero_spatial:task6,-0.006048219009775597
track_a,ARM2_GRIP16-H2,gripper,d2_mean,libero_spatial:task7,-0.02055630494159767
track_a,ARM2_GRIP16-H2,gripper,d2_mean,libero_spatial:task8,-0.014561519587399244
track_a,ARM2_GRIP16-H2,gripper,d2_mean,libero_spatial:task9,-0.007869816372813218
track_a,ARM2_GRIP16-H2,gripper,d2_median,libero_10:task0,-0.007515575488408407
track_a,ARM2_GRIP16-H2,gripper,d2_median,libero_10:task1,-0.004258944590886434
track_a,ARM2_GRIP16-H2,gripper,d2_median,libero_10:task2,-0.005740363399187724
track_a,ARM2_GRIP16-H2,gripper,d2_median,libero_10:task3,-0.003167275587717692
track_a,ARM2_GRIP16-H2,gripper,d2_median,libero_10:task4,-0.005632764101028443
track_a,ARM2_GRIP16-H2,gripper,d2_median,libero_10:task5,-0.00220905343691508
track_a,ARM2_GRIP16-H2,gripper,d2_median,libero_10:task6,-0.03625530824065208
track_a,ARM2_GRIP16-H2,gripper,d2_median,libero_10:task7,-0.00602830449740092
track_a,ARM2_GRIP16-H2,gripper,d2_median,libero_10:task8,-0.013114452362060547
track_a,ARM2_GRIP16-H2,gripper,d2_median,libero_10:task9,-0.01250343918800354
track_a,ARM2_GRIP16-H2,gripper,d2_median,libero_goal:task0,-0.001858369509379069
track_a,ARM2_GRIP16-H2,gripper,d2_median,libero_goal:task1,-0.01637406796216965
track_a,ARM2_GRIP16-H2,gripper,d2_median,libero_goal:task2,-0.007292598485946655
track_a,ARM2_GRIP16-H2,gripper,d2_median,libero_goal:task3,-0.006488835811614991
track_a,ARM2_GRIP16-H2,gripper,d2_median,libero_goal:task4,-0.0003112634023030599
track_a,ARM2_GRIP16-H2,gripper,d2_median,libero_goal:task5,-0.0012120525042215982
track_a,ARM2_GRIP16-H2,gripper,d2_median,libero_goal:task6,-0.008138679464658101
track_a,ARM2_GRIP16-H2,gripper,d2_median,libero_goal:task7,-0.003236126899719238
track_a,ARM2_GRIP16-H2,gripper,d2_median,libero_goal:task8,-0.0018031934897104899
track_a,ARM2_GRIP16-H2,gripper,d2_median,libero_goal:task9,-0.0037528534730275473
track_a,ARM2_GRIP16-H2,gripper,d2_median,libero_spatial:task0,-0.002115035057067871
track_a,ARM2_GRIP16-H2,gripper,d2_median,libero_spatial:task1,-0.0052702993154525755
track_a,ARM2_GRIP16-H2,gripper,d2_median,libero_spatial:task2,-0.009943742553393047
track_a,ARM2_GRIP16-H2,gripper,d2_median,libero_spatial:task3,-0.06762762603660424
track_a,ARM2_GRIP16-H2,gripper,d2_median,libero_spatial:task4,-0.014170917123556137
track_a,ARM2_GRIP16-H2,gripper,d2_median,libero_spatial:task5,-0.014915460348129272
track_a,ARM2_GRIP16-H2,gripper,d2_median,libero_spatial:task6,-0.009198729197184246
track_a,ARM2_GRIP16-H2,gripper,d2_median,libero_spatial:task7,-0.00364228884379069
track_a,ARM2_GRIP16-H2,gripper,d2_median,libero_spatial:task8,-0.007861071825027465
track_a,ARM2_GRIP16-H2,gripper,d2_median,libero_spatial:task9,-0.0025716692209243773
track_a,ARM2_GRIP16-H2,gripper,gripper_state_switch_probability,libero_10:task0,0.012741433428219047
track_a,ARM2_GRIP16-H2,gripper,gripper_state_switch_probability,libero_10:task1,0.03118090617287551
track_a,ARM2_GRIP16-H2,gripper,gripper_state_switch_probability,libero_10:task2,0.0014144070515074954
track_a,ARM2_GRIP16-H2,gripper,gripper_state_switch_probability,libero_10:task3,-0.020416072608878885
track_a,ARM2_GRIP16-H2,gripper,gripper_state_switch_probability,libero_10:task4,-0.008463770594874706
track_a,ARM2_GRIP16-H2,gripper,gripper_state_switch_probability,libero_10:task5,0.00043479910741011393
track_a,ARM2_GRIP16-H2,gripper,gripper_state_switch_probability,libero_10:task6,0.015032168598443092
track_a,ARM2_GRIP16-H2,gripper,gripper_state_switch_probability,libero_10:task7,0.019133142643935765
track_a,ARM2_GRIP16-H2,gripper,gripper_state_switch_probability,libero_10:task8,0.015414258188824661
track_a,ARM2_GRIP16-H2,gripper,gripper_state_switch_probability,libero_10:task9,-0.0004466179643713616
track_a,ARM2_GRIP16-H2,gripper,gripper_state_switch_probability,libero_goal:task0,0.0
track_a,ARM2_GRIP16-H2,gripper,gripper_state_switch_probability,libero_goal:task1,0.002117942385235035
track_a,ARM2_GRIP16-H2,gripper,gripper_state_switch_probability,libero_goal:task2,0.0025167143442004175
track_a,ARM2_GRIP16-H2,gripper,gripper_state_switch_probability,libero_goal:task3,-0.022035069184083163
track_a,ARM2_GRIP16-H2,gripper,gripper_state_switch_probability,libero_goal:task4,0.0010929161620817534
track_a,ARM2_GRIP16-H2,gripper,gripper_state_switch_probability,libero_goal:task5,0.0
track_a,ARM2_GRIP16-H2,gripper,gripper_state_switch_probability,libero_goal:task6,-0.01308269488232342
track_a,ARM2_GRIP16-H2,gripper,gripper_state_switch_probability,libero_goal:task7,-2.2679277427894186e-05
track_a,ARM2_GRIP16-H2,gripper,gripper_state_switch_probability,libero_goal:task8,-0.00011547943451311304
track_a,ARM2_GRIP16-H2,gripper,gripper_state_switch_probability,libero_goal:task9,-0.010084503306715065
track_a,ARM2_GRIP16-H2,gripper,gripper_state_switch_probability,libero_spatial:task0,-0.000398935391246932
track_a,ARM2_GRIP16-H2,gripper,gripper_state_switch_probability,libero_spatial:task1,-0.021258591360121364
track_a,ARM2_GRIP16-H2,gripper,gripper_state_switch_probability,libero_spatial:task2,-0.004668789846116883
track_a,ARM2_GRIP16-H2,gripper,gripper_state_switch_probability,libero_spatial:task3,-0.018542228182074825
track_a,ARM2_GRIP16-H2,gripper,gripper_state_switch_probability,libero_spatial:task4,0.005904944621453257
track_a,ARM2_GRIP16-H2,gripper,gripper_state_switch_probability,libero_spatial:task5,-0.009622101790716233
track_a,ARM2_GRIP16-H2,gripper,gripper_state_switch_probability,libero_spatial:task6,0.0018324193082956952
track_a,ARM2_GRIP16-H2,gripper,gripper_state_switch_probability,libero_spatial:task7,-0.003975440774417174
track_a,ARM2_GRIP16-H2,gripper,gripper_state_switch_probability,libero_spatial:task8,0.00075082026105889
track_a,ARM2_GRIP16-H2,gripper,gripper_state_switch_probability,libero_spatial:task9,-0.0013050559731824206
